source,sink
formido,lverson
formido,Terry_Pandee
Terry_Pandee,formido
lverson,formido
CallMeLargeFather,formido
drcash360-2ndaccount,formido
formido,sjdrums03
formido,anonatitagain
formido,DiabolicallyRandom
formido,saltywings
saltywings,formido
ilovebob,formido
ddml,formido
hMJem,formido
formido,dont_yell_at_me
ethylman,formido
dont_yell_at_me,formido
JubeltheBear,formido
TheBeesSteeze,formido
forever_pdx,formido
formido,UnnamedSecondPerson
Bykimus,formido
Seahawks-25,formido
formido,QuasiContract
formido,Rabble_Arouser1
formido,Rabble_Arouser1
formido,King_Rajesh
King_Rajesh,formido
Rabble_Arouser1,formido
Rabble_Arouser1,formido
formido,LegionofDoh
LegionofDoh,formido
Sea_Finest,formido
formido,Saveyoself
formido,BigFishMcNish
tswizzel,formido
UNMANAGEABLE,formido
formido,bennedictus
bennedictus,formido
kenabashi,formido
mega_shit,formido
hMJem,formido
formido,Galdrath
orange93,formido
Galdrath,formido
formido,LongHairedUnnamed
formido,TheVolcanoKid
TheVolcanoKid,formido
folderol,formido
formido,Metfan722
formido,xPerplex
formido,DJTAJY
formido,fudnip
formido,larrybirdsboy
larrybirdsboy,formido
AOBCD-8663,formido
urdu_grundle,formido
fudnip,formido
formido,scarecrowbar
scarecrowbar,formido
saigonhoor,formido
