source,sink
LogicHammer,formido
noahboah,formido
Jaster-Mereel,formido
Esgobarr,formido
themagpieswarble,formido
gaussx,formido
TheVolcanoKid,formido
GoofyMcCoy,formido
formido,ooter37
Chiptox,formido
LogicHammer,formido
Ultenth,formido
formido,LogicHammer
formido,LogicHammer
DarthGrumpy,formido
formido,mahnkey
hendrix67,formido
formido,ShammyWoWLoL
formido,thimblyjoe
Nerd_from_gym_class,formido
tailoredswiffed,formido
formido,LtDanUSAFX3
optimum234,formido
M3rc_Nate,formido
ReggieWhiteCheddar,formido
JubeltheBear,formido
Imindless,formido
formido,holierthanmao
formido,Dgallant181
unptitdej,formido
formido,S1GMA
formido,isprime
S1GMA,formido
elzeardclym,formido
tzenglishmuffin,formido
formido,dontdonk
dontdonk,formido
Semper_OFP,formido
formido,keatonisballin
madmilton49,formido
formido,TheGangstaTheKilla
formido,M3rc_Nate
formido,M3rc_Nate
formido,eg14000
formido,borntoperform
anadultnowiguess,formido
formido,conor741
PocketRocketLockett,formido
formido,johnmflores
formido,cyclostationary
mikaelfivel,formido
SeverianBlue,formido
swim_swim_swim,formido
formido,Sartuk
Sartuk,formido
formido,Presetto
FKA_Mousecop,formido
formido,fabes_
fabes_,formido
