source,sink
HoosierProud,formido
formido,krazyoak
formido,Preacherjonson
formido,CurryTheTofuPig
xmu806,formido
Preacherjonson,formido
EmergeAndSee,formido
sportsfan14137,formido
formido,sonofalando
formido,ChodeWeenis
formido,aspbergerinparadise
Pyldriver,formido
Chox12,formido
formido,Communist_Seagull
formido,MountTuchanka
formido,the_sports_writer
formido,DaRealJZ
chrisbeaver71,formido
formido,LegionofDoh
kalagula,formido
formido,Squatch11
LegionofDoh,formido
FFDuchess,formido
Cherryroll,formido
formido,creativezen
formido,Poonslayerjunior
formido,suchcoldsuchcomfort
formido,CorbinGDawg69
formido,Balloonephant
formido,formido
Balloonephant,formido
geenyus,formido
WengerOut6699,formido
hucklesberry,formido
1e7643-8rh34,formido
formido,DD-refill
formido,rewardsthroway
DD-refill,formido
Weenoman123,formido
formido,Deryck97
ersenseless1707,formido
brewbrain,formido
formido,NyLou10
formido,Animeop
formido,Animeop
formido,formido
Heiz3n,formido
formido,TheDarkGrayKnight
formido,TheDarkGrayKnight
Animeop,formido
TheDarkGrayKnight,formido
evil_disco_man,formido
TheAmazingAsshole2,formido
Spooky_brown_man,formido
formido,Gomar1323
formido,y3llow_
Lt_Skitz,formido
Clzark,formido
formido,blastcat4
PinguRambo,formido
formido,Shatteredhawk
Shatteredhawk,formido
formido,WallaWallaHawkFan
formido,MountTuchanka
formido,shartedcaramel
formido,Agnt_Michael_Scarn
MountTuchanka,formido
Agnt_Michael_Scarn,formido
formido,812many
formido,GoUBears
KhornKT,formido
CaseyAnthony-Towns,formido
formido,getgotten
runtheroad,formido
takatakatakatak,formido
twattymcgee,formido
Fire_Gar_pax,formido
rappereater,formido
formido,pizzafan32
pizzafan32,formido
formido,JakeRedditYesterday
Ender1982,formido
formido,MaelstromEE
MaelstromEE,formido
Johnsquatch,formido
ZedekiahCromwell,formido
EWVGL,formido
formido,formido
formido,RUSSELL_SHERMAN
my_lucid_nightmare,formido
formido,BDSF94
formido,Keemoscopter
Keemoscopter,formido
Keemoscopter,formido
formido,91hawksfan
JakeRedditYesterday,formido
formido,kalagula
papaotter,formido
formido,BDSF94
formido,Bipolarbear22
tuckedfexas,formido
Bipolarbear22,formido
dusktreader,formido
formido,RaptorsCdwoods
formido,Give_Me_A_Doink
Jewsafrewski,formido
temigu,formido
formido,TheGeeMan360
TheGeeMan360,formido
formido,zulu211
formido,ViktorVonn
RealSchwack,formido
formido,ThaMac
Gary_18,formido
StaticSins,formido
formido,TheColin09
TheColin09,formido
formido,venustrapsflies
formido,hawks1226
formido,CaptnIgnit
venustrapsflies,formido
dontworryimstupid,formido
ZedekiahCromwell,formido
peter9087,formido
zulu211,formido
formido,TheDuke13
formido,Tre2
formido,thedarknesshasarms
formido,ParaglidingAssFungus
formido,Gary_18
formido,VeggiePaninis
ChodeWeenis,formido
hawks1226,formido
thedarknesshasarms,formido
Tre2,formido
formido,SexiestPanda
formido,formido
BenFerris1234,formido
formido,NigerianPrince76
NigerianPrince76,formido
SexiestPanda,formido
redheadedalex,formido
BE3M3R,formido
formido,dannibis
formido,fuckfacejackson
formido,formido
FireBevell,formido
gw2fu,formido
BN83,formido
formido,hMJem
formido,formido
formido,elguerodiablo
formido,Praise3li
jgneezy,formido
Tyler1986,formido
hMJem,formido
hanknows,formido
Gold3n1,formido
PortTownsendsFinest,formido
formido,GreatEnd
formido,YouArentMe
manisier,formido
Benjammin341,formido
SlyHoooper,formido
dossier762,formido
kattmedtass,formido
zachkerr,formido
SleestakCommando,formido
MasterOfRajanomics,formido
KHDTX13,formido
awwc,formido
Turence,formido
Turence,formido
cmcafee89,formido
canyoudrive55,formido
formido,Jiminyfingers
formido,mferslostmymoney
formido,spoonraker
formido,Steven_Seboom-boom
mferslostmymoney,formido
oscarony,formido
formido,Drazen44
Jiminyfingers,formido
formido,Tofinochris
formido,formido
Rock_Strongo,formido
flufferd,formido
YakiVegas,formido
yrulaughing,formido
formido,bernardodebiase
Steven_Seboom-boom,formido
formido,PeepsBlowUp
formido,IshiiDriver
formido,Natas_Enasni
mysoju1,formido
IshiiDriver,formido
formido,Freakin_Jedi
NigerianPrince76,formido
Pamzella,formido
MallFoodSucks,formido
formido,contradicts_herself
Djbrr,formido
formido,remy_porter
Nicd,formido
yummychocolatebunny,formido
formido,MagicJasoni
MagicJasoni,formido
e456123789,formido
Ethix29597,formido
MarcusBondi,formido
contradicts_herself,formido
jaykresge,formido
formido,XcessivFour
XcessivFour,formido
formido,MagicJasoni
MagicJasoni,formido
formido,HBO_Zo
formido,gordo65
KingEjaculator,formido
formido,formido
mace2055,formido
nuuvem_token,formido
YudaDikfa,formido
formido,Ryethe
formido,YudaDikfa
formido,formido
MagicJasoni,formido
formido,BrohemianRhapsody
formido,Syrinx221
formido,formido
formido,aiydee
formido,Freelove_Freeway
jimbo831,formido
aggieinoz,formido
formido,Gettothepointalrdy
Gettothepointalrdy,formido
tomyule,formido
Vballa101,formido
formido,go_hard_today
formido,zephah
zephah,formido
formido,SupremeBlackGuy
formido,AccelerationGate
formido,MyLadySansa
formido,benkg
SupremeBlackGuy,formido
HonoluluLion,formido
formido,alk3ckwd
formido,clancydog4
alk3ckwd,formido
cartesiansmoove,formido
formido,Fugga6969
formido,dont_yell_at_me
dont_yell_at_me,formido
formido,kowsosoft
kowsosoft,formido
formido,oryxmath
formido,formido
moving2,formido
formido,jabl16
TheHateCamel,formido
QuirkySpiceBush,formido
formido,Syenite
--Jester--,formido
formido,91hawksfan
formido,King_Rajesh
formido,WallaWallaHawkFan
91hawksfan,formido
-Skinwalker-,formido
FootofGod,formido
yetiusmaximus,formido
Rollos,formido
formido,joeshmoebies
Reddit_beard,formido
sabetts,formido
mercwitha40ounce,formido
formido,A_Logic_bomb
formido,NSAsnowdenhunter
PostItToReddit,formido
OneM0reLevel,formido
modernmann,formido
formido,JPGSeahawk
formido,miahawk
Fleshjunky,formido
Nermin7731,formido
snarkyredditlols,formido
formido,Pickleteets
formido,Clemsontigger16
Clemsontigger16,formido
formido,formido
bazzaretta,formido
CanucksFTW,formido
formido,Nintendog24
formido,GalacticArachnids
formido,bangkokhawk
GalacticArachnids,formido
Nintendog24,formido
formido,Limjucas328
NorthWestKid,formido
Limjucas328,formido
formido,Sangriafrog
eatbroccoli,formido
formido,orange_cuse
formido,elimanninglightspeed
DementedWatchmaker,formido
oldbean,formido
gianni_cerqueti,formido
formido,ZmeiOtPirin
fybertas,formido
formido,zoxpg
formido,zoxpg
el-chapoJR,formido
poo_fingrr,formido
formido,Ironicalogical
formido,BasedPython
Bronn_Bronn,formido
Heeeroh,formido
FuttBucker99,formido
Nora_Oie,formido
formido,ShermanIsland
formido,Tyrex317
formido,GonzoStrangelove
zoxpg,formido
formido,T3chno_
APsWhoopinRoom,formido
formido,OLineFalseStart
OLineFalseStart,formido
twd22285,formido
formido,Astwilightasmyguide
formido,cjpack
cjpack,formido
formido,DeltaNthCactus
formido,nazara151
formido,28-3inThe3rdQuarter
formido,formido
formido,Whatever_who_Cares
Whatever_who_Cares,formido
formido,FreeGums
formido,Yoinkie2013
formido,formido
formido,formido
formido,D-bux
formido,KanyesRealFriend
formido,UnoDay
Yoinkie2013,formido
MallFoodSucks,formido
dintclempsey,formido
INeedaPartimeJob,formido
lexman17,formido
formido,zkDredrick
formido,VeiledMalice
formido,ParaglidingAssFungus
formido,seejur
formido,eloel-
formido,TheNastyDoctor
formido,Hell_Kite
formido,NigerianPrince76
formido,einulfr
formido,silly_walks_
aiiye,formido
johnnyslick,formido
TripStep17,formido
formido,Groothy
formido,_fuccboi
_fuccboi,formido
beazley26,formido
Savage_X,formido
formido,EsotericPotato
Cashman122,formido
formido,glddraco
GetSkeetedOn,formido
JrBlack95,formido
KriosDaNarwal,formido
