source,sink
formido,RequiemAA
formido,rizzles
formido,Jelliso7
RequiemAA,formido
formido,youngjabberwocker
Paleovegan,formido
cloudhydex,formido
formido,thelatesttrick
formido,Lawschoolfool
formido,mrjones1975
formido,mapletree23
mrjones1975,formido
formido,TNRAOIH
formido,LaPenta5594
formido,formido
Melkor_The_Morgoth,formido
hellawastingtime,formido
RogueMikasa,formido
puffpuffpastor,formido
SaxRohmer,formido
formido,poignant_pickle
formido,KershawTheCloser
poignant_pickle,formido
magecombat54,formido
TheStewardsDaughter,formido
BoilerMaker36,formido
formido,SeattleWontGetNBA
formido,DerWeisserTeufel
flopsweater,formido
formido,Clockworkgrape
Dizzeler,formido
yellowyn,formido
formido,jroades26
Usually_Angry,formido
zippyman,formido
formido,PM_ME_A_PLANE_TICKET
kintops,formido
PM_ME_A_PLANE_TICKET,formido
formido,PunkAssGhettoBird
formido,Good_NewsEveryone
ScruffTheJanitor,formido
Bino19,formido
formido,porkfish66
formido,AggregateFundingRisk
formido,deekan12
formido,DONUTGLAZEITFATTY
GorillaX,formido
formido,drkev10
formido,SeattleOverSF
formido,xdownpourx
formido,likekoolaid
formido,ItsZordon
formido,dackots
SeattleOverSF,formido
dackots,formido
xdownpourx,formido
Begotten912,formido
MooseKnuckle2341,formido
trinquin,formido
formido,conor741
thimblyjoe,formido
conor741,formido
formido,sumwut
Amity83,formido
formido,KashMoney941
okctHunder11,formido
formido,kamiikoneko
formido,aixelsydevaheW
SheDangeRuss,formido
MagnumBear,formido
dreadpirateruss,formido
formido,lyymn
formido,Super_Nerd92
formido,StuffSpurs
StuffSpurs,formido
avergejoe,formido
SandJA1,formido
formido,xxihostile
xxihostile,formido
suchacrisis,formido
Ghearik,formido
formido,eonge
formido,M3rc_Nate
formido,brannock_
GalacticArachnids,formido
SophisticatedPhallus,formido
M3rc_Nate,formido
dusktreader,formido
Erik7575,formido
formido,FeKrdzo
formido,slycoder
heat_forever,formido
slycoder,formido
StayClearOfArea29,formido
formido,oyedamamangan
unknamed,formido
CaptnIgnit,formido
SkyrimDovahkiin,formido
SplattyMcShitShit,formido
hMJem,formido
kanyeguisada,formido
oyedamamangan,formido
TheHayisinTheBarn,formido
formido,Gutts13
formido,West_Coast_Bias_206
formido,formido
Crispy_Meat,formido
formido,subMJM
KnickedUp,formido
formido,dropdatdurkadurk
dropdatdurkadurk,formido
showtimeb,formido
MisterCuprous,formido
teh_noob,formido
thisiseku,formido
Lawschoolfool,formido
sportsfan113,formido
CaptainJackKevorkian,formido
formido,Chimie45
formido,HayleyWTheGOAT
mtnDrew0,formido
Miastudioes,formido
formido,joseenriqueingoal
formido,Notsdlog
norriscolesucks,formido
TheKingOfTCGames,formido
DydoDeChamp,formido
Pollish-N-insert,formido
formido,temigu
mapper185,formido
DanMcGwire,formido
formido,SexWithTedCruz
ShavingJelly,formido
formido,cdbriggs
formido,Canady117
Is_It_A_Tumour,formido
formido,41145and6
41145and6,formido
hiphopdowntheblock,formido
kamakazekiwi,formido
formido,sonickarma
formido,Drazen44
formido,Primetime425
Seahawk_Graphics,formido
formido,Poet_of_Legends
