source,sink
formido,gots2geo
themuaddib,formido
Dranzogger,formido
formido,blazen2392
DocHobbes_,formido
Katbot22,formido
UncleSniffy,formido
formido,Super_Nerd92
formido,JubeltheBear
quicktostart,formido
ShowMeYourBunny,formido
JubeltheBear,formido
fvertk,formido
blazen2392,formido
formido,factbased
10d1,formido
iamsunbird,formido
Goat_Chris_Hansen,formido
formido,xxxJakkxxx
formido,QuitCryingAboutIt
formido,Dk-devilkid
QuitCryingAboutIt,formido
Dk-devilkid,formido
themagpieswarble,formido
pokeaotic,formido
formido,ooter37
formido,EsotericPotato
formido,dont_yell_at_me
FKA_Mousecop,formido
drelling,formido
formido,Snappydogs
formido,MarshawnPynch
formido,Its_Ice_Nine
Its_Ice_Nine,formido
formido,Jayhoffa75
TheNorthwest,formido
get_schwifty,formido
formido,beverlyfreaks
formido,cascadiancymraes
formido,seafoamstratocaster
formido,silverwolfe
seafoamstratocaster,formido
MisterWonka,formido
IranianGenius,formido
cascadiancymraes,formido
_o7,formido
formido,CharlotteWins
kevinbaken,formido
silverwolfe,formido
maxxer999999,formido
formido,guga31bb
formido,Super_Nerd92
Super_Nerd92,formido
chocolate_chip_kelly,formido
guga31bb,formido
tbid18,formido
formido,ooter37
ooter37,formido
RedwoodBark,formido
Puma_PowerCat,formido
rjpalms,formido
formido,developer-mike
erik2690,formido
developer-mike,formido
formido,aldernon
virtu333,formido
M3rc_Nate,formido
hMJem,formido
NerozumimZivot,formido
formido,twelvster
formido,MrJoobJoob
Justreallylovespussy,formido
CanuckPanda,formido
Winnend,formido
Seeders,formido
formido,NerozumimZivot
formido,sjdrums03
sjdrums03,formido
formido,Corn_Pops
formido,oceans88
oceans88,formido
Corn_Pops,formido
N1NJ4_J3D1,formido
formido,SeadderalCheatHawks
SeadderalCheatHawks,formido
ex0du5,formido
formido,GoofyMcCoy
formido,bajesus
supercredible,formido
ak_doug,formido
Jadedways,formido
Seahawksroxmysox,formido
formido,Ovreel
Ovreel,formido
clintonius,formido
formido,ooter37
formido,Jayhoffa75
ooter37,formido
formido,bad_breakin
formido,hungry_hat
hungry_hat,formido
Briaronfire,formido
formido,Tekkzy
Tekkzy,formido
quart_tanks,formido
formido,quart_tanks
phat_,formido
formido,GoofyMcCoy
GoofyMcCoy,formido
Bl4nkface,formido
formido,Chez_Moose
Gilletine,formido
PocketRocketLockett,formido
formido,cnmb
1e7643-8rh34,formido
Chez_Moose,formido
zataks,formido
formido,Bl4nkface
formido,foxpawz
formido,FoxNewsCommentator
formido,Jdog2010
formido,Matt_holmgren
DrunkVelociraptor5,formido
seariously,formido
skeletor19,formido
formido,zzMojaveExpress
Shadezilla,formido
Shhadowcaster,formido
Briaronfire,formido
RadioNowhere,formido
doublearon99,formido
herahad99,formido
formido,Super_Nerd92
DEEZ_NUUUUTS,formido
Terren42,formido
formido,srbb3
formido,illminister
illminister,formido
formido,Super_Nerd92
FormerShitPoster,formido
srbb3,formido
griffsterb,formido
wording95,formido
bothrops,formido
bothrops,formido
Malician,formido
161803398874989,formido
formido,Epistemify
Antranik,formido
AcidicVagina,formido
verik,formido
Captainscar,formido
