source,sink
NYKyle610,formido
formido,seatown71
swiftwings88,formido
TheNastyDoctor,formido
formido,Brendan11
formido,RabidOpossum
formido,jct522
formido,RumInMyHammy
formido,CaMKIIalpha
formido,reflector8
reflector8,formido
RumInMyHammy,formido
formido,RumInMyHammy
RumInMyHammy,formido
formido,Needs_Improvement
CaMKIIalpha,formido
formido,Neverhood123
formido,boldspud
formido,tuck_fard
tuck_fard,formido
formido,lojer
jizle,formido
fermented-fetus,formido
formido,PunkAssGhettoBird
formido,812many
formido,guga31bb
formido,thisMonkisOnFire
guga31bb,formido
formido,Just_Floatin_on_bye
Just_Floatin_on_bye,formido
DelPennSotan,formido
formido,King_Rajesh
formido,M3rc_Nate
Ovreel,formido
fatfrost,formido
formido,TheHamFalls
CharethCutestorie,formido
formido,BlueFalconNation
BlueFalconNation,formido
greasy_luigi,formido
formido,redsoxspace
formido,vita10gy
formido,vita10gy
vita10gy,formido
vita10gy,formido
formido,crookedvision
pahgz,formido
mr1jon2,formido
Jdog2010,formido
formido,collusioncola
collusioncola,formido
formido,jonssonar
guga31bb,formido
FreakyNomics,formido
SolarTsunami,formido
formido,FormerlyFuckSwag435
Autra,formido
MistaBanks,formido
parrishd,formido
shameless57,formido
corduroyblack,formido
TheMagnuson,formido
formido,Heiz3n
formido,DrunkNFunky
TheNastyDoctor,formido
fatfrost,formido
