source,sink
formido,linkedlist
formido,robinthehood
robinthehood,formido
robinthehood,formido
formido,iobuddha
Purpledrank,formido
cyd,formido
vemrion,formido
MrTulip,formido
linkedlist,formido
yairchu,formido
xael,formido
beastrabban,formido
Smight,formido
FTR,formido
formido,Hawkeye05
sanity,formido
formido,sanity
formido,bryan_wheelock
exeter,formido
formido,mexicodoug
formido,spotter
spotter,formido
xanados,formido
formido,whiffybatter
whiffybatter,formido
dsg123456789,formido
formido,lol-dongs
lol-dongs,formido
formido,bdash
bdash,formido
formido,employee3831
logophobia,formido
mackstann,formido
formido,808140
