source,sink
formido,KimonoThief
KimonoThief,formido
formido,garr741
formido,IdontEvenknowlul
IdontEvenknowlul,formido
formido,JediMasterBroda
formido,deemerritt
Duke98,formido
formido,WhyghtChaulk
formido,Tim-Sanchez
lol_What_Is_Effort,formido
Tim-Sanchez,formido
formido,CapgrasX13
CapgrasX13,formido
CapgrasX13,formido
Leland_Stamper,formido
formido,Kenster362
formido,reynro03
formido,elfonzi
reynro03,formido
Last-Socratic,formido
disgustipated,formido
formido,Fionnlagh
formido,albop03
Fionnlagh,formido
formido,drluke21
formido,Lars9
Lars9,formido
shake108,formido
drluke21,formido
formido,Just_Floatin_on_bye
formido,akurei77
Lars9,formido
jebkerbal,formido
Just_Floatin_on_bye,formido
formido,BigFishMcNish
formido,woofers02
J055A,formido
YouGotCalledAFaggot,formido
jebkerbal,formido
BigFishMcNish,formido
formido,TheVolcanoKid
formido,Disco_Drew
formido,rafiee
formido,owenaise
owenaise,formido
formido,Imadwagonwarrr
formido,s_stone634
Imadwagonwarrr,formido
Captmorgan47,formido
Daniel16399,formido
formido,bejahu
sonofalando,formido
strangebrewfellows,formido
sweetlove,formido
formido,uponone
formido,ducthulhu
ducthulhu,formido
YoloYeahDoe,formido
Fight779,formido
Stimikk,formido
formido,BigFishMcNish
bigtcm,formido
kevinoftrents,formido
formido,markxowen
formido,the_great_dactyl
OutOfDodge,formido
the_great_dactyl,formido
HumsWhileHe,formido
devilsadvocado,formido
ClassyCalcium,formido
formido,curien
curien,formido
formido,NW_Rider
Shepherdless,formido
batchslip,formido
rivensky,formido
ratbear,formido
OJ_Mayo,formido
formido,fourth_down_surprise
Rutawitz,formido
sunnysarah84,formido
RalphMacchio,formido
formido,Sh00tL00ps
Big_Dirty_Shit_Hawk,formido
thehbrwhammer,formido
formido,TheOtherMLK
formido,anxdiety
formido,xPoys3
xPoys3,formido
formido,adamd28
kalimashookdeday,formido
CantHearYou,formido
Zanerax,formido
DannyDemotta,formido
formido,socoamaretto
socoamaretto,formido
formido,TreysC2
formido,samhouse09
TreysC2,formido
formido,snumfalzumpa
snumfalzumpa,formido
PWL73316,formido
arestheblue,formido
iDontGiveAFrak,formido
formido,PercyHarvinsHeadache
formido,MonktonToohey
formido,Disco_Drew
formido,owenaise
formido,hivoltage815
formido,hivoltage815
formido,BigFishMcNish
formido,maxevans60
formido,Barncore
YouGotCalledAFaggot,formido
Barncore,formido
formido,misterkiem
formido,mrbitterguy
Rock_Strongo,formido
hMJem,formido
formido,Shortbamboostick
Shortbamboostick,formido
formido,trickymess
dmartism,formido
formido,goldberg1303
TalkBigShit,formido
formido,hMJem
formido,Geologic42
formido,blazeofcorey
iDontGiveAFrak,formido
goldberg1303,formido
aedeos,formido
formido,MowwMoww
formido,Big_Dirty_Shit_Hawk
formido,jrich8866
formido,AlaskanCheese
formido,Ninjasandapples
formido,vant826
vant826,formido
AlaskanCheese,formido
formido,85218523
formido,drays
