source,sink
guga31bb,formido
dubvulture,formido
boltsteve,formido
drumsareneat,formido
formido,BigFishMcNish
BigFishMcNish,formido
AcidicVagina,formido
formido,enrichmentonly
guga31bb,formido
StaticSins,formido
get_schwifty,formido
formido,enryK
LongHairedUnnamed,formido
formido,liquilife
formido,KeyTBoi
liquilife,formido
Akula_matatta,formido
craigo2247,formido
formido,JubeltheBear
formido,SapCPark
formido,connerc37
mr1jon2,formido
folieadeux6,formido
raventhon,formido
jesfeld22,formido
ttm1,formido
formido,albinobluesheep
formido,seahawks
seahawks,formido
TheDirtMerchant,formido
formido,KnuteViking
formido,ilikehockey2
formido,vim_all_day
formido,TheDirtMerchant
formido,parrishd
formido,SirFiendish
ProbablyMyLastLogin,formido
BigFishMcNish,formido
Deets327,formido
SirFiendish,formido
AcidicVagina,formido
formido,Cashman12
formido,iDontGiveAFrak
formido,Crackertron
formido,TheVolcanoKid
formido,Tofinochris
formido,Tofinochris
formido,RedDeckWins
formido,mr_feenys_car
formido,johnwaters29
robopollo,formido
formido,Arel_Mor
formido,SamwiseTheGSP
qlube,formido
formido,nospamkhanman
formido,DarthGrumpy
formido,goldberg1303
formido,Deeger
goldberg1303,formido
formido,Zenrot
patrickdabs,formido
DarthGrumpy,formido
vikinick,formido
theluckyshrimp,formido
OldKinderhook426,formido
enrichmentonly,formido
formido,jaydeekay
formido,jaydeekay
BigBlackRooster,formido
Tawnik,formido
the_is_this,formido
formido,scootzgootz
formido,MuaddibMcFly
MuaddibMcFly,formido
scootzgootz,formido
formido,pumpyourstillskin
formido,snumfalzumpa
callousedfingers,formido
formido,TheFootballGuy
PeteFord,formido
formido,ThePaddingtonBear
AB444,formido
hairy_chili_ring,formido
mattabs,formido
hMJem,formido
Picklemansea,formido
formido,deviantpdx
deviantpdx,formido
formido,deviantpdx
Scrubsisalright,formido
Von_Skyhawk,formido
