source,sink
formido,itsnotlupus
itsnotlupus,formido
formido,the_big_wedding
formido,rafuzo2
formido,jugalator
formido,samlee
musicisum,formido
formido,iTroll
formido,theaceoffire
formido,fibbery
formido,metal_falsetto
mexicodoug,formido
ngroot,formido
formido,generic_handle
formido,Doctor
generic_handle,formido
Doctor,formido
formido,glengyron
formido,LaurieCheers
formido,burtonmkz
formido,jib
noamsml,formido
formido,mothereffingteresa
formido,redditcensoredme
redditcensoredme,formido
AMerrickanGirl,formido
JPOnion,formido
Niten,formido
shinratdr,formido
thatguydr,formido
malcontent,formido
lastobelus,formido
formido,cyancynic
cyancynic,formido
formido,awj
koin,formido
MonoApe,formido
formido,DLWormwood
DLWormwood,formido
