source,sink
formido,actusual
AKAD11,formido
formido,CHWK
hiphopscallion,formido
formido,TylerPopAndLockett
yahders,formido
TylerPopAndLockett,formido
formido,ooter37
ooter37,formido
djtopcat,formido
formido,TruffleWilson
fleetfarx,formido
formido,deathday
hatewrecked2,formido
GalacticArachnids,formido
formido,DoomGoober
1e7643-8rh34,formido
formido,SardinesGivePower
formido,KristoffersonFox
KristoffersonFox,formido
Ya_Best_Mate_Jim,formido
formido,goodolarchie
formido,Suradner
PressAltJ,formido
unptitdej,formido
silverrain64,formido
formido,Captain_Nachos
formido,TheNodeWest
TheNodeWest,formido
smell_my_thoughts,formido
formido,pumpyourstillskin
Erik_Highwind,formido
formido,nohipstersallowed
Alaska47,formido
Shitty_Thesis,formido
happymongorian,formido
Seahawksroxmysox,formido
Captainredzer,formido
drink_with_my_feet,formido
clydebino,formido
formido,CaptnIgnit
CaptnIgnit,formido
meenzu,formido
formido,red1392
red1392,formido
formido,dukiduke
formido,all_teh_sandwiches
formido,jt004c
dewey1973,formido
jt004c,formido
CaptainTheGabe,formido
formido,TheKeyNextDoor
Kbro04,formido
fatalecs,formido
formido,s_stone634
Jenckydoodle,formido
einulfr,formido
formido,ParkBaller27
ParkBaller27,formido
formido,Fedexed
Fedexed,formido
formido,postmodernpenguin
Blacksheepoftheworld,formido
guppyfighter,formido
futuredinosaur,formido
formido,TheBlueHue
formido,orange93
formido,ybnoa
ybnoa,formido
formido,Macgyveric
mollypoppinz,formido
seanjohn12117,formido
RaginReaganomics,formido
EpicRaptor,formido
harleq01,formido
formido,QuasiContract
formido,seafoamstratocaster
SnowDog2112,formido
formido,Mantis-TobogganPHD
wikiman2001,formido
Morten14,formido
formido,Kroptonik
formido,TeddyBridgewater
RabbiSchlem,formido
formido,TheVolcanoKid
markmittens,formido
formido,johnnyslick
johnnyslick,formido
formido,sktyrhrtout
sktyrhrtout,formido
anonymouseponymously,formido
formido,gonzo206
formido,synchronicityii
gonzo206,formido
_kayodot,formido
jetlifevic,formido
formido,Itsatrapski
formido,m33kmiller
formido,bendvis
formido,Getsmkedouthere
Uandir,formido
bendvis,formido
