source,sink
formido,raundor
formido,cronidollars
formido,TheLateThagSimmons
formido,El_PEZ
JacobSmileyface,formido
JacobSmileyface,formido
raundor,formido
pklempt,formido
mrbitterguy,formido
znk916,formido
spotted_wizard,formido
formido,Larrythekitty
desecration_smile,formido
formido,adremeaux
formido,vafrakaka
formido,ConorOneN
formido,D4rthkitty
formido,srasmus4
formido,itstill_z
Dranzogger,formido
D4rthkitty,formido
puttputtmatt,formido
2182much,formido
formido,LogisticsNightmare
formido,TitanBlueprint
TitanBlueprint,formido
slavetothecause,formido
formido,UShootAtDKngUBstNtMs
formido,therealjgreens
formido,nonetimeaccount
UShootAtDKngUBstNtMs,formido
Arribba,formido
therealjgreens,formido
formido,wolf_man007
formido,Killuminaughty
formido,Hyperdrunk
formido,Shepherdless
Hyperdrunk,formido
formido,comradenu
Minealternateaccount,formido
formido,Aleph_Alpha_001
Aleph_Alpha_001,formido
hMJem,formido
IamFinis,formido
formido,Immynimmy
formido,JubeltheBear
jasopen,formido
kowsosoft,formido
agods,formido
absolutsyd,formido
zacka77ack,formido
Codeshark,formido
formido,aristocrat_user
formido,hMJem
formido,sportsfan786
formido,Lord_of_Bored212
sportsfan786,formido
formido,Jmrwacko
formido,itsahmemario
formido,TheIceMachine
formido,materhern
Nikolai25000,formido
formido,td27
formido,MelGibsonDerp
formido,DimTuncan21
formido,IMFletch8210
formido,tibach
formido,Moruitelda
formido,Casedilla
formido,Gamagus
Peskipiksi,formido
NOAHA202,formido
Casedilla,formido
formido,catmoon
formido,catmoon
formido,sportsfan786
sportsfan786,formido
formido,lordmadone
Awesomenitis,formido
kaigani911,formido
onewifeonly,formido
bzerky,formido
BigFishMcNish,formido
Hierospliff,formido
Flipflops365,formido
formido,Jasonberg
IMFletch8210,formido
formido,Texan_Craft
formido,TitanBlueprint
formido,picador10
formido,hyungun
formido,Anal_Explorer
Anal_Explorer,formido
TitanBlueprint,formido
formido,owenaise
owenaise,formido
elfonzi,formido
anseyoh,formido
formido,TucanSamBitch
formido,drawmeasheep
formido,drizzydrank
drawmeasheep,formido
pronstar,formido
HammerSpaceTime,formido
50bmg,formido
DiplomaticDuncan,formido
formido,Darrkman
formido,pakattak
formido,Jack230
formido,DreamCatcher24
pakattak,formido
formido,hazzajames
Darrkman,formido
formido,CCM721
DuttyWine,formido
formido,joeshmoebies
rlivz,formido
TucanSamBitch,formido
formido,uwhuskytskeet
formido,raouldukehst
djKaktus,formido
formido,Dandalph
formido,skepticismissurvival
xtr3m,formido
Dandalph,formido
Finding_Information,formido
elfonzi,formido
appmanga,formido
formido,SharpyShuffle
kowsosoft,formido
SharpyShuffle,formido
TucanSamBitch,formido
thekeanu,formido
formido,quadropheniac
formido,electrichearts
NotLocke,formido
formido,Vinzembob
Vinzembob,formido
formido,hMJem
die_kreuzen,formido
formido,Tankrgod
ParisPC07,formido
formido,spooky981
formido,piggy_mount
formido,formido
formido,shillingINtheNAMEof
formido,DanceKevinDance5
formido,Gurchimo
formido,MagicalJohnson
formido,Raziel88
strangebrewfellows,formido
ndguy333,formido
Raziel88,formido
formido,MOBAKi
formido,Jsnoopy93
Jsnoopy93,formido
formido,rlivz
formido,rlivz
TucanSamBitch,formido
formido,RussellManiac
formido,owenaise
formido,Tankrgod
King_Rajesh,formido
owenaise,formido
joeshmoebies,formido
formido,mgr86
formido,Sea12Hawks
Sea12Hawks,formido
formido,torquesteer
formido,xebes
PenguinBallZ,formido
DeathGuppie,formido
mickey_kneecaps,formido
formido,Frankenstooge
formido,grangry
Leland_Stamper,formido
DLeck,formido
NSA_Mailhandler,formido
twinmatt,formido
unknamed,formido
formido,drays
formido,AdvocateForLucifer
formido,FreeGums
Melancholia,formido
formido,somil0243
formido,gpngc
grasshoppa1,formido
hippokrytz,formido
Barian_Fostate,formido
plooped,formido
mclarenf101,formido
formido,13angrymonkeys
formido,SgtJoo
formido,aristocrat_user
pixelfreeze,formido
TalkBigShit,formido
WunderOwl,formido
formido,strokeofbrucke
formido,JacobSmileyface
formido,bleedblue89
formido,TheSyrianSensation
TheSyrianSensation,formido
cloral,formido
Jasonberg,formido
baconlovr,formido
jbaugues,formido
gonzo206,formido
lduane2,formido
Kaos047,formido
joeshmoebies,formido
owenaise,formido
formido,RellenD
RellenD,formido
formido,Megawatts19
formido,Megawatts19
formido,Vitalstatistix
formido,Vitalstatistix
owenaise,formido
BWEM,formido
CapgrasX13,formido
Rick_Rambis,formido
lorefolk,formido
Ramza_Claus,formido
formido,nekada
regnagleppod,formido
tootie,formido
wazoheat,formido
IamLeven,formido
oorza,formido
