source,sink
seahawkerspodcast,formido
Drchrisco,formido
SeaDevil30,formido
formido,Nintendog24
formido,multistart11
formido,SkywayTraffic
Drchrisco,formido
Reddituser703,formido
formido,whoopingchow
405Manc,formido
BasedPython,formido
formido,gaviidae
formido,SandJA1
SandJA1,formido
unseine,formido
formido,xxxJakkxxx
formido,UncleSniffy
formido,xAV14T0Rx
formido,MapsAreCool
xxxJakkxxx,formido
formido,puffykilled2pac
KeyserSaySo,formido
CVBrownie,formido
jsrduck,formido
formido,canopaner1
formido,hendrix67
formido,RaptorsCdwoods
RaptorsCdwoods,formido
Podlaskie,formido
formido,LewisLawrence
formido,blazerqb11
MallFoodSucks,formido
QuasiContract,formido
santiagopinzon,formido
formido,xxxJakkxxx
formido,ericlathrop
lomanity,formido
Prom000,formido
formido,chico12307
formido,GoofyMcCoy
lawandhodorsvu,formido
NinjaxNinja,formido
hoopaholik91,formido
formido,Ax_of_kindness
formido,damanpwnsyou
formido,TragicsNFG
flippingasian2,formido
SinancoTheBest,formido
gurupaste,formido
StareyKluck,formido
RedJorgAncrath,formido
nexguy,formido
RNGeeeeesus,formido
claytonsprinkles,formido
formido,Barron_Cyber
legaljoker,formido
formido,TNBK
formido,Super_Nerd92
Super_Nerd92,formido
aagusgus,formido
TheUplist,formido
Zoophagous,formido
formido,keanex
David_Does_Dallas,formido
SerShanksALot,formido
ObamaBeenGauzy,formido
chrisbru,formido
Notsdlog,formido
formido,maineiac42
formido,slambient
squarerootofapplepie,formido
formido,black_bean_mamba
LoveWhoarZoar,formido
AShauValley,formido
innocuous_gorilla,formido
formido,Coldhandss
formido,crash218579
crash218579,formido
Tellsyouajoke,formido
DangerZoneh,formido
formido,xahvres1
formido,cloudedthoughtz
sturg78,formido
formido,bendvis
formido,Canady117
formido,M3rc_Nate
formido,Phildopip
formido,TheGriizlyBear
bendvis,formido
SockMonkey4Life,formido
SlothyMcSlothSloth,formido
HereForTheJedi,formido
HereForTheJedi,formido
cloudedthoughtz,formido
sjphilsphan,formido
CulDeSax,formido
lightstorm33,formido
GiggsityGiggsity,formido
formido,Neighbor2972
formido,PingedSpinxz
circlingldn,formido
formido,pharmacon
I_like_to_code,formido
formido,JuanRiveara
formido,the_man_from_iran
the_man_from_iran,formido
whokohan,formido
formido,314x1e
lasersloths,formido
NSAsnowdenhunter,formido
formido,M3rc_Nate
formido,tandeg
formido,AfterReview
M3rc_Nate,formido
formido,wannabesayan
WhatTheHorcrux,formido
formido,Clutch_
formido,t_mac1
formido,BismackMyBiyombo
cgar28,formido
KevinSorboFan,formido
formido,NSAsnowdenhunter
formido,QuasiContract
mangenuity,formido
formido,Sageinthe805
formido,M3rc_Nate
formido,Fruit_Rollup_King
iwaspresidentonce,formido
freshmaka88,formido
M3rc_Nate,formido
formido,M3rc_Nate
formido,SeattleOverSF
formido,holla_snackbar
formido,812many
whitedrewcarey,formido
MaxwellVonMaxwell,formido
formido,bijiano
perineurium,formido
FistsofFaith,formido
formido,RammingIntoChicks
Heeeroh,formido
bobothegoat,formido
nanodgb,formido
