source,sink
formido,formido
Nick_My_Ass,formido
Nick_My_Ass,formido
Spooky_brown_man,formido
angrydwarf,formido
muse_iwnl,formido
into-thesky,formido
formido,Catauga
soapinmouth,formido
Tobias_Ketterburg,formido
LimberSiren,formido
all_teh_sandwiches,formido
EvilJohnCho,formido
jedale,formido
razed_thoughts,formido
Chox12,formido
mistaken4truth,formido
patrickdabs,formido
formido,formido
enophonics,formido
chrisbru,formido
formido,originalcrisp
originalcrisp,formido
BleedingFish,formido
bobalooza,formido
Omnes87,formido
milzinga,formido
formido,Jockobutters
formido,chrisbru
Munson_mann,formido
jkillab,formido
formido,jkillab
formido,whatevers1234
formido,Munson_mann
formido,xxxJakkxxx
formido,Honestly_Nobody
SnortingCoffee,formido
formido,_pulsar
xxxJakkxxx,formido
formido,gangien
formido,MountTuchanka
formido,TheNeek
formido,formido
stwood8,formido
mharjo,formido
formido,austenpro
formido,DoctorProfessorPhD
formido,asuliberty
formido,ironcladbaconthong
formido,fiftieth
formido,frankthe12thtank
formido,relevant_pet_bug
formido,spaghettilegslee
formido,formido
formido,tags33
tags33,formido
formido,KyleLousy
formido,PNWCoug42
formido,homelessscootaloo
formido,Nix-geek
D4K0N,formido
formido,esau_cain
formido,formido
formido,saraath
formido,formido
mapsdkhsd,formido
saraath,formido
KingSavvy,formido
formido,Wraithdagger12
formido,SeaHusky
formido,BlackestPillForYou
Seahawks_25,formido
formido,poster_nutbag_
1e7643-8rh34,formido
formido,Super_Nerd92
whoopingchow,formido
formido,yvrview
formido,ShinraTM
formido,Meep_Morps
formido,slicktech
RocLaFamilia,formido
formido,IGJoe2192
IGJoe2192,formido
Terren42,formido
formido,BandarBrigade
Purebiscut,formido
sounds_n_stuff,formido
joshshadowfax,formido
Saint-Tony,formido
formido,formido
formido,Saint-Tony
modernmann,formido
KnickedUp,formido
formido,HKBFG
formido,formido
hambonefakenamingtn,formido
GodDamnit_IAMLONELY,formido
ensurge,formido
formido,drewsky93
drewsky93,formido
formido,ensurge
formido,TheMechanic6969
NigerianPrince76,formido
TheMechanic6969,formido
formido,ChilliSpice
Terren42,formido
jok91osu,formido
formido,ViktorVonn
Mr3ch0,formido
formido,sounds_n_stuff
formido,Toke19
formido,Wheream_I
formido,Benjawood
formido,TheFoxKing5
sj3,formido
formido,SmokingFrog
NewtGringo,formido
Yaqzn,formido
formido,Stunkinafuck
formido,Eccentricc
Eccentricc,formido
formido,olbcory55
TDLockett,formido
formido,IH8KICKFLIPS
rcuosukgi42,formido
RebasKradd,formido
formido,grizzfanmario
formido,formido
Jeeterhawk007,formido
PM_ME_YOUR_FARAGE,formido
admanb,formido
formido,Spooky_brown_man
Spooky_brown_man,formido
formido,Superman9315
opinionated-bot,formido
le_maple,formido
TechieTheFox,formido
Craigiyama,formido
formido,clutch-city2k15
formido,brodieratedR
IggyNumberOne,formido
stream_monster,formido
rzpieces,formido
TuneHD,formido
R2Didgeridoo,formido
saosebastiao,formido
