source,sink
formido,elissa1959
formido,elissa1959
elissa1959,formido
elissa1959,formido
formido,ajwarren
formido,baseballisnewyork
formido,organic
formido,mario64
bantam,formido
dead_ed,formido
formido,yehauma
formido,yehauma
formido,Neoncow
formido,chall85
formido,df1
formido,finite
formido,jrandom
formido,unchow
formido,kerbuffel
amican,formido
Peaker,formido
formido,khafra
formido,rjcarr
formido,injoy
injoy,formido
formido,BinaryShadow
formido,Dasmitch
Zelbinian,formido
extrabellum,formido
butcandy,formido
formido,TheDeerLady
formido,rancmeat
formido,takeda64
shamen_uk,formido
TheDeerLady,formido
takeda64,formido
Shaper_pmp,formido
rancmeat,formido
formido,lbrandy
dkinmn,formido
formido,mkrfctr
formido,reflibman
formido,dora_explorer
formido,sumgai
Xert,formido
Porges,formido
formido,moultano
moultano,formido
formido,yourapostasy
yourapostasy,formido
GrumpySimon,formido
formido,lapo3399
formido,warmfuzzykitten
formido,cojoco
cojoco,formido
warmfuzzykitten,formido
rogerssucks,formido
themisanthrope,formido
formido,cliffnotes
shiner_man,formido
formido,OMGbatman
formido,jerf
OMGbatman,formido
linuxlass,formido
formido,dmead
formido,ropers
ropers,formido
formido,nomorewar
yehauma,formido
formido,Freeky
