source,sink
formido,HotDogGiraffe
formido,Ovreel
formido,LordBaelishInYourAss
formido,based-mode
based-mode,formido
formido,kamakazekiwi
formido,EvilJohnCho
kamakazekiwi,formido
ikeTrout,formido
hMJem,formido
Manginaz,formido
formido,Sebosauras
formido,SeadderalCheatHawks
SeadderalCheatHawks,formido
formido,BringontheNostalgia
formido,ShockinglyEfficient
formido,_bluberries_
boxmonster123,formido
SSVikings,formido
Johnb628,formido
RaginReaganomics,formido
probablynotdude,formido
ItsCharlesBabe,formido
saintscanucks,formido
curry_in_a_hurry,formido
Kingdariush,formido
antisocially_awkward,formido
knightcrawler75,formido
formido,Cd206
formido,ShavingJelly
formido,Zodep
formido,ooter37
Clefspeare13,formido
BringontheNostalgia,formido
ShavingJelly,formido
BasedPython,formido
Kale_the_Whale,formido
einulfr,formido
TheGourmet9,formido
formido,thehbrwhammer
formido,-Redfish
HumsWhileHe,formido
Thetmeister05,formido
husky_hawk,formido
formido,Nunchuck_Larry
formido,asscar
formido,HornyAlienOverlord
formido,BigFishMcNish
BigFishMcNish,formido
Bro-Shades,formido
BasedPython,formido
formido,ineed_a_nap
formido,silly_walks_
TheNewDero,formido
silly_walks_,formido
lnuw,formido
formido,npcdel
unknamed,formido
formido,H0IIywood
yukdave,formido
H0IIywood,formido
formido,cledohn
MaximusBluntus,formido
formido,VictorM51
calmlikeapalm,formido
formido,Apologician
formido,AvrilCliff
albinobluesheep,formido
pourlesgarcons,formido
formido,First-Mate_Wiggles
formido,SwimmerAlec93
formido,gaviidae
gaviidae,formido
formido,gaviidae
gaviidae,formido
SwimmerAlec93,formido
kamiikoneko,formido
formido,fatbabythompkins
formido,QuasiContract
CodenameDutchess1868,formido
Liquid_Schwartz,formido
D-bux,formido
formido,Jaxck
formido,hMJem
formido,schistkicker
formido,Dammit_Jessie
formido,ButtButters
formido,peeinherbutt
ButtButters,formido
formido,ColainaCup
formido,CamNewtonIsABitch
peeinherbutt,formido
Rice__cube,formido
formido,xxihostile
budha77,formido
lizard_king_rebirth,formido
Drchrisco,formido
Silversaving,formido
formido,SgtNeilDiamond
formido,M3rc_Nate
shuttl3s,formido
formido,TCHU9115
formido,FeartheLOB
KeyserSaySo,formido
FeartheLOB,formido
MallFoodSucks,formido
TCHU9115,formido
formido,ridensj
formido,KJ_Jeller
KJ_Jeller,formido
ThaMac,formido
lizard_king_rebirth,formido
formido,Super_Nerd92
antilock,formido
Born_Fighting,formido
DickWhitmanLives,formido
formido,GrumpyBearBank
formido,cantankerousbliss
Perry32Jones,formido
formido,WolfCore77
WolfCore77,formido
fabes_,formido
Ed98208,formido
formido,lnuw
formido,samwe
formido,Battlenavi
formido,flintrock70
formido,RussellDurant
RussellDurant,formido
GalacticArachnids,formido
vas89080d,formido
