source,sink
hMJem,formido
Frognaldamus,formido
formido,ilikehockey2
formido,sportsfan786
formido,folieadeux6
sportsfan786,formido
formido,javajavahutt
formido,A_Slow_Redditor
formido,hivoltage815
formido,chillax01
jared2294,formido
formido,House_of_Flip-Flop
basketballpope,formido
formido,sgtbird
formido,threefs
TOUGH_LOVE_GAL,formido
caalro,formido
formido,DoDM
TheVolcanoKid,formido
formido,ChronosMcGee
formido,Zikerz
matticusbellius,formido
formido,macadamian
formido,wafflehauss
formido,PharaohJoe
formido,SP5021
DoDM,formido
BigFishMcNish,formido
formido,Trapline
Trapline,formido
formido,Trapline
Trapline,formido
Dirtydiscodeeds,formido
uncle_buck_hunter,formido
formido,CiscoCertified
_FallacyBot_,formido
CiscoCertified,formido
BigFishMcNish,formido
formido,N3rdism
formido,adamoos
formido,ddaylewis
formido,ningrim
epik,formido
formido,torquesteer
formido,Rock_Strongo
Rock_Strongo,formido
icon0clast6,formido
tannhauser_gate_vet,formido
formido,bananapants919
formido,aristocrat_user
American_Greed,formido
owenaise,formido
scoresman143,formido
formido,Citizen_Snip
formido,Citizen_Snip
Citizen_Snip,formido
formido,chickenonasandwich
formido,addingst
formido,MookieB88
phat_,formido
phat_,formido
addingst,formido
Lars9,formido
formido,duhcassinidivision
Arribba,formido
MookieB88,formido
formido,macadamian
formido,leinenkugelz
formido,TOUGH_LOVE_GAL
beanieman54,formido
formido,chillax01
hoilandPoE,formido
nyeisin,formido
formido,Mah_Ditka89
Hoser117,formido
formido,epik
j3i,formido
CynicalSoldier,formido
BusinessCashew,formido
Casedilla,formido
ChandlerParsons,formido
r4dius,formido
formido,BlueFalconNation
BigFishMcNish,formido
BlueFalconNation,formido
dont_yell_at_me,formido
absolutsyd,formido
HiccupMaster,formido
formido,DoeNaught
formido,icon0clast6
skrubba,formido
6tacocat9,formido
julius_sphincter,formido
CelticJoe,formido
EnglandCricketFan,formido
formido,jckgat
p1nkfl0yd1an,formido
formido,coltsblazers
formido,vilkacis
formido,jack032390
formido,jesusismygardener
jack032390,formido
jesusismygardener,formido
easyantic,formido
formido,dHUMANb
thethickness,formido
formido,DonnieNarco
formido,CanadaRULEZ1765
LieutenantKumar,formido
formido,Duzaman
CanadaRULEZ1765,formido
jrizle,formido
__BlackSheep,formido
jagerwick,formido
CubanMissileCrisis,formido
claytronweber,formido
thekenfl,formido
Chargelotexpress,formido
anotheranotherother,formido
_Anthropophobiac_,formido
thedaidai,formido
relaximapro1,formido
FakeCollegeStudent,formido
formido,jpjandrade
sgtbird,formido
David_Does_Dallas,formido
formido,skyfire23
formido,skyfire23
skyfire23,formido
formido,berychance
formido,Jasonberg
zerofocus,formido
formido,dwu2
Zzzonked_Out,formido
formido,MammothMan34
MammothMan34,formido
Jasonberg,formido
TonkaTuf,formido
berychance,formido
formido,invalidwat
Bergs_,formido
owenaise,formido
Mexican1569,formido
kareem15,formido
the-bizz,formido
anteros86,formido
CDBSB,formido
formido,kalimashookdeday
formido,DECEPTIVELY_CHARMING
absolutsyd,formido
formido,__BlackSheep
kalimashookdeday,formido
formido,formido
formido,StepFatherGoose
formido,InsaneDon12
blenngo,formido
blenngo,formido
spaceindaver,formido
betterdayz02,formido
formido,aawv
TherewillbeWhiskey,formido
guppyfighter,formido
oh_the_humanity,formido
formido,johnleehookah
formido,BigFishMcNish
BigFishMcNish,formido
formido,STAVKA
formido,Ibuprofen_
formido,CapnGrundlestamp
CeeBeast,formido
formido,El_PEZ
FuckYouPlease,formido
BrooklynNets,formido
Tujio,formido
formido,Bradyta
honcho114,formido
Trunkington,formido
BigFishMcNish,formido
formido,talkofnonsense
formido,savagewinds
savagewinds,formido
formido,RawbHaze
formido,Keto-gamer
wretlingrock392,formido
Heeeroh,formido
ByTheNineDivine,formido
Shart_Film,formido
JohnTruant,formido
formido,Honey_Otter
formido,Dr__Nick
formido,formido
Honey_Otter,formido
TheNastyDoctor,formido
formido,Pitchwife
Chimie45,formido
saltrack,formido
BuurDown,formido
formido,tygertyger91
formido,KC_Newser
KC_Newser,formido
formido,klitchell
klitchell,formido
BigFishMcNish,formido
hMJem,formido
formido,JacobSmileyface
JacobSmileyface,formido
formido,stottpiez
formido,swollencornholio
t518503r,formido
kowsosoft,formido
DaddyDanceParty,formido
honcho114,formido
menelaus_,formido
hawktastic,formido
formido,heyiknowstuff
formido,broompunch
formido,livefreeordont
formido,mainsworth
formido,sonicdeathmonkey2132
formido,sonicdeathmonkey2132
formido,SolarClipz
SolarClipz,formido
formido,SpeakSoftlyAnd
heyletsdothis,formido
