source,sink
formido,KeepItWeird_
formido,briskt
formido,AwBoogers
Fedex_Me_Secretions,formido
briskt,formido
AwBoogers,formido
formido,hiphopdowntheblock
Hell_Kite,formido
formido,Brendan11
nobody7x7,formido
formido,Ikolkyo
formido,Often_says_things
formido,formido
formido,MarinaraMagic
_putyourpantson,formido
fifa18pacemonster,formido
zazenpan,formido
MariotheGoat,formido
formido,I_like_sillyness
formido,MibuWolve
formido,thegrumpymechanic
formido,dq8705
formido,avboden
formido,formido
avboden,formido
formido,BlackestPillForYou
BlackestPillForYou,formido
formido,Wraithdagger12
Ilikeskittlesss,formido
papaotter,formido
formido,Victor_Vicarious
formido,SloppySynapses
SloppySynapses,formido
formido,xzt123
formido,milesrout
milesrout,formido
formido,LegionofDoh
LegionofDoh,formido
formido,Fleshjunky
Fleshjunky,formido
ballbusta-b,formido
Fleshjunky,formido
dHUMANb,formido
WestwardTempest,formido
HaakenforHawks,formido
CMGA99,formido
formido,hamsterkris
formido,VesperX
Semper_Fun,formido
frank_sea,formido
formido,aldrichc424
TurboPress,formido
ReubenFroster56_,formido
midnightsbane04,formido
shawnz,formido
formido,TurdBlanket
formido,lordsleepyhead
cresemba,formido
formido,Dreamtrain
lordsleepyhead,formido
formido,chitownbulls92
louieanderson,formido
wulfendy,formido
formido,Scratch98
formido,zeth07
KingSavvy,formido
formido,garbledwarbler
garbledwarbler,formido
formido,LukaCola
LukaCola,formido
Jreced,formido
Jreced,formido
formido,mysuicidalthoughts
frugalNOTcheap,formido
nowhathappenedwas,formido
wiccedsmaht,formido
wrongwayup,formido
swegn,formido
tinkady,formido
jimjamiam,formido
mysuicidalthoughts,formido
formido,Beach_Day_All_Day
formido,RiddickRises
RiddickRises,formido
formido,BobBarkersDope
BobBarkersDope,formido
Readit_to_me,formido
tamere2k,formido
formido,notyouraverageGIJane
formido,TurboPress
formido,t_mac1
formido,omgijustdontcare
formido,AlwaysFeral
AlwaysFeral,formido
ANONTXFAN,formido
CantankerousTank,formido
crazyrocky2684,formido
formido,omniheart
formido,KoNP
KoNP,formido
RaggedAngel,formido
KissesFishes,formido
formido,SunosUnix
sweetnesssa,formido
omniheart,formido
formido,Jedi_Q
3l2d_hazthewaz,formido
SatSenses,formido
ouTPhaze,formido
dasblog,formido
coolibahtree,formido
420upboatBLAZEit,formido
formido,CapOnBrimBent
formido,shagidelic
formido,amanofewords
formido,WiddleBlueBert
formido,formido
amanofewords,formido
TheSmushRoom,formido
shagidelic,formido
LaVarZoNoBall,formido
shyspy,formido
formido,Njkid9
formido,formido
BonelessSkinless,formido
formido,gino_giode
formido,xixi90
formido,saysthingstoyou
AwBoogers,formido
Microtendo,formido
formido,formido
bootlegsupreme,formido
DrummondFTCoach,formido
CurryFavorsGayLove,formido
Freazur,formido
formido,WKWA
formido,spaceninj
formido,TheTrueFlexKavana
spaceninj,formido
mangotictacs,formido
ChrisPaulsABitch,formido
formido,hatgineer
AlexSmithBasedGod,formido
MidgardDragon,formido
ExileOnMyStreet,formido
XANi_,formido
blingblongblangbling,formido
formido,j_skiddles
formido,kevindlv
jdorje,formido
formido,BulletToothRudy
I_Like_Bacon2,formido
KarlOnTheSubject,formido
aHugeGapingAsshole,formido
BulletToothRudy,formido
Thedudewhosmokedpot,formido
Ryduce22,formido
RaptorsCdwoods,formido
1e7643-8rh34,formido
highonstress,formido
formido,Chemicalzz1
formido,kjack97
Chemicalzz1,formido
kjack97,formido
formido,lord_invictus
formido,ImChance
Sprittytinklez,formido
GoofyMcCoy,formido
formido,IICVX
formido,mr___
sprouting_broccoli,formido
mr___,formido
formido,ThickDiggerNick
formido,RockRaiders
formido,SeriesOfAdjectives
formido,aksoileau
formido,DeuceBuggalo
formido,CurlyLambeau
aksoileau,formido
RageMojo,formido
Heywhatsyourdeal,formido
formido,rabidbasher
Tha_shnizzler,formido
formido,NSFW
NSFW,formido
formido,McFrenchtoast
BeatsByiTALY,formido
SemperNotaVitae,formido
Pappyballer,formido
formido,JGVjed
formido,partcomputer
Snaxier,formido
Cacklemoore,formido
formido,brandnameb
eXandman,formido
-Tell_me_about_it-,formido
formido,darksamosa420
formido,NBAfan10100
rviveros,formido
vtalii,formido
PM_ME_YOUR_CHURROS,formido
C137-Miguel,formido
of78910,formido
Reepicheep8,formido
formido,Byrie_Swirving
angrydwarf,formido
thefrydaddy,formido
Byrie_Swirving,formido
NBAfan10100,formido
Ohgrave1,formido
Cacklion,formido
formido,toddiehoward
formido,formido
GettingWreckedAllDay,formido
jasonswett,formido
Officialjake,formido
whitey_sorkin,formido
whitey_sorkin,formido
Charles_Thunderpenis,formido
formido,Tripticket
Tripticket,formido
formido,a_child_to_criticize
formido,kevindlv
rejus_crust,formido
DuckWithAShovel,formido
formido,OmegaVesko
formido,__ICoraxI__
formido,reddbunny1370
__ICoraxI__,formido
formido,formido
formido,Easypeaseee
Xenocidegs,formido
formido,tdunbar
formido,formido
tdunbar,formido
PM_ME_YOUR_RHINO,formido
formido,bpstyles
shitboxslugger,formido
formido,Sighworthy
special_nathan,formido
formido,nambow93
Frognaldamus,formido
WompaStompa_,formido
shitboxslugger,formido
heldhandz,formido
