author,subreddit,maxcount,topic
1wheel,dataisbeautiful,3,219
BakersDozen,ireland,257,235
Baldybogman,ireland,322,235
Bri87,ireland,6,235
CDfm,ireland,917,235
Corky83,ireland,28,235
Dariaskehl,Beekeeping,1,69
Dev__,ireland,104,235
Jeqk,ireland,216,235
Krlll,ireland,42,235
LethargicSuccubus,BPD,66,69
MadgeWilkins,ireland,23,235
ManchesterSteam,IrishHistory,5,37
MsWhimsy,ambien,11,69
Nishikino_Maki,Futurology,4,210
RoscoLM,ireland,182,235
Senno_Ecto_Gammat,latterdaysaints,128,69
Stairaibud,IrishHistory,10,37
TheMcDucky,ProgrammerHumor,8,235
TheVergeOfSiik,funnycharts,3,219
Tobyirl,ireland,14,235
VoteAlanKelly,ireland,810,235
amethystrockstar,Bonsai,101,69
c0mpliant,ireland,102,235
comebackwithmybike,ireland,161,235
dick1856,AskReddit,7,122
dougbtv,Beekeeping,24,69
gera75,MapPorn,8,69
handsomechandler,Buttcoin,76,235
hewhofartsonthebus,ireland,74,235
irishjihad,MilitaryPorn,101,210
lekkerlekker,blackdesertonline,36,235
louiseber,ireland,776,235
razzer1987,ireland,48,235
reabhloid,IrishHistory,1,37
rom211,pittsburgh,18,69
seantorious,ireland,39,235
serealport,Beekeeping,6,69
snug12,ireland,79,235
speaksonlythetruth,ireland,68,235
tatertotsyoufools,Beekeeping,59,69
tiptopgolfy,IrishHistory,5,37
wonderjewess,MapPorn,11,69
