author,subreddit,maxcount,topic
99beckett99,dataisbeautiful,6,219
Big_Dancer,ireland,8,235
CaisLaochach,ireland,1060,235
DiaperBreath,nba,9,58
DublinMDThrowaway,ireland,1,235
DubsNC,Beekeeping,45,69
Eanna5,ireland,84,235
Fudgms,Portland,28,210
GNDHoney,Beekeeping,15,69
I2obiN,worldnews,10,210
JoshfromNazareth,linguistics,20,219
Leitirmgurl,ireland,154,235
Lordvaughn92,CFB,14,58
MagicWade,nba,335,58
Mr_Intransigent,ireland,4,235
Ontain,politics,14,210
Schlopez,nba,35,58
Stegasaurus_Wrecks,ireland,85,235
Strawberry_Chores,ireland,4,235
Stuck_In_the_Matrix,washingtondc,18,129
TurntSyndrome,ShokugekiNoSoma,26,251
Whoopska,django,9,239
ZenDragon,Games,6,116
aarondoyle,brisbane,4,69
aggressive_serve,nba,36,58
alexmlamb,MachineLearning,30,219
anniedejesus87,politics,3,210
bee_rad,Beekeeping,9,69
breadandbuttercreek,winemaking,26,69
danwin,shittykickstarters,62,235
eamonn33,ireland,34,235
finigian,ireland,194,235
furyousferret,nba,62,58
garrfunkel,ireland,468,235
irishinit,ireland,37,235
jackkerouac81,Beekeeping,33,69
k918,analog,10,88
ogliver,nba,27,58
qa2,The_Donald,620,235
repetitionofalie,nba,16,58
the107thcaller,nfl,20,58
thecrazing,GamerGhazi,58,210
