author,subreddit,maxcount,topic
52ndsurvivor,AskReddit,14,122
ActuallyNot,climateskeptics,99,210
Adderkleet,ireland,107,235
Asparagus64,dataisbeautiful,55,219
Azeroth7,MapPorn,16,69
BakersDozen,ireland,595,235
Bosco_is_a_prick,ireland,79,235
Burnrate,LifeProTips,13,235
CDfm,ireland,623,235
DarkSayed,AskReddit,69,122
Dawkinist,atheism,11,210
Defengar,worldnews,79,210
Don_Kehote,AirForce,2,235
DrWallowitz,ireland,37,235
Flacid_Fun69,Jokes,12,235
Fudgms,AskReddit,80,122
Geek0id,news,268,210
IIIII-----IIIII,powerlifting,36,195
IceBean,science,63,219
Jaculate,ireland,9,235
MiddyMcPinnerson,2007scape,80,235
PMmeYourEyewear,bravefrontier,23,235
QuestionableEcon,Blogging,6,122
Ramesses_Deux,AskReddit,34,122
RedRebel,ireland,6,235
RickRussellTX,HomestarRunner,23,69
RightWing4Downvotes,ukpolitics,675,210
Sararil,dataisbeautiful,1,219
Seizure_Salad_,AskReddit,27,122
ShaneQful,ireland,1,235
ShitLordXurious,ukpolitics,253,210
SkankinPickle,powerlifting,13,195
TheCaptainR,knifeclub,59,69
TweetsInCommentsBot,leagueoflegends,1019,235
UnceasingAnguish,kansas,10,210
WKHR,PussyPass,8,210
WilliamLooby,ireland,82,235
_0o0_,hockey,24,58
_garret_,dataisbeautiful,18,219
abductedabdul,chelseafc,67,235
autowikibot,TumblrInAction,341,235
bluest_steel,ireland,57,235
centralwinger,MLS,4,58
conormatthews98,ireland,91,235
coppawallap3,pics,89,69
davef,ireland,243,235
dude142,bicycling,6,235
exatorp,powerlifting,62,195
feighery,rugbyunion,14,235
fishsticks40,OkCupid,192,235
gearlinkage,soccer,16,58
gruasty,askphilosophy,4,235
grubberlang,Netrunner,20,69
he_must_workout,Android,28,239
heath185,Futurology,4,210
hughwphamill,ireland,54,235
jctruman,Economics,71,210
karlwhitney,IrishHistory,33,37
mavnorman,energy,39,210
midletonics,irishpolitics,2,210
moklick,webdev,10,239
n3ver3nder88,powerlifting,98,195
nimbuscile,climate,14,210
ninjawasp,ireland,32,235
novayazemlya,Futurology,4,210
pmckizzle,ireland,102,235
quantumlizard,UIUC,11,235
redsoxaa,CFB,9,58
rixuraxu,food,25,131
rwbombc,boston,29,210
silver_medalist,ireland,288,235
slfnflctd,RenewableEnergy,7,210
sonic_tower,AskReddit,128,122
techsin101,webdev,38,239
winstonsmith7,news,73,210
