author,subreddit,maxcount,topic
ArmCollector,AskReddit,3,122
BlackMageMario,ireland,16,235
CDfm,ireland,803,235
Destructor1701,space,30,69
DrXaos,audiophile,8,69
HaroldSeldon,ireland,11,235
IsThisAllThatIsLeft,AskAnAmerican,75,235
Kaiserlicher-Ritter,ireland,12,235
Ruxini,chess,18,235
SamSlate,AskScienceFiction,25,235
TheI3east,statistics,5,219
cheetah7,AskReddit,8,122
datadotworld,datasets,17,210
feedthetroller,AskReddit,32,122
grambell789,history,6,210
ijhnv,chess,15,235
johnydarko,DotA2,7,235
lamahorses,ireland,40,235
mattindustries,todayilearned,30,235
murphk59,ireland,6,235
noelbuttersworth,ireland,2,235
redproxy,ireland,5,235
small_far_away,rugbyunion,703,235
sweetafton,ireland,56,235
tristes_tigres,worldnews,47,210
