author,subreddit,maxcount,topic
Ardentfrost,Economics,59,210
BeetleB,science,54,219
FlySwat,programming,362,239
Ma8e,Equality,22,210
McCain08,reddit.com,27,235
P-Dub,AskReddit,43,122
_red,Economics,192,210
dkraft,reddit.com,21,235
eleitl,Economics,66,210
generic_handle,programming,163,239
gini_,Economics,2,210
jerf,programming,22,239
jmnugent,AskReddit,97,122
jsantos17,AskReddit,4,122
kaiise,reddit.com,97,235
krg6O9,offbeat,10,210
marchost,programming,2,239
mothereffingteresa,politics,94,210
njyz,business,18,210
nullspace,science,1,219
ohashi,Economics,21,210
otterplay,reddit.com,123,235
phomet420,math,2,219
pubjames,atheism,26,210
stunt_penguin,pics,12,69
the_argus,AskReddit,98,122
timbro1,WTF,4,235
vang3lis,programming,14,239
