author,subreddit,maxcount,topic
CUNTBERT_RAPINGTON,KerbalSpaceProgram,87,235
Inoku,worldnews,25,210
LightningGeek,aviation,19,69
Lycur,uwaterloo,3,235
MusikPolice,podcasting,9,122
NorbertDupner,AskReddit,91,122
OxfordTheCat,cars,18,210
Packiesla,AskReddit,459,122
SheepsFanny,WTF,4,235
SpanishAys,TwoXChromosomes,5,210
SplinterOfChaos,politics,17,210
Spoonshape,ireland,11,235
Taenk,gameofthrones,3,69
TheLeaderIsGood,Fitness,61,69
VorpalAuroch,custommagic,64,235
austenite,rant,9,235
bradamantium92,truegaming,17,235
daveirl,worldnews,11,210
fairstranger,ireland,9,235
fc3s,formula1,65,198
icekiller22,drums,3,69
ineedmoresleep,worldnews,90,210
johnyma22,opensource,10,239
jyper,todayilearned,83,235
magicmance,AskReddit,277,122
matrixor,learnpython,2,239
mooglor,ireland,31,235
mrsamsa,skeptic,267,210
nukefudge,Demotivational,89,235
pumpkincat,AskReddit,41,122
spacedruid,Android,5,239
thedeclineirl,ireland,27,235
towerofterror,malefashionadvice,28,122
