author,subreddit,maxcount,topic
Absentia,IAmA,5,210
Artischoke,community,5,235
Concise_Pirate,AskReddit,231,122
Ma8e,AskReddit,8,122
MartialFur,funny,58,69
OvidPerl,IWantOut,9,122
RandomExcess,AskReddit,459,122
TheBeetrootFiasco,AskReddit,15,122
TheBlackGoat,Lovecraft,2,69
Thorbinator,atheism,154,210
Y_pestis,atheism,9,210
ZorbaTHut,politics,66,210
demechman,DIY,37,69
drew3000,atheism,28,210
functor7,math,26,219
gefahr,Enhancement,13,235
generalT,occupywallstreet,36,210
ghaj56,singularity,2,219
ithinksumtinwong,AskReddit,10,122
kgbdrop,AskReddit,54,122
lanbanger,MachineLearning,11,219
leicanthrope,AskReddit,82,122
lensman00,patientgamers,7,122
lksdford,csusm,3,122
lokithecomplex,ukpolitics,97,210
lowtenet,Economics,38,210
mittandbase,philosophy,2,219
pdfpdx,AskReddit,6,122
quadtodfodder,startups,17,122
rrbest,politics,18,210
rrenaud,programming,7,239
rsaborio,computervision,5,219
ruaidhri,ireland,19,235
scottyb323,skyrim,36,69
stoph,javascript,15,239
sturle,worldnews,25,210
thisusernameismeta,love,3,69
truobam,fffffffuuuuuuuuuuuu,7,235
uff_the_fluff,politics,21,210
weinerjuicer,occupywallstreet,9,210
