author,subreddit,maxcount,topic
AndrewKemendo,philosophy,9,219
Cartosys,AskReddit,11,122
ChristianAAJ,newzealand,9,69
CoastOfYemen,reddit.com,35,235
Ferrofluid,WTF,95,235
Jasper1984,Physics,63,219
Megasphaera,science,3,219
Mr_Smartypants,reddit.com,34,235
ScottMeyer,IAmA,169,210
Skyrmir,Economics,128,210
Solima,reddit.com,9,235
SventheWonderDog,gaming,46,235
TheLeaderIsGood,AskReddit,200,122
Walls,ireland,14,235
Zeurpiet,worldnews,5,210
abeliangrape,math,4,219
adremeaux,gaming,253,235
alakazan,math,1,219
angry_racist_guy,math,1,219
artman,reddit.com,80,235
b0b0tiken,Beekeeping,2,69
bamfb2,sports,27,58
boredparalegal,AskReddit,15,122
charbo187,AskReddit,15,122
chollida1,programming,14,239
cwcc,math,47,219
demeteloaf,sports,10,58
ertaisi,reddit.com,14,235
funkygreenthing,Economics,1,210
hlipschitz,pics,8,69
iolothebard,AskReddit,32,122
kenlubin,AskReddit,11,122
lutusp,AskReddit,275,122
mantra,Economics,95,210
mogadsheu,AskReddit,134,122
mombakkie,AskReddit,36,122
mykdavies,programming,14,239
peaty2,AskReddit,5,122
pseudosciencepeddler,math,5,219
ropers,AskReddit,141,122
spelunker,AskReddit,22,122
surfnsound,math,19,219
swiz0r,AskReddit,9,122
thefugue,reddit.com,42,235
yoda17,Economics,73,210
zedvaint,worldnews,20,210
