author,subreddit,maxcount,topic
AmbitionOfPhilipJFry,fffffffuuuuuuuuuuuu,75,235
AnythingApplied,reddit.com,20,235
BakersDozen,ireland,72,235
Bjartr,gaming,9,235
CD_reflected_rainbow,education,12,210
CaisLaochach,ireland,123,235
Ciceros_Assassin,books,4,210
Dara17,Ubuntu,5,235
Dev__,ireland,39,235
GregorMendel,Libertarian,40,210
ImHalfAwake,learnmath,17,122
Jigsus,AskReddit,183,122
Lighting,politics,30,210
Linlea,formula1,16,198
Nick4753,chicago,17,69
Quintote,datasets,2,210
SLDeviant,ireland,19,235
SoggyBarSoap,beer,11,210
Strangering,Economics,108,210
Symbolicact,Libertarian,18,210
Thwart,Libertarian,53,210
WarPhalange,AskReddit,98,122
ZBoson,Physics,21,219
aidanfindlater,epidemiology,2,219
beansworth,AskReddit,21,122
blackkettle,japan,24,210
calp,unitedkingdom,14,210
carnevoodoo,Homebrewing,15,69
christianjb,AskReddit,359,122
czernebog,compsci,1,219
darthluke,AskReddit,44,122
dearsomething,cogsci,117,219
dermballs,movies,125,89
drunkentune,PhilosophyofScience,110,219
ethics,Israel,19,210
fbahr,MachineLearning,2,219
fineprinted,TwoXChromosomes,27,210
flynnski,IAmA,17,210
ialsolovebees,MMA,90,235
iamflatline,Fitness,48,69
irokie,creepy,7,69
katbah,pics,1,69
kimb00,TwoXChromosomes,69,210
kingmanic,politics,35,210
mfalcon,MachineLearning,3,219
middkidd,Economics,13,210
migueltronix,politics,24,210
pavel_lishin,nyc,90,129
pclogos,DIY,20,69
pinchyfingers,Fitness,1,69
portmanteau,Paleo,5,69
priegog,relationships,343,69
propaglandist,AskReddit,106,122
rnz,funny,11,69
shodanx,AskReddit,22,122
tarzan156,ireland,2,235
testingapril,Homebrewing,153,69
vamediah,worldnews,56,210
vonkwink,fffffffuuuuuuuuuuuu,12,235
willis77,AskReddit,32,122
xoites,politics,167,210
yul_brynner,politics,133,210
