author,subreddit,maxcount,topic
-PM_ME_A_SECRET-,AskReddit,18,122
650manny,49ers,12,58
99PrblemsFupaAintOne,todayilearned,11,235
BraveSirRobin,unitedkingdom,76,210
Buck-Nasty,worldnews,88,210
CDfm,ireland,1023,235
ClashOfTheAsh,ireland,58,235
Coffee2theorems,programming,14,239
Cogswobble,worldnews,81,210
CptHosh,books,18,210
Docdante,news,16,210
DoubleTechnical,apple,16,122
Dr_PaulProteus,nfl,12,58
GlassDarkly,dataisbeautiful,2,219
Ithm,literature,20,37
Jazztoken,worldbuilding,5,122
King_Spike,AskReddit,60,122
Kohato,StarWarsBattlefront,6,235
LagLover,dataisbeautiful,3,219
LoveWaffle99,AskReddit,14,122
MarshManOriginal,AskReddit,65,122
Minitell,DotA2,112,235
Nimbacinus,Hedgehog,10,69
Oznog99,todayilearned,69,235
Paulphoenix4,starterpacks,9,235
PettyThrwAwy_mrkter,AskReddit,8,122
SeamusFitz67b,ireland,488,235
Spartyon,dataisbeautiful,3,219
Terrierpike,news,238,210
TheKingOfMemeCreme,AskReddit,86,122
TheresNoTimeForLight,AskReddit,73,122
Todrick,hockey,91,58
Tony_Chu,progresspics,13,69
bigblackhotdog,wiiu,22,69
brahlolxoqt,chess,3,235
bv2020,dataisbeautiful,1,219
capilot,relationship_advice,56,69
colihondro,StarWars,1,69
cryptopascal,ethereum,44,223
dirtcreature,AskReddit,6,122
florinandrei,politics,18,210
giantspeck,Hawaii,35,235
jdinger29,AskReddit,10,122
jdoyle87,ireland,13,235
lilhousewife,nosleep,3,235
liquidpig,canada,125,210
matrix_master,compsci,2,219
mattymck,AskReddit,9,122
millionsofcats,linguistics,105,219
minimaxir,dataisbeautiful,26,219
msstark,AskReddit,247,122
nidnus,conspiracy,9,210
noksookao,KerbalSpaceProgram,7,235
ofsinope,AskReddit,6,122
patsguy12,led_zeppelin,18,69
ploki122,leagueoflegends,377,235
rnicoll,dogecoin,115,235
sadop222,AskReddit,22,122
shindigg15,nfl,102,58
stuffandotherstuff,CFB,4,58
teaqualizer,AskReddit,64,122
textrapper,ethereum,71,223
tumda,datasets,2,210
unsureguy2015,ireland,133,235
vexonator,worldnews,48,210
wdarea51,news,3,210
webbed_feets,CFB,20,58
whitehat1300,dataisbeautiful,2,219
zibabawe,AskReddit,2,122
zonination,personalfinance,82,122
