author,subreddit,maxcount,topic
Ardentfrost,DIY,35,69
Brank_Manderbeak,offbeat,48,210
HawkUK,AskReddit,71,122
Hebejebelus,AskReddit,34,122
MrTypie,IAmA,43,210
Zorak,Israel,3,210
adamwho,scifi,23,89
alllie,politics,83,210
binix,reddit.com,7,235
chiphead2332,sports,4,58
chub79,Python,7,239
decisionstats,math,1,219
elus,AskReddit,10,122
gwern,Nootropics,18,219
highlanderheavy,Physics,5,219
internet_celebrity,AskReddit,36,122
j1mb0,MW2,49,235
kilimanjaro,math,8,219
level1,starcraft,37,69
mooglor,ireland,44,235
offtoChile,reddit.com,17,235
spencewah,AskReddit,8,122
thecrotch,AskReddit,85,122
travisA,reddit.com,1,235
urish,soccer,7,58
waxpoet,web_design,25,235
xamdam,cogsci,1,219
xmnstr,Fitness,330,69
