author,subreddit,maxcount,topic
BurnTees,reddit.com,16,235
Nate_W,politics,81,210
Rsardinia,politics,148,210
Tomasfoolery,reddit.com,11,235
Xhippie,science,23,219
a1k0n,reddit.com,12,235
agapelust,reddit.com,1,235
argoff,politics,145,210
bbstucco,reddit.com,9,235
burke,politics,56,210
esparza74,politics,124,210
gensek,politics,39,210
gooopil,politics,27,210
insert-meme,reddit.com,164,235
itsame_mario,politics,5,210
jotaroh,reddit.com,64,235
mkwiat,reddit.com,8,235
monkey166,politics,14,210
mrchak,reddit.com,9,235
pap3rw8,reddit.com,3,235
ruesdedr,politics,96,210
thevoid,reddit.com,104,235
