author,subreddit,maxcount,topic
Bloodlustt,science,35,219
DaDibbel,reddit.com,128,235
DoorFrame,reddit.com,54,235
Etab,reddit.com,30,235
Filmore,business,58,210
GarageMc,reddit.com,74,235
LaurieCheers,programming,44,239
OsakaWilson,politics,13,210
Th3_C0bra,reddit.com,58,235
ThisIsDave,reddit.com,98,235
Zebby,reddit.com,32,235
alllie,politics,421,210
api,politics,107,210
awb,programming,43,239
ayrnieu,Economics,174,210
barryicide,technology,17,210
base736,science,14,219
brainburger,reddit.com,137,235
dabhaid,reddit.com,6,235
dieselmachine,politics,22,210
donaldrobertsoniii,worldnews,14,210
eegreg,programming,4,239
el_jeffe,reddit.com,11,235
elasticsoul,politics,115,210
evilwombat,politics,43,210
fnord123,programming,36,239
funktio,programming,6,239
generic_handle,politics,85,210
hukedonfonix,reddit.com,8,235
iamverycanadian,Economics,2,210
jacobiconstant,politics,2,210
johnwallis42,reddit.com,93,235
marthirial,reddit.com,13,235
mturk,business,20,210
pahncrd,worldnews,14,210
ph0rque,politics,2,210
pkhuong,programming,13,239
redditcensoredme,science,292,219
robodale,science,30,219
ropers,reddit.com,58,235
rsmoling,science,5,219
satx,reddit.com,152,235
shoesbuttback,business,2,210
tehxaton,reddit.com,10,235
tfm,programming,32,239
vplatt,programming,29,239
yellowking,reddit.com,58,235
