author,subreddit,maxcount,topic
AndrewKemendo,Economics,29,210
BehemothTheCat,Economics,3,210
CrawstonWaffle,gaming,62,235
DeskJob,computervision,1,219
DoorsofPerceptron,askscience,49,235
Jack9,movies,9,89
MonsPubis,DIY,27,69
Mr_Smartypants,AskReddit,86,122
PhrankLee,canada,14,210
Vulgarian,AskReddit,11,122
VyseofArcadia,anime,94,69
adelie42,Libertarian,108,210
agz,MachineLearning,3,219
anonymous11235,AskReddit,8,122
aywwts4,evilsithoverlords,24,235
collidge,rugbyunion,127,235
condescending-twit,AskReddit,25,122
eleitl,energy,71,210
esoom,Eugene,1,129
frenchtoaster,pics,40,69
frimble,AskReddit,11,122
fryktelig,history,6,210
gIowingsheep,science,4,219
hansn,politics,93,210
howlin,MachineLearning,11,219
ignatiusloyola,MensRights,66,210
inhaler,Cleveland,5,69
jasonrosen,MachineLearning,3,219
jhaluska,Frugal,16,69
joshdick,magicTCG,20,69
larrydag,AskReddit,5,122
lemniscactus,math,12,219
logophobia,tf2,5,235
manux,canada,11,210
nausicaadistribution,math,1,219
ninjin,japanlife,9,122
pandemik,statistics,11,219
qvae_train,AskReddit,5,122
railrulez,soccer,15,58
segaliberationarmy,ireland,45,235
seydar,running,196,69
shustrik,AskReddit,15,122
teaspoon2008,MachineLearning,3,219
tekgnosis,australia,9,210
thelittletramp,running,2,69
topepo,MachineLearning,2,219
twopoint718,linux,7,239
tymekpavel,MachineLearning,9,219
tziki,fffffffuuuuuuuuuuuu,5,235
vipster,india,8,69
wildeye,math,28,219
