author,subreddit,maxcount,topic
JL235,programming,72,239
LordBufo,Economics,434,210
Resident_Geek,pics,13,69
Sailer,conspiracy,22,210
SarahC,AskReddit,110,122
VerticalEvent,gaming,18,235
baudehlo,programming,22,239
doctechnical,AskReddit,654,122
fbahr,sysor,5,219
flamingspinach_,AskReddit,11,122
hollimer,running,7,69
ketralnis,IAmA,8,210
kittykatkillkill,politics,21,210
osushkov,worldnews,13,210
palsword,soccer,3,58
prince_nerd,atheism,29,210
rmc,ireland,28,235
rross,ireland,45,235
sausagefeet,programming,47,239
senanc,AskReddit,6,122
superjerk,AskReddit,20,122
