author,subreddit,maxcount,topic
Escafane,science,74,219
IMJGalt,politics,32,210
JimH10,funny,8,69
Notmyrealname,business,79,210
Psy-Kosh,atheism,23,210
RobinReborn,reddit.com,14,235
Tekmo,politics,41,210
TheGood,reddit.com,41,235
WinterAyars,business,56,210
Xophmeister,WTF,12,235
adrianmonk,politics,58,210
aldarion,Python,7,239
argoff,business,45,210
astrolabe,Economics,3,210
bg370,reddit.com,14,235
chauss7,politics,57,210
clumma,reddit.com,25,235
dabizi,reddit.com,13,235
david,reddit.com,30,235
ealf,programming,8,239
fredrikj,math,1,219
fwork,programming,30,239
gehenom,reddit.com,9,235
greginnj,politics,92,210
gx5ilver,politics,31,210
hwkns,politics,27,210
implausibleusername,philosophy,4,219
jericho,science,8,219
jimm,emacs,1,239
jmcqk6,reddit.com,31,235
joeldevahl,programming,6,239
joshdick,politics,33,210
lockhart000,reddit.com,52,235
logicalnoise,politics,8,210
mschaef,programming,83,239
mvbma,Economics,18,210
omfgninja,Bacon,28,235
philoneous,politics,18,210
quack,reddit.com,73,235
serpentjaguar,worldnews,25,210
sickofthisshit,business,31,210
thebigbradwolf,reddit.com,24,235
theeth,politics,64,210
trigger0219,WTF,5,235
trocar,math,2,219
tsteele93,reddit.com,87,235
turkourjurbs,canada,17,210
uncreative_name,politics,81,210
xinhoj,politics,72,210
zem,AskReddit,113,122
zyzzogeton,reddit.com,15,235
