author,subreddit,maxcount,topic
AndrewKemendo,Scholar,2,122
Chive,soccer,60,58
CuilRunnings,Economics,24,210
Enginerd,AskReddit,134,122
HeyItsAge,AskReddit,3,122
Ingenium21,soccer,77,58
JohnDunstable,IAmA,5,210
JulianMorrison,TwoXChromosomes,57,210
LWRellim,Economics,483,210
Mr_Smartypants,AskReddit,37,122
OMouse,programming,21,239
Orphe,wow,20,235
PasswordIS09876,Nootropics,22,219
Pylly,AskReddit,8,122
ReiToei,movies,16,89
SharmaK,apple,7,122
TheSummarizer,bicycling,5,235
WastedTruth,linux,4,239
amesolaire,cogsci,2,219
blackkettle,MachineLearning,4,219
brokenearth02,AskReddit,13,122
catdogg,TwoXChromosomes,86,210
chadillac83,AskReddit,25,122
chewxy,doctorwho,10,69
chillage,canada,3,210
crocodile32,AskReddit,126,122
databuff,MachineLearning,2,219
dsabeti,math,7,219
duplico,Android,15,239
elus,vancouver,10,129
engineer_girl,AskReddit,68,122
ericarlen,atheism,30,210
evilpoptart3412,funny,2,69
garretta,reddit.com,12,235
h2omanjace,ireland,7,235
jasonthe,AskReddit,39,122
kleinbl00,AskReddit,104,122
m4caque,canada,8,210
mantra,Economics,90,210
mhkaiser,AskReddit,106,122
mynoduesp,pics,95,69
norwegiangeek,Homebrewing,14,69
notaquote,AskReddit,8,122
nullbot,programming,5,239
otakucode,politics,97,210
patapizza,programming,15,239
pedleyr,australia,18,210
petewilko,MachineLearning,4,219
rajulkabir,AskReddit,89,122
rm999,photography,20,69
robeph,reddit.com,137,235
rsynnott,Android,176,239
scarredwaits,offbeat,6,210
vintermann,politics,58,210
vladimirc,AskReddit,1,122
watoad,philosophy,5,219
xamdam,scifi,6,89
yelnatz,wow,14,235
yermanno,AskReddit,17,122
yogsototh,AskReddit,1,122
zhivota,Fitness,8,69
