author,subreddit,maxcount,topic
AintNoFortunateSon,CBD,8,210
AppleCandyCane,MachineLearning,5,219
BeatLeJuce,MachineLearning,16,219
CDfm,ireland,780,235
CaisLaochach,ireland,536,235
DarkSkyz,ireland,102,235
ERIKER1,Agario,72,235
Eurchus,MachineLearning,20,219
Grogie,Catholicism,7,69
Jinoc,MachineLearning,6,219
MrBrightside503,ireland,33,235
OpenTheBorders,ireland,24,235
PythagorasJones,ireland,62,235
RedditIsAShitehole,AskReddit,25,122
Shadakh,ireland,12,235
Vergehat,ireland,147,235
XYcritic,asoiaf,22,235
abstractcontrol,MachineLearning,16,219
b0gg3r,apple,8,122
barmaley_exe,MachineLearning,1,219
bbcslave92,AskReddit,145,122
darkmighty,baduk,95,219
donovan_rossa,ireland,82,235
elktamer,canada,108,210
gborroughs,Conservative,6,210
headondesk,irishpolitics,8,210
irish_lad_edi,ireland,139,235
karma-toes,ireland,271,235
needlzor,powerlifting,37,195
paddypadpad,ireland,40,235
peon47,hearthstone,60,235
postdarwin,ireland,30,235
pranv,MachineLearning,58,219
ptar86,survivor,27,235
pyort,datasets,1,210
tnbd,civbattleroyale,14,37
