author,subreddit,maxcount,topic
Achalemoipas,worldnews,116,210
Arguron,Economics,69,210
ChrisRathman,programming,29,239
CuntSmellersMegaCorp,reddit.com,17,235
FiL-dUbz,WeAreTheMusicMakers,22,69
FrancisC,reddit.com,39,235
Grokmoo,AskReddit,10,122
Grue,atheism,31,210
I_LOVE_IE6,programming,4,239
Inspired,science,6,219
JulianMorrison,worldnews,16,210
Kijamon,AskReddit,138,122
Korollary,programming,9,239
LWRellim,Economics,105,210
Mad_Gouki,reddit.com,15,235
SaltyBoatr,bicycling,10,235
Seele,programming,22,239
The_Idiot,worldnews,15,210
Urbatect,Economics,30,210
asdfgasf2ds22,Economics,2,210
baconn,politics,30,210
cypherx,programming,40,239
eoliveri,AskReddit,6,122
evrae,worldnews,70,210
godhammre,science,26,219
gregny2002,funny,23,69
hiffy,programming,79,239
joelthelion,programming,57,239
kurin,reddit.com,9,235
lunchladydoris2,Economics,43,210
mrsolutions,politics,12,210
ngroot,AskReddit,27,122
oconostota,reddit.com,66,235
pozorvlak,programming,160,239
pretz,AskReddit,5,122
pubjames,worldnews,19,210
queus,Economics,44,210
shaolingod,reddit.com,8,235
shaurz,programming,52,239
shenglong,programming,32,239
slenderdog,Economics,27,210
the-wise-fool,pics,6,69
torrent1337,Economics,42,210
trowserwowser,worldnews,21,210
uzimonkey,gaming,15,235
winstonsmith,AskReddit,3,122
wozer,programming,7,239
