author,subreddit,maxcount,topic
Azhrei,ireland,42,235
Broeman,Anarcho_Capitalism,48,235
CDfm,ireland,494,235
DundonianStalin,DotA2,30,235
ElMarLaMar,ireland,1,235
Girfex,todayilearned,60,235
Lambda_Rail,CFB,4,58
M78,ireland,10,235
PlatoPirate_01,Futurology,24,210
SafeForPandas,science,6,219
Sevii,starcraft,14,69
Snoutmol,Minecraft,31,69
XXCoreIII,DebateReligion,221,235
box_of_carrots,ireland,233,235
brain4breakfast,MapPorn,45,69
caffreb,ireland,2,235
davef,ireland,39,235
dinnyhoon,unitedkingdom,8,210
great-pumpkin,collapse,12,210
hctet,ireland,39,235
hngryhngryhippo,AskReddit,10,122
khafra,DebateReligion,74,235
marsten,Futurology,8,210
my_novelty,Frugal,2,69
nsa_at_home,cryptography,21,122
paulieccc,ireland,5,235
strategosInfinitum,ireland,52,235
theduckslayer,weightroom,18,122
theskymoves,ireland,3,235
xtc46,weightroom,216,122
