author,subreddit,maxcount,topic
Eiii333,gaming,23,235
Gro-Tsen,math,3,219
Iznik,worldnews,14,210
RetroRock,netsec,3,239
Whisper,reddit.com,25,235
Xophmeister,AskReddit,23,122
a1k0n,programming,10,239
acidflask,math,6,219
alexs,programming,97,239
alphabeat,AskReddit,152,122
anoncoward101,Economics,16,210
ayrnieu,Anarchism,218,210
checksinthemail,politics,43,210
dmfdmf,Economics,20,210
eviljames,canada,85,210
exeter,programming,80,239
for_no_good_reason,programming,27,239
godhammre,Economics,34,210
greenrd,programming,51,239
heptadecagram,programming,6,239
hiffy,programming,145,239
hongnanhai,science,13,219
jeff0,pics,7,69
jmmcd,programming,26,239
kolm,reddit.com,37,235
m1ss1ontomars2k4,AskReddit,93,122
mbrowne,worldnews,16,210
mstoehr,math,4,219
nbloomf,math,26,219
neuromonkey,reddit.com,215,235
nexus2xl,pics,20,69
pinxox,reddit.com,23,235
randomb0y,AskReddit,43,122
romwell,worldnews,12,210
schizobullet,AskReddit,32,122
scott1369,politics,10,210
sickofthisshit,programming,26,239
sputz,worldnews,44,210
starkinter,AskReddit,12,122
treerex,programming,7,239
typon,AskReddit,46,122
uncreative_name,WTF,68,235
veritaze,reddit.com,74,235
wildeye,programming,29,239
zingbat,reddit.com,3,235
