author,subreddit,maxcount,topic
Accelerator,Games,12,116
Arges,gamedev,24,122
Atyzze,explainlikeimfive,7,235
CDfm,ireland,364,235
CaisLaochach,ireland,91,235
DRMacIver,programming,14,239
GoodLuckAir,truegaming,69,235
Homo_sapiens,AskReddit,14,122
MestR,funny,122,69
MiEsAmericano,vinyl,39,69
Monkey_Town,math,69,219
Platypuskeeper,askscience,143,235
Rory_The_Faggot,ireland,13,235
Salamosam,tabletopgamedesign,12,69
TooSmalley,AskReddit,21,122
Verify_23,ireland,1,235
WhiteGhost,weightroom,3,122
acegibson,AskReddit,2,122
ameoba,programming,56,239
cstross,IAmA,146,210
eoin2017,ireland,330,235
freespace,australia,6,210
goltrpoat,chess,36,235
hctet,ireland,28,235
horsepills,AskHistorians,2,210
latebaroque,ireland,62,235
mwtalbert,singularity,1,219
pintsofguinness,ravens,8,235
ploucroux,chess,31,235
protagonic,chess,132,235
rakista,news,48,210
rocketman0739,AskReddit,65,122
rocketsocks,space,50,69
scu42,ReverseEngineering,1,239
simpleuser,programming,23,239
sje46,funny,134,69
starlinguk,pics,66,69
strategosInfinitum,ireland,104,235
tebee,falloutequestria,55,235
thefuturist1337,buildapc,9,122
towo,gaming,28,235
vanoccupanther,TrueReddit,13,210
xtc46,weightroom,282,122
