author,subreddit,maxcount,topic
Asurnasurpal,asktransgender,25,235
Charyku,doctorwho,4,69
Dimethyltrip_to_mars,GrandTheftAutoV,92,235
FuckTheLeftieCunts,ireland,38,235
HacksawJimDGN,soccer,56,58
Huandil,ireland,3,235
Jeqk,ireland,308,235
Khaaannnnn,skeptic,16,210
Leviosaugh,AskReddit,41,122
LuvMeBitch,videos,58,235
Smokeitout,coys,87,58
SpaceDetective,formula1,4,198
foulpudding,Libertarian,10,210
garyspeedjnr,videos,4,235
james_rockford,ireland,157,235
joealarson,3Dprinting,30,69
ninjawasp,ireland,10,235
purewexford,ireland,154,235
ronnierosenthal,rugbyunion,225,235
strategosInfinitum,ireland,60,235
sulumits-retsambew,russian,7,69
websnarf,todayilearned,15,235
weezer3989,polandball,77,210
zem,crosswords,52,235
