author,subreddit,maxcount,topic
AerateMark,AskReddit,113,122
ArcherMSterling,AcademicPhilosophy,3,219
Billistic,conspiracy,47,210
CDfm,ireland,473,235
HubbleTrain,AskReddit,29,122
LickitySplit939,TrueReddit,15,210
MikeDobbins,AskReddit,11,122
PolarSheep,IAmA,1,210
TheOtherSarah,AskReddit,9,122
Tobislu,Futurology,111,210
_ph0t0n_,funny,11,69
alas-poor-yorick,linguistics,12,219
butternaught,Cooking,1,122
darknessvisible,AskReddit,42,122
douchebag_investor,Economics,23,210
eleitl,energy,47,210
happyFelix,funny,10,69
hateball,ireland,2,235
iFishy,buildapc,3,122
iadtyjwu,politics,25,210
infrikinfix,pics,25,69
inigo_montoya,yoga,21,69
m0llusk,AskReddit,45,122
nawitus,vegan,144,235
otakucode,funny,51,69
qvae_train,programming,1,239
schala09,AskReddit,6,122
skpkzk2,Futurology,26,210
suhrob,emacs,4,239
zeoslap,cleanjokes,1,235
