author,subreddit,maxcount,topic
Amendmen7,politics,55,210
D3ADBOLT,politics,32,210
MrKlaatu,reddit.com,518,235
Ono-Sendai,programming,12,239
SohumB,science,3,219
acornwa,politics,2,210
api,politics,23,210
aveceasar,politics,49,210
b34nz,politics,131,210
bumped,reddit.com,142,235
casaubon,reddit.com,12,235
cbucket,business,21,210
ch00f,reddit.com,62,235
danweber,reddit.com,55,235
darkstate,programming,1,239
daysi,reddit.com,74,235
duus,reddit.com,172,235
fivre,reddit.com,84,235
gnudarve,reddit.com,3,235
gthank,programming,14,239
h0dg3s,reddit.com,570,235
howars,obama,2,210
hsfrey,reddit.com,23,235
ipeev,programming,34,239
john_b,reddit.com,33,235
joyork,reddit.com,26,235
leed25d,reddit.com,5,235
leoc,programming,22,239
liminaltimes,reddit.com,82,235
mindbleach,reddit.com,215,235
netsql,politics,5,210
nkktwotwozero,reddit.com,3,235
paro,reddit.com,195,235
pepparkaka,reddit.com,82,235
queus,Economics,19,210
radix2,reddit.com,79,235
rogueman999,reddit.com,10,235
samdude1400,Economics,2,210
sfgeek,reddit.com,196,235
smsc,politics,235,210
sosueme,reddit.com,18,235
spidermite,reddit.com,15,235
tadrinth,reddit.com,10,235
theeth,reddit.com,36,235
toonces,reddit.com,66,235
uassholes,science,1,219
vortmeester,business,1,210
zac79,reddit.com,25,235
