author,subreddit,maxcount,topic
CDfm,ireland,347,235
ClitDoctorMD,AskReddit,72,122
Dongface,ireland,52,235
Gr1fter,ireland,46,235
ItsTyrrellYo,ireland,125,235
MitchellSalad,haskell,15,239
RelevantJew,Seahawks,8,235
Tyrconnel,soccer,25,58
VandalsStoleMyHandle,chess,14,235
WhyIsThatImportant,ludology,16,219
catmalogen,ireland,81,235
essjay71,ireland,15,235
fia_bui,MensRights,446,210
gapmunky,Bitcoin,37,235
heartosay,Christianity,65,235
monkeyfudge,ireland,16,235
mycl,rugbyunion,4,235
quantumsheep,ireland,186,235
shovelingtom,Anthropology,3,210
strategosInfinitum,ireland,74,235
stubborn_icecube,AdviceAnimals,2,235
zixx,notinteresting,35,235
