author,subreddit,maxcount,topic
4_5_6,hiphopheads,161,181
A_Flamboyant_Warlock,assassinscreed,32,235
Amb_12,ireland,726,235
Anathos117,politics,10,210
Baldybogman,ireland,202,235
BigOneEyedPurpleEmu,NoFap,17,235
CDfm,ireland,771,235
CaisLaochach,ireland,735,235
Complaingeleno,Futurology,10,210
DTF_20170515,vegan,59,235
DarrenGrey,tolkienfans,26,37
Daxx22,SWGalaxyOfHeroes,53,235
Deeviant,DebateReligion,109,235
Disappointed_Echoes,The_Donald,10,235
DoomMonster,newzealand,7,69
DrixlRey,CryptoMarkets,19,235
Eddievetters,movies,2,89
FJLyons,PS4,45,235
FrenchFryCattaneo,photography,34,69
Gomonkeyrun,worldnews,19,210
InfinitelyThirsting,AskWomen,88,235
Isdatajointman,politics,30,210
JMuells_,politics,15,210
JanneJM,japanlife,67,122
JasonVII,ireland,31,235
Jean-Porte,MachineLearning,10,219
Kautiontape,xkcd,7,69
Kylesmithers,wow,5,235
MagentaSpammer,ireland,84,235
MyWifeDontKnowItsMe,AskReddit,165,122
Nameless_Archon,ShouldIbuythisgame,34,122
Nazi_Marxist,PrequelMemes,284,235
Nuclear_F0x,ireland,35,235
OnlyWallsOfText,ireland,121,235
PabloSeshcobar,trees,26,210
PaleWolf,PUBGXboxOne,7,235
ParanoidQ,worldnews,14,210
PeeUrPantsNews,dating_advice,41,235
RagingSatyr,AskReddit,422,122
Randomthoughtssss,ireland,35,235
Refefer,MachineLearning,10,219
Revrak,bayarea,14,129
RosemaryFocaccia,politics,68,210
ScaldyOnionBag,ireland,40,235
ScrithWire,news,23,210
SemperVenari,ireland,863,235
SorryWhat,ireland,197,235
SunSh4dow,DotA2,2,235
Tadhg,ireland,6,235
TheJungleVIP,AskMen,13,235
Thedarknight1611,AskReddit,48,122
Tiffany_is_that_you,AnimalsBeingDerps,1,235
Transocialist,ChapoTrapHouse,129,210
TruePrimal,Paleo,36,69
TwilightVulpine,brasil,21,46
TwistedRonin,AskReddit,14,122
Vergehat,ireland,288,235
WaterSickle,CBTS_Stream,20,
WhiteOutMashups,maidsafe,9,194
WikiTextBot,MapPorn,435,69
Xanny,wow,21,235
Yasea,Futurology,15,210
_Diskreet_,Documentaries,5,210
beeskness420,algorithms,12,219
bfmb,modelmakers,8,69
bigfacemedia3,AskReddit,48,122
blindcomet,ukpolitics,50,210
brazilliandanny,politics,77,210
burstolava,history,6,210
buster2222,politics,102,210
canigetamilkshakeplz,Beekeeping,1,69
cionn,AskReddit,7,122
cleavethebeav,AskReddit,22,122
coupdetacos,AskReddit,5,122
danwin,shittykickstarters,20,235
dastram,Switzerland,8,69
data_wombat,TwoXChromosomes,6,210
dinglebarry9,Buttcoin,19,235
eleitl,edefreiheit,405,72
elmanchosdiablos,ireland,47,235
eucr1d,ireland,258,235
fatduebz,news,824,210
fish-fingered,AskReddit,82,122
gabjuasfijwee,MachineLearning,12,219
gaslightjoe,ireland,16,235
grogipher,unitedkingdom,247,210
htrp,nfl,27,58
iamaquantumcomputer,cscareerquestions,5,122
jaredtobin,MachineLearning,1,219
jauchey,Documentaries,24,210
jh440020,greentext,24,235
jkellz592,Paleo,10,69
jkfgrynyymuliyp,ireland,9,235
jkmonty94,Futurology,15,210
julian88888888,webdev,31,239
kerrigor3,magicTCG,3,69
keviniswrong,ireland,32,235
kikimaru024,ireland,56,235
kriskroskris,DarkTable,1,239
mannyrav,BasicIncome,5,210
memystic,Futurology,2,210
misshirley,fatlogic,59,235
mostacks,AirForce,9,235
mostlyemptyspace,AskReddit,28,122
mydogatemyfootwork,news,12,210
oldneckbeard,politics,50,210
oxenoxygen,london,52,129
pikk,PoliticalDiscussion,129,210
pm_mba,india,14,69
ponieslovekittens,Futurology,237,210
punaisetpimpulat,europe,22,210
reaperindoctrination,The_Donald,16,235
red_grace,canada,91,210
scayne,Futurology,10,210
shaggorama,politics,70,210
skyniteVRinsider,Futurology,7,210
stuntaneous,Games,65,116
thatguy2526,Futurology,40,210
thatguyfromnewyork,nfl,22,58
thelostcause8432,Futurology,4,210
vili,PRINCE,11,69
vintermann,KotakuInAction,44,210
xeonicus,DnD,53,69
yourbodyisapoopgun,LateStageCapitalism,4,210
