author,subreddit,maxcount,topic
DoorsofPerceptron,askscience,64,235
FakenameMcAlias,AskReddit,4,122
Li0Li,ireland,17,235
Mauve_Cubedweller,atheism,30,210
ModernRonin,electronics,68,69
MxM111,math,4,219
Paynekiller,math,2,219
TheMangledBadger,ireland,19,235
Thranil,atheism,8,210
WheresMyElephant,boardgames,18,69
WhyEfficient,reddit.com,2,235
_delirium,askscience,18,235
adamwho,math,43,219
bready,gaming,15,235
breisleach,AskReddit,8,122
cryptorchidism,PhilosophyofScience,14,219
cuginhamer,DebateAnAtheist,31,122
drmomentum,math,36,219
errer,pics,3,69
fairestcheetah,AskReddit,59,122
feembly,Seattle,9,129
helenika,Music,2,235
mfredrickson,statistics,3,219
mrdmnd,math,9,219
novenator,politics,70,210
nuckingFutz,Rift,49,235
procastarchaeologist,history,8,210
reddddditer,Economics,50,210
rm999,askscience,70,235
rockets4kids,AskReddit,9,122
shaggorama,politics,20,210
shustrik,AskReddit,2,122
soulfrequencies,Homebrewing,18,69
spinflip,TwoXChromosomes,11,210
theLmovingKnight,Austin,23,129
typographicalerror,comics,5,235
urish,MachineLearning,4,219
zasinzebra,sysor,2,219
