author,subreddit,maxcount,topic
Adderkleet,ireland,142,235
ApolloCarmb,Anthropology,7,210
Blackfire853,neoliberal,132,210
CDfm,ireland,859,235
CodsworthMcAuley,ireland,31,235
DarlingBri,ireland,74,235
Declaration14C,gaeilge,3,235
Default_blah,IrishHistory,3,37
Farmbot26,Pathfinder_RPG,9,122
Jester252,ireland,364,235
MaesterMagoo,AskReddit,505,122
MrB_23,datasets,1,210
Murphler,northernireland,36,235
Oilosity12356,islam,28,210
Qaswerqwer,europe,123,210
Reiinakano,MachineLearning,6,219
StoneCypher,LocationSound,13,69
WikiTextBot,Bitcoin,441,235
Yooklid,ireland,71,235
ashstronge,politics,59,210
avonbarksday,ireland,20,235
cruiscinlan,ireland,48,235
dreevessf,datasets,4,210
fuckinghelldad,AskReddit,15,122
gnorrn,soccer,340,58
guanothan,ireland,1,235
hatrickpatrick,politics,54,210
jame_retief_,AskReddit,65,122
jerkymacface,ireland,13,235
joinville_x,gaming,10,235
justarandomyoke,ireland,28,235
kungspermis,cheatatmathhomework,1,122
lanzaa,learnmachinelearning,5,219
louiseber,ireland,1638,235
markpb,ireland,4,235
paulins,dataisbeautiful,1,219
red_concrete,ireland,5,235
rixuraxu,ireland,16,235
rozzer,raspberry_pi,19,69
shmel39,MachineLearning,5,219
smerity,MachineLearning,39,219
sohetellsme,college,17,69
stevothepedo,ireland,86,235
stunt_penguin,ireland,137,235
thesraid,ireland,44,235
trashacount12345,Libertarian,17,210
truchisoft,argentina,120,46
whollymoly,ireland,9,235
