author,subreddit,maxcount,topic
Arghem,collapse,60,210
Beneneb,AskReddit,30,122
BrowsOfSteel,WorldofTanks,29,235
Certhas,berlin,3,235
KopOut,politics,311,210
MyPublicFace,ecology,3,219
Skullclownlol,gamedev,33,122
TelaTubbyGuy,nba,5,58
TheBeerNut,beer,4,210
agapE_agape,learnmath,4,122
alexgmcm,unitedkingdom,69,210
ambivalent_beetle,computervision,6,219
bkkb,MachineLearning,1,219
cypocryphy,AskReddit,12,122
dessert_racer,berkeley,7,235
disconcision,SubredditDrama,18,210
eire1228,ireland,227,235
fbahr,sysor,2,219
fffrenchthellama,philosophy,19,219
genron1111,atheism,199,210
hightiedye,RealEstate,12,122
japaneseknotweed,knitting,251,69
jofer,Python,3,239
nandryshak,TheoryOfReddit,17,235
new_whistle,AskReddit,6,122
opolaski,canada,17,210
pkhuong,lisp,5,239
rmc,ireland,226,235
suprchunk,Homebrewing,62,69
themandotcom,Republican,80,210
webbitor,WTF,18,235
zem,AskReddit,16,122
zomboi,AskReddit,134,122
