author,subreddit,maxcount,topic
Antebios,pics,15,69
BravoLima,AmericanGovernment,25,210
HextorFreebish,reddit.com,11,235
Hwee,math,1,219
Jinbuhuan,science,60,219
NoMoreNicksLeft,politics,208,210
OlympicPirate,reddit.com,128,235
Omikron,business,32,210
Psy-Kosh,atheism,67,210
Shuck,math,3,219
Slawekk,math,1,219
Snoron,WTF,19,235
bradshawz,Music,14,235
broohaha,politics,10,210
btl,worldnews,26,210
charlatan,sports,86,58
chime,reddit.com,11,235
daniels220,business,28,210
deinst,math,4,219
djrocksteady,Economics,7,210
ealf,programming,15,239
eerock,math,3,219
eleitl,technology,63,210
elemenohpee,reddit.com,19,235
etoipi,math,4,219
frutiger,programming,31,239
jayokay,canada,2,210
jmmcd,programming,15,239
kolm,politics,27,210
kubalaa,programming,7,239
lolomfgkthxbai,worldnews,14,210
mangodrunk,atheism,53,210
mjd,reddit.com,6,235
nccwarp9,funny,1,69
one010101,reddit.com,175,235
pastanoose,politics,84,210
photokeith,pics,17,69
pointman,Economics,24,210
randomb0y,AskReddit,111,122
rm999,reddit.com,14,235
taejo,programming,25,239
thebigbradwolf,politics,34,210
ultimatt42,gaming,15,235
zem,AskReddit,44,122
