author,subreddit,maxcount,topic
C8-H10-N4-O2,HistoryNetwork,7,37
CDfm,ireland,383,235
Celtinarius,chess,73,235
Flagyl400,ireland,61,235
I_am_salad,funny,35,69
JimmyDeanKNVB,gamegrumps,12,235
KirillM,worldnews,116,210
Rory_The_Faggot,ireland,252,235
Soupynorman,ireland,87,235
TeutorixAleria,pcmasterrace,313,235
al-assad,techsupport,3,122
alwaysonesmaller,xboxone,27,194
autowikibot,todayilearned,2566,235
dan987ie,Romania,21,8
dr_gf,creepyPMs,13,235
incompetentrobot,entp,8,235
mflood,financialindependence,15,69
ramblerandgambler,ireland,20,235
some_q,cancer,6,69
summane,progressive,5,210
tom_c,gamernews,3,210
