author,subreddit,maxcount,topic
18Zuck,rstats,2,239
Baldybogman,ireland,42,235
Biscuit_Baron,rstats,1,239
CDfm,ireland,979,235
CaisLaochach,ireland,627,235
DataWave47,technology,7,210
Done2me,ireland,35,235
DrOddcat,nfl,12,58
EIREANNSIAN,ireland,89,235
EuropaClash,Conservative,126,210
FRONTBUM,ireland,102,235
GovPattNeff,datasets,1,210
Inform8n,datasets,6,210
Leitirmgurl,ireland,64,235
Libre2016,ireland,172,235
MN1H,powerlifting,94,195
MermaidAesthetic,AskReddit,20,122
Molten_Plastic,voroncorexy,59,69
NTGuardian,rstats,4,239
Sv3tlana,Parenting,11,235
WhiteOakApiaries,Beekeeping,74,69
Yergrand,ireland,118,235
ZergAreGMO,science,37,219
aGoodbyeToGuns,IrishHistory,1,37
antonytrupe,Beekeeping,13,69
artful_codger,ireland,40,235
bede_the_mighty,history,14,210
blanketyblank1,Beekeeping,1,69
celticeejit,soccer,78,58
crazymcfattypants,AskReddit,7,122
danfowler_ok,datascience,3,122
dbreidsbmw,Beekeeping,6,69
elephantpurple,SkincareAddiction,1,69
esbio,learnpython,31,239
gera75,MapPorn,32,69
hn_crosslinking_bot,MachineLearning,39,219
hypd09,TumblrInAction,94,235
jalbertbowden,nova,32,235
jonbruner,MachineLearning,2,219
lolercakesmcgee,opieandanthony,112,235
mostlymildopinions,soccer,120,58
squeezycheese,matheducation,3,219
stravant,magicTCG,161,69
