author,subreddit,maxcount,topic
234dragoman,ireland,20,235
AddemF,UpliftingNews,14,210
AnJu91,CasualConversation,12,235
ArguingPizza,todayilearned,21,235
AtariBigby,worldnews,6,210
Barbas,MachineLearning,4,219
BrundleflyUrinalCake,IWantToLearn,2,122
CDfm,ireland,685,235
CaisLaochach,ireland,325,235
CanucksFanInDublin,ireland,194,235
Christomouse,ireland,17,235
Ciene,Beekeeping,28,69
Dara17,ireland,27,235
Dunetrait,videos,4,235
ENelligan,Physics,1,219
JimmyJimRyan,technology,54,210
JohnCthulhu,ireland,70,235
Kerbobotat,ireland,15,235
King__Of__The__North,ireland,13,235
Love_Science_Pasta,ireland,22,235
Murasasme,funny,9,69
MyTribeCalledQuest,AskReddit,2,122
R3PTILIA,hearthstone,28,235
Rehcamretsnef,halo,62,235
Ruff_Dog,randomactsofamazon,104,69
SteveCoast_,IAmA,40,210
Telly_Valentino,videos,36,235
WhysEveryoneSoPissed,food,3,131
Your-Ma,ireland,348,235
annamaggie92,ireland,14,235
atomicxblue,Guildwars2,73,122
ayyyyy_lma0,ireland,9,235
bart2019,programming,6,239
brothgar,AskReddit,5,122
chibicody,oculus,4,194
cinemabaroque,AskSocialScience,6,210
cionn,ireland,109,235
cocopopsreddit,ireland,104,235
craiglen,ireland,2,235
crazycom64,puzzles,3,69
cypressg,ireland,19,235
emdio,baduk,4,219
eoinfleming,ireland,1,235
fia_bui,KotakuInAction,597,210
franklyimshocked,ireland,37,235
godiebiel,worldnews,176,210
improbabble,MachineLearning,14,219
iori42,gameai,3,219
jkfgrynyymuliyp,ireland,53,235
khamiltoe,ireland,80,235
knaves,dragonage,7,69
levi501dehaan,MachineLearning,4,219
marpocky,askscience,21,235
pox12782006,Beekeeping,3,69
rmc,ireland,259,235
rmlrn,MachineLearning,3,219
shannondoah,india,213,69
sufferforscience,MachineLearning,1,219
unem,ireland,9,235
utopiah,Bitcoin,24,235
wardaddy123,ireland,24,235
