author,subreddit,maxcount,topic
Alpha-Bravo-C,ireland,39,235
Anti_Craic,mildlyinteresting,2,69
Baldybogman,ireland,97,235
CDfm,ireland,881,235
Deleetdk,slatestarcodex,73,219
DutchGoldServeCold,ireland,56,235
HaroldSeldon,ireland,13,235
HelperBot_,worldnews,895,210
Hulkkicker30,Fitness,269,69
JisaacT124,Fishing,6,69
NapoleonTroubadour,ireland,50,235
SeanUR,northernireland,17,235
Tyfui,ireland,4,235
TylerCowen,IAmA,96,210
Wild_Hunt,unitedkingdom,164,210
Yooklid,ireland,102,235
ZxZxchoc,ireland,11,235
alistair1537,atheism,46,210
catcaste,todayilearned,19,235
cf49512,ireland,4,235
countessmeemee,ireland,509,235
culraid,aviation,10,69
faith_some_more,ireland,11,235
ghostofexatorp,powerlifting,7,195
guy_incognito_mode,ireland,24,235
imoinda,ireland,42,235
kkroy22,datasets,1,210
mynosemynose,ireland,105,235
oregoon,Beekeeping,16,69
paulaorangepeel,survivor,53,235
rahrahrahrar,Competitiveoverwatch,21,235
raspberry_smoothie,ireland,578,235
redditandweap482,LateStageCapitalism,26,210
rozzer,ireland,12,235
smoothChopstick,ireland,15,235
syncretionOfTactics,ireland,198,235
tomwaits78,ireland,8,235
tonydrago,ireland,33,235
unknownfet715,Aquariums,12,69
yorganda,totalwar,103,235
yourdrunkirishfriend,ireland,35,235
