author,subreddit,maxcount,topic
234dragoman,ireland,58,235
AnUS-27,SampleSize,7,122
Bob_goes_up,Denmark,15,241
CDfm,ireland,426,235
CaisLaochach,ireland,217,235
CanuckinDublin,ireland,225,235
DartzIRL,ireland,60,235
Dementati,programming,11,239
Disgruntled_Old_Trot,badhistory,14,210
DoremusJessup,politics,14,210
EETrainee,worldnews,4,210
FallingIdiot,programming,8,239
Fat_Head_Carl,opieandanthony,20,235
GazVW,ireland,6,235
Jurryaany,worldnews,27,210
LWRellim,lostgeneration,75,210
Managore,boardgames,12,69
Martialis1,leagueoflegends,5,235
NoBeardMarch,Gunners,18,58
PeterK2003,Beekeeping,2,69
RevolutionaryCommie,ireland,44,235
Sambospudz,ireland,6,235
SoSoFishy,dfsports,103,58
Spoonshape,ireland,50,235
Staxxy,france,105,217
Tadhg,ireland,137,235
ackbars_trapped,perth,40,69
autowikibot,TumblrInAction,647,235
berf,statistics,33,219
bobjohnsonmilw,synthesizers,10,69
br0_r0gan,Omaha,3,69
czi,Fitness,93,69
daveireland,ireland,2,235
debiatan,PhilosophyofScience,1,219
deverout,Art,1,110
ds_forgood,datasets,3,210
fleshrott,DaystromInstitute,15,235
fuck_your_theory2,ireland,129,235
funderbolt,gis,8,235
greg_barton,energy,134,210
harrytrum4n,math,3,219
holomanga,cringepics,32,235
igouy,programming,9,239
islander21,Fishing,3,69
jambarama,magicTCG,152,69
loprian,seasteading,4,219
marshsmellow,worldnews,85,210
misplaced_my_pants,AskWomen,156,235
monkeyfudge,ireland,69,235
necrotica,futuristparty,53,210
ooroo3,math,21,219
peon47,AskReddit,61,122
purifol,ireland,13,235
ramsesniblick3rd,ireland,259,235
realoldfatguy,geocaching,32,69
rightfuture,futuristparty,89,210
rrawasi,worldnews,21,210
shortbaldman,worldnews,136,210
sixwings,artificial,28,219
skulgnome,programming,109,239
skytomorrownow,sailing,21,69
squareOfTwo,science,4,219
superflipcup,programming,34,239
sweetafton,ireland,54,235
taocpfa,AskReddit,39,122
timetoskedaddle,programming,4,239
tperrigo,MachineLearning,6,219
twinbee,teslamotors,74,69
uglybunny,programming,40,239
windwrightmage,aww,13,69
wintron,AskCulinary,2,122
zenobase,QuantifiedSelf,15,122
zuodun,AskReddit,3,122
zuzahin,ColorizedHistory,16,210
