author,subreddit,maxcount,topic
ChaosBeast,politics,116,210
ContentWithOurDecay,Homebrewing,101,69
Independent,politics,97,210
Iratus,worldnews,78,210
JakDrako,gaming,9,235
Legollama,fffffffuuuuuuuuuuuu,12,235
Lordaj92,Minecraft,39,69
R3g,worldnews,7,210
ReiToei,ireland,25,235
ZorbaTHut,wow,50,235
barsoap,worldnews,34,210
bautin,atheism,106,210
chmown,ireland,4,235
clumma,technology,9,210
derwisch,soccer,14,58
dirtyuncleron69,AskReddit,75,122
elvisliveson,reddit.com,372,235
epicmoustache,AskReddit,9,122
frambles,AskReddit,13,122
heather-in-ca,cogsci,6,219
himynameistony,math,38,219
hrafnkell,Homebrewing,7,69
irokie,Homebrewing,38,69
ironiridis,AskReddit,30,122
jplvhp,politics,49,210
kaggle,MachineLearning,11,219
kpw1179,Homebrewing,9,69
kungfulkoder,Homebrewing,5,69
lil_cain,netsec,18,239
mrgatorboy,AskReddit,36,122
nuttyalmond,worldnews,48,210
rchase,AskReddit,38,122
reddilada,AskReddit,158,122
ruaidhri,ireland,13,235
sionnach,AskReddit,101,122
so_hologramic,programming,2,239
