author,subreddit,maxcount,topic
500Rads,conspiracy,46,210
Astrum91,funny,8,69
BeatlesForSale,HistoryPorn,29,210
Benji_Walton,worldnews,166,210
Bob9999999999999,TumblrInAction,247,235
BugbearsRUs,Cynicalbrit,18,235
CDfm,ireland,649,235
CanuckinDublin,ireland,114,235
ContiGhostwood,ireland,2,235
DaithiOMaolmhuaidh,soccer,30,58
Dara17,ireland,16,235
DatJazz,ireland,81,235
Dev__,ireland,100,235
DrJohnFever,TrueChristian,5,235
DrXaos,worldnews,21,210
EvilRobotUsses,AskReddit,28,122
FRONTBUM,ireland,116,235
Flagyl400,ireland,121,235
FlamingNipplesOfFire,leagueoflegends,110,235
Graspar,sweden,136,128
IDontOwnReddit,television,5,210
Ioun,TwoBestFriendsPlay,60,235
JohnOO,formula1,25,198
KapiTod,AskReddit,84,122
MUHAHAHA55,AskReddit,508,122
Migeycan87,reddevils,50,235
ModeofAction,ireland,74,235
NullVar,ireland,7,235
Number_28,books,14,210
OPDelivery_Service,news,7,210
ObsessiveMathsFreak,ireland,136,235
Precursor2552,AskReddit,16,122
Pylons,todayilearned,38,235
Rory_The_Faggot,ireland,176,235
Sanfranci,worldnews,33,210
SemolinaChessNut,chess,65,235
Silence_Dobad,ireland,11,235
Telionis,worldnews,6,210
TexasLonghornz,news,37,210
TheFreeYankee,AskReddit,11,122
TheSpoofFairy,ireland,211,235
Thecna2,AskReddit,58,122
Yearlaren,MapPorn,74,69
aarong9224,ireland,20,235
anon338,Anarcho_Capitalism,300,235
autowikibot,TumblrInAction,543,235
calm00,ireland,12,235
canausernamebetoolon,Economics,56,210
clive892,AskReddit,22,122
corathus59,ainbow,69,210
davef,ireland,222,235
eire1228,ireland,130,235
finigian,ireland,117,235
flanflinger,ireland,156,235
gerrowadat,ireland,54,235
golyadkin,AskReddit,9,122
irish_joker,ireland,1,235
jphamlore,SquaredCircle,35,235
kenetha65,AskReddit,22,122
kinseyeire,ireland,5,235
larjew,ireland,18,235
mixturemash,QuotesPorn,6,235
neutralinostar,rust,38,239
ntxhhf,ireland,20,235
phyzome,organic,28,210
ramsesniblick3rd,ireland,117,235
randomfact8472,canada,337,210
rmc,ireland,46,235
ronnierosenthal,soccer,231,58
ruaidhri,fatlogic,37,235
rydan,Bitcoin,243,235
rymenocerous,ireland,24,235
sarcasticmrfox,AskReddit,26,122
satori1289,bartenders,5,235
shneakynaggin,ireland,80,235
silver_medalist,soccer,264,58
strawmannequin,TumblrInAction,192,235
swiftb3,AskReddit,44,122
thelepo,ireland,8,235
theodorAdorno,AskReddit,33,122
throwawayp1zza,rpg,13,235
timpidiot,ireland,4,235
