author,subreddit,maxcount,topic
AIMMS,sysor,1,219
Bruncvik,ireland,4,235
CDfm,ireland,449,235
ImHalfAwake,nba,5,58
ItsTyrrellYo,ireland,149,235
Krystof_,politics,10,210
LadyTim,ireland,2,235
Lakehaus,math,9,219
Mindrust,Futurology,30,210
Wiblert,Fitness,3,69
armitages,ireland,8,235
box_of_carrots,ireland,219,235
cdr1122334455,FRC,2,235
cupofteafather,soccer,88,58
demechman,AskReddit,4,122
finyacluck,ireland,59,235
grania17,ireland,77,235
jmmcd,ireland,12,235
plajjer,Libertarian,3,210
pojems,CysticFibrosis,5,69
rmc,ireland,235,235
rolfr,ReverseEngineering,23,239
xtc46,weightroom,364,122
