author,subreddit,maxcount,topic
60secs,reddit.com,27,235
Battleloser,reddit.com,29,235
BestServedCold,reddit.com,54,235
ChrisOz,reddit.com,6,235
Fountainhead,politics,205,210
KillerAngel7,reddit.com,35,235
MadMark,reddit.com,24,235
Nate_W,politics,38,210
NoMoreNicksLeft,politics,1158,210
abw,reddit.com,15,235
aposter,reddit.com,20,235
asciilifeform,reddit.com,49,235
baltoo,programming,7,239
bananahead,politics,119,210
bastardo,politics,1,210
beohbe,science,17,219
bithead,reddit.com,188,235
braindrane,politics,128,210
cecilkorik,reddit.com,267,235
cot6mur3,programming,4,239
cweaver,reddit.com,48,235
dacat,reddit.com,16,235
degustibus,reddit.com,262,235
diatribal2,reddit.com,348,235
floodyberry,programming,9,239
georgefrick,reddit.com,104,235
hen,reddit.com,18,235
hopeless_case,politics,39,210
indigoshift,reddit.com,233,235
jrandom,reddit.com,46,235
llimllib,programming,136,239
lmao,programming,2,239
markansoul,reddit.com,64,235
notor,reddit.com,31,235
oska,reddit.com,17,235
parla,reddit.com,7,235
pietro,programming,7,239
pintachio,reddit.com,12,235
pskomoroch,programming,3,239
ratzero,reddit.com,21,235
rednukleus,reddit.com,87,235
shuael,politics,341,210
yoda17,reddit.com,70,235
zhokuai,reddit.com,264,235
