author,subreddit,maxcount,topic
CDfm,ireland,689,235
CunningAllusionment,news,45,210
Driveby_Dogboy,ireland,67,235
Fizzlerr,depression,14,235
GastonBoykins,buccos,162,235
I_have_arms,ireland,7,235
It_Is1-24PM,DevelEire,15,235
Latent_space,MachineLearning,31,219
Lord_Trajan,urbanplanning,24,129
SamplePop,IWantOut,1,122
The_RagingCaucasian,urbanplanning,11,129
Watercrystal,de,9,72
YouAintGotToLieCraig,opieandanthony,80,235
abcxyd,HomeworkHelp,14,122
aminok,vancouver,201,129
bbqroast,urbanplanning,58,129
cdc143,learnprogramming,35,122
cogra23,ireland,45,235
cuspred,ireland,16,235
jmite,elm,20,239
kkastner,MachineLearning,50,219
lost_in_life_34,nyc,111,129
sinshallah,MachineLearning,2,219
sparafucilee,politics,16,210
thestandardtoaster,ireland,64,235
