author,subreddit,maxcount,topic
Andrew-Ryan,AskReddit,8,122
Apocrathia,beer,4,210
Canopy,france,21,217
DSchmitt,atheism,78,210
DeathBySamson,gaming,1,235
Gaelach,ireland,11,235
Guillane,evedreddit,33,235
Imsomniland,Anarchism,127,210
Iratus,pics,92,69
Linlea,science,39,219
Mr_Smartypants,AskReddit,139,122
NewsMom,math,1,219
NitsujTPU,AskReddit,19,122
Peaker,worldnews,265,210
ProbablyBelievesIt,politics,15,210
Seawolf87,reddit.com,12,235
TotoTheDog,IAmA,136,210
Turbojelly,AskReddit,10,122
asdjfsjhfkdjs,AskReddit,67,122
burketo,pics,26,69
duinn,MMA,10,235
dvs,AskReddit,155,122
frenchphrasebook,reddit.com,11,235
heiferly,DoesAnybodyElse,33,235
igor420,pics,5,69
mehum,worldnews,40,210
mrgatorboy,AskReddit,26,122
oofoe,web_design,3,235
randomfate,AskReddit,73,122
redditisforsheep,Music,5,235
ruaidhri,ireland,27,235
samprimary,AskReddit,6,122
sanity,programming,16,239
sron,books,1,210
temujin64,gaming,30,235
thecrotch,AskReddit,90,122
voltsampslabs,AskReddit,39,122
