author,subreddit,maxcount,topic
984812,worldnews,22,210
BLUNTYEYEDFOOL,ireland,39,235
Beasty_Glanglemutton,pics,5,69
BlueJoshi,nintendo,69,116
Bodiwire,AskReddit,4,122
Bossman1086,redsox,146,235
Bucklesman,ireland,44,235
CUNTBERT_RAPINGTON,Futurology,11,210
CanadianHoser,canada,13,210
Doozer,gaming,1,235
EndOnAnyRoll,ireland,46,235
FolkSong,todayilearned,14,235
Gis_A_Maul,movies,5,89
HappyGrrl,history,8,210
Haversoe,Futurology,6,210
HeraclitusX,Futurology,1,210
IvyGold,washingtondc,89,129
JBlitzen,learnprogramming,58,122
JensenUVA,chess,49,235
JohnTDouche,ireland,47,235
Leer10,LifeProTips,2,235
Leet_Noob,math,37,219
Liambp,gamingsuggestions,32,122
Megatron_McLargeHuge,asoiaf,186,235
MonkeyTails33,AskReddit,86,122
ProGamerGov,dogecoin,260,235
RetraRoyale,TwoXChromosomes,48,210
VM1138,GODZILLA,30,69
Versk,ireland,11,235
WaitThisIsntDigg,gaming,5,235
adamrgisom,chess,11,235
angstud,SS13,38,235
anothertor,Futurology,2,210
autowikibot,todayilearned,2128,235
doubleColJustified,dogecoin,199,235
e2dx,ireland,5,235
fstraat,WTF,1,235
grauenwolf,programming,438,239
hungry4nuns,pics,14,69
in_the_fresh,MachineLearning,8,219
jaxbotme,googleglass,24,69
johnnywacko,tifu,16,210
justfuknkillurself,pics,10,69
k-uke,AskReddit,58,122
marcioapm,MachineLearning,1,219
mockbalkbawk,trees,22,210
mrdeadsniper,AskReddit,60,122
mrnovember5,Futurology,382,210
my_walls,weightroom,3,122
mythstified,rstats,6,239
ronnierosenthal,rugbyunion,429,235
senti,AskReddit,3,122
stephir0th,AskReddit,7,122
terafunker,polandball,64,210
thesilverpig,funny,24,69
thewimsey,languagelearning,34,235
viajante31,jobs,19,122
whorunit,fantasybaseball,22,58
