author,subreddit,maxcount,topic
ChunkyLaFunga,reddit.com,107,235
GetToTheKarateChoppa,reddit.com,75,235
HeroicLife,politics,17,210
Independent,politics,38,210
Lucretius,science,12,219
MaximumBob,reddit.com,23,235
NoMoreNicksLeft,politics,464,210
Rsardinia,reddit.com,99,235
Whisper,reddit.com,163,235
azimuth,science,2,219
benjamincanfly,reddit.com,56,235
bluGill,programming,122,239
carac,reddit.com,38,235
coldwarrior,politics,122,210
cstoner,reddit.com,42,235
erebus,reddit.com,5,235
evilnight,politics,7,210
fjhqjv,reddit.com,160,235
hillahilla,business,1,210
jugalator,reddit.com,214,235
linuxlass,reddit.com,33,235
llimllib,programming,82,239
lolcats,politics,83,210
mindslight,reddit.com,71,235
moriquendo,reddit.com,143,235
morner,reddit.com,246,235
moxiepuff,reddit.com,10,235
polyparadigm,reddit.com,184,235
psogle,reddit.com,113,235
redditcensoredme,science,174,219
redrover,reddit.com,19,235
snifty,reddit.com,25,235
stcredzero,programming,41,239
theundersigned,reddit.com,67,235
turkourjurbs,reddit.com,191,235
uriel,politics,41,210
