author,subreddit,maxcount,topic
12remember,reactiongifs,18,235
602Zoo,politics,47,210
6beesknees,CasualUK,258,235
CDfm,ireland,647,235
CaisLaochach,ireland,465,235
Declaration14C,Xcom,4,235
Facepalm2infinity,excel,9,122
FoxyBastard,AskReddit,137,122
FrankieFrisco,ireland,3,235
GeorgieCaseyUnbanned,ireland,10,235
GiuseppeODonnell,ireland,9,235
Grock23,Retconned,5,122
MeAsking,ireland,1,235
MotionKing,math,2,219
N_Johnston,Trophies,43,69
PhuckThat,Scotland,20,235
Sandalman3000,leagueoflegends,19,235
Satoyama_Will,Beekeeping,82,69
Stuck_In_the_Matrix,politics,46,210
SultanLaxeby,math,8,219
TheBloodyMummers,ireland,38,235
TheKing01,math,51,219
Uncerious,ireland,44,235
Waldinian,AskReddit,1,122
WikiTextBot,testingground4bots,413,235
Yerwun,ireland,165,235
aYANKinEIRE,irishcraftbeer,1,194
beerybeardybear,Android,203,239
bifurcafe,mathpics,1,219
box_of_carrots,ireland,255,235
functor7,math,24,219
good_one_dickhead,ChapoTrapHouse,53,210
grenouille_vert,datasets,2,210
jkfgrynyymuliyp,ireland,11,235
khashei,math,2,219
kris220b,BadDragon,46,69
lbcbtc,ireland,727,235
magicmance,ireland,219,235
mbhound_,PUBATTLEGROUNDS,4,235
mccannan,ireland,6,235
mnp,videos,8,235
nucleomancer,math,2,219
numbuh-0,Python,7,239
oneonetwooneonetwo,AskReddit,25,122
palordrolap,AskReddit,56,122
poolnallinnit,ireland,69,235
primepatterns,math,6,219
rmc,ireland,98,235
seaders,reddevils,59,235
sohetellsme,ChapoTrapHouse,120,210
stevenglansbergalone,ireland,177,235
totesnotashinnerbot,ireland,1144,235
v12a12,hiphopheads,23,181
vjaf24,europe,3,210
