author,subreddit,maxcount,topic
9Ghillie,casualiama,62,235
AAAAAAAHHH,AskReddit,53,122
AUGUST_BURNS_REDDIT,TheSimpsons,10,235
Alex_Rose,manchester,14,69
AnKlondike,IrishHistory,12,37
AnotherSmegHead,pics,274,69
Armenoid,LosAngeles,236,129
BakersDozen,ireland,276,235
ButtGardener,NUFC,90,58
CDfm,ireland,561,235
ChuckNorrisWithEbola,CodAW,45,122
ClickHereForBacardi,Denmark,69,241
D-tron,anime,12,69
DeepSouthDude,NoStupidQuestions,50,235
Dirty_Socks,3Dprinting,12,69
Flagyl400,ireland,88,235
Fopenplop,circlebroke,98,235
Han-Y0L0,ireland,17,235
Hencenomore,news,50,210
HenryHenderson,soccer,153,58
Highly_paid_orgy_pro,AskReddit,403,122
Jacky_Colliss_Harvey,history,9,210
JohnHiggs,history,12,210
Jowobo,AskReddit,40,122
Love_Science_Pasta,ireland,6,235
Lulzorr,TwoBestFriendsPlay,11,235
Lyzern,portugal,34,46
MachoDagger,GlobalOffensive,149,235
Maja_May,SubredditDrama,3,210
Mini_gunslinger,ireland,37,235
NopeNotAnthony,AskReddit,12,122
Not_A_Facehugger,AskReddit,540,122
Not_shia_labeouf,AskReddit,14,122
ObamaIsUgly,pcmasterrace,95,235
OliverSparrow,Futurology,110,210
PacoTaco321,AskReddit,268,122
PangKun,AskReddit,4,122
Prodigy-II,rapbattles,618,235
PurpleSmurkle,drunk,8,235
RapedBySeveral,hearthstone,8,235
RekdAnalCavity,syriancivilwar,108,210
Renegade_Meister,NoMansSkyTheGame,77,235
Reptile449,anime,24,69
Rootkit9208,casualiama,14,235
RoscoLM,ireland,179,235
RoscoStigson,ireland,70,235
SeamusFitz67b,ireland,196,235
SexThrowaway1125,casualiama,43,235
Soupynorman,ireland,110,235
SovietXedge,RoastMe,8,235
Spoonshape,ireland,185,235
SquareBall84,ireland,36,235
TRiG_Ireland,Christianity,91,235
TaylorS1986,AskReddit,234,122
TeaPartySilverbug,DippingTobacco,23,69
Teddie1056,worldnews,34,210
TheKcrimsonking,Bass,23,69
TheStateOfIt,polandball,4,210
Throwaway-1441,ireland,1,235
ToastedSoup,pcmasterrace,224,235
TonyMcCarp,ethereum,30,223
TweetsInCommentsBot,nfl,931,58
Uthrid,gaeilge,1,235
Xedma,SandersForPresident,18,210
Zilpzalp,GAMETHEORY,5,219
Zirgs,AskReddit,51,122
agent_philcoulson,tmobile,110,194
anubis_xxv,AskReddit,8,122
asphyxiate,edmproduction,58,122
autourbanbot,todayilearned,25,235
belgian_here,casualiama,3,235
brighteyedsmile,casualiama,17,235
cheejiayuan512,CasualConversation,17,235
chilaxinman,nfl,54,58
collectiveindividual,ireland,58,235
dilatory_tactics,politics,62,210
eamonn33,ireland,25,235
electrictrad,ireland,38,235
elmanchosdiablos,martialarts,4,235
fada126,worldnews,41,210
galaxyrocker,languagelearning,61,235
garrfunkel,ireland,80,235
gerrowadat,ireland,69,235
hdpq,chicago,90,69
jamiedee,casualiama,51,235
jawshuwah,funny,32,69
jrhii,baseball,31,58
kwidem,worldnews,20,210
life_traveler,EDM,2,235
lucw,3Dprinting,2,69
mayonnaise_man,horror,53,89
milkgonewild,funny,7,69
mindscrambler26,AskReddit,479,122
miraoister,unitedkingdom,180,210
morpen,Negareddit,48,235
myothercarisawhale,ireland,43,235
myvirginityisstrong,soccer,225,58
ny2la,casualiama,61,235
peter_frankopan,history,5,210
raywj1993,MMA,130,235
redhotchiliguy,videos,32,235
riomhaire,SRSGaming,69,235
scarfese,writing,11,122
shaggorama,RoastMe,42,235
shekib82,casualiama,117,235
soundslikemayonnaise,AnarchyChess,2,235
spitfire9107,AskReddit,63,122
spudnick_redux,ireland,10,235
themaxviwe,casualiama,487,235
thenichi,AskReddit,55,122
tommym109,reddevils,507,235
uTukan,MechanicalKeyboards,99,69
uokaybruh,AskReddit,10,122
wakawaq,geopolitics,7,210
whomadethis,rva,28,69
window5,casualiama,66,235
yosayoran,leagueoflegends,47,235
