author,subreddit,maxcount,topic
AgedAardvark,beer,10,210
CDfm,ireland,989,235
ChocolateGiddyUppp,nba,56,58
DardaniaIE,aviation,13,69
I_tend_to_correct_u,unitedkingdom,29,210
Ironstien,ireland,192,235
LatuSensu,AskReddit,56,122
TolOfGreatness,MMA,17,235
UncleBawnya,ireland,83,235
albertjrich,TrueChristian,56,235
are_you_being_served,london,1,129
cuntais_eile,ireland,72,235
dada_,chess,7,235
dwf,MachineLearning,22,219
dyspnea,epidemiology,1,219
ebolanurse,learnprogramming,13,122
evc123,MachineLearning,27,219
finigian,ireland,183,235
ga-p,unitedkingdom,54,210
greymutt,london,85,129
hypd09,datasets,50,210
kingscrusher-youtube,chess,8,235
kzei,medicalschool,5,235
nkrera,ireland,117,235
rmlrn,MachineLearning,28,219
rzet,europe,44,210
sweetafton,ireland,98,235
tornato7,UCSD,32,235
visarga,MachineLearning,13,219
