author,subreddit,maxcount,topic
Aardshark,reddit.com,20,235
Choo41,pics,44,69
DaGolfinRapper,trees,26,210
Dev__,ireland,29,235
DoorsofPerceptron,atheism,10,210
ImHalfAwake,sysor,16,219
Ivashkin,ukpolitics,358,210
JakeyG,unitedkingdom,1,210
LWRellim,Economics,272,210
MOE37x3,Judaism,29,210
Megatron_McLargeHuge,IAmA,77,210
Mozzananasom,IAmA,9,210
New_wildgoose,AskReddit,22,122
NithSahor,math,5,219
PaTrickster,sysor,1,219
RabidRaccoon,worldnews,342,210
Rookeh,fffffffuuuuuuuuuuuu,37,235
Rory_The_Faggot,ireland,16,235
SLDeviant,ireland,37,235
Sex_E_Searcher,funny,61,69
Spazsquatch,nfl,36,58
Stoodius,codbo,59,235
absw,unitedkingdom,21,210
alanpost,compsci,3,219
allaboutthebernankes,Economics,31,210
azth,programming,2,239
b0dhi,conspiracy,44,210
bobsleigh,LiverpoolFC,7,235
bunburya,Economics,4,210
captainLAGER,pics,16,69
ciaran036,worldnews,94,210
dermballs,AskReddit,168,122
dusk99,Economics,5,210
edward2020,WTF,10,235
fullcirno,linux,11,239
genpfault,linux,17,239
gonsalu,programming,2,239
grauenwolf,programming,202,239
jeeesus,PhilosophyofScience,8,219
midnight_jester,politics,15,210
mjskay,AskReddit,4,122
mooglor,ireland,67,235
pclogos,DoesAnybodyElse,33,235
pseudosciencepeddler,politics,7,210
root45,math,101,219
ropers,pics,83,69
rross,ireland,4,235
sirphilip,trees,26,210
smellycoat,DIY,5,69
sn00ter,books,1,210
tef,programming,40,239
temujin64,gaming,26,235
testrail,AskReddit,27,122
yacoob,gaming,10,235
yesmanapple,math,121,219
