author,subreddit,maxcount,topic
Atomics,Economics,132,210
DaPM,business,114,210
HardwareLust,AskReddit,61,122
JeebusWept,AskReddit,11,122
JimH10,science,14,219
LucasMembrane,programming,2,239
Mark4483,math,10,219
Shadowhand,programming,6,239
bloxxom,programming,9,239
chaconne,AskReddit,1,122
commonlawadmin,CommonLaw,1,210
counterfeit_coin,math,10,219
cyborg_selkie,worldnews,15,210
czntix05,math,3,219
googletrickedme,web_design,9,235
hajk,worldnews,42,210
joncash,Libertarian,19,210
kunjaan,programming,33,239
mossblaser,linux,56,239
prof_hobart,ukpolitics,13,210
rainman_104,canada,120,210
ranscot,math,24,219
tekwrecfix,programming,6,239
