author,subreddit,maxcount,topic
AlbertEinstim,biology,5,219
AlexFromOmaha,leagueoflegends,73,235
CDfm,ireland,341,235
Choppa790,battlefield3,57,235
DoTheDew,AlienBlue,20,235
DuckTruck,trees,148,210
EasternEuropean,worldnews,62,210
LBwayward,AskAcademia,3,235
MurrayBozinski,statistics,6,219
YoohooCthulhu,AskReddit,13,122
aaaieee,ireland,9,235
efrique,atheism,675,210
eleitl,energy,26,210
evilmaus,Economics,8,210
ferfecksakes,ireland,39,235
flodjo,ireland,4,235
froghead123,ireland,50,235
great-pumpkin,collapse,12,210
happyblanchy,unitedkingdom,35,210
kapolk,canada,10,210
kniteli,AskReddit,77,122
lil_cain,ireland,29,235
linderspace,ireland,11,235
madsravn,Denmark,19,241
my_cat_joe,nfl,62,58
propaglandist,AskReddit,62,122
ropers,AskReddit,60,122
rottenborough,starcraft,29,69
shadowlands339,atheism,69,210
statguy,Frugal,12,69
struckanerve88,RedditLaqueristas,36,69
sweetafton,ShitRedditSays,52,235
tel,statistics,36,219
troller10,politics,52,210
webby_mc_webberson,pics,253,69
whatisnanda,self,112,235
