author,subreddit,maxcount,topic
Baldybogman,ireland,212,235
BiPolarBulls,AskReddit,111,122
BlueGrenades,MMA,36,235
CDfm,ireland,1037,235
Creabhain,ireland,98,235
CyberByte,artificial,37,219
Damazein,relationships,13,69
EndlesslyRotatingNed,ireland,8,235
Famousoriginalme,epidemiology,5,219
FoodBeerBikesMusic,Justrolledintotheshop,70,69
GrifffGreeen,ethtrader,96,235
Hey-Bo-bandy,ireland,7,235
Histidine,labrats,16,69
Intense_introvert,BMW,220,69
ItsTyrrellYo,ireland,111,235
JonnyRoger,ireland,144,235
JoseJimeniz,politics,148,210
Kai_Daigoji,badeconomics,293,210
MullerReus,soccer,137,58
NewRedditAccount15,datasets,2,210
OpportunisticCat,PhilosophyofScience,2,219
PurelyApplied,Brawlhalla,21,235
Shanksdoodlehonkster,ireland,19,235
Stegasaurus_Wrecks,ireland,67,235
TurMoiL911,army,62,235
Velicopher,askphilosophy,8,235
bradfordmaster,cscareerquestions,10,122
cogra23,ireland,85,235
collectiveindividual,europe,338,210
gahane,ireland,4,235
gufcfan,ireland,40,235
mamaBiskothu,movies,15,89
mikaandfriends,ireland,60,235
mrkopalj,croatia,106,187
mungoflago,dataisbeautiful,23,219
myothercarisawhale,ireland,17,235
n4r9,ukpolitics,4,210
ngenda79,history,60,210
ninjawasp,ireland,26,235
outrider567,movies,366,89
paddypadpad,ireland,41,235
petepuskas,ireland,412,235
raywj1993,MMA,88,235
sunpeace,EDC,4,69
surpy,GalaxyS7,76,69
thestandardtoaster,ireland,71,235
vanquish46,UIUC,1,235
vodkagoodmeatrotten,MachineLearning,30,219
xkcd_transcriber,todayilearned,97,235
