author,subreddit,maxcount,topic
Achalemoipas,pics,322,69
GregorMendel,politics,57,210
IOIOOIIOIO,AskReddit,108,122
Koss424,WTF,17,235
LeBrad,AskReddit,4,122
NoahFect,reddit.com,14,235
Scabdates,WTF,3,235
Tangurena,AskReddit,133,122
TruthPicker,programming,13,239
TurtleIsland,IAmA,40,210
adamsfan42,education,5,210
argarg,programming,11,239
bassbin,pics,4,69
bondolo,canada,6,210
bonerville,pics,7,69
christianjb,science,53,219
comex,programming,51,239
counterfeit_coin,math,19,219
cwcc,math,89,219
daithiocoinnigh,gaming,6,235
dismember,AskReddit,18,122
eoinmadden,AskReddit,53,122
freireib,pics,25,69
gonzone,politics,121,210
idiot900,IAmA,29,210
jawbroken,programming,334,239
khafra,AskReddit,162,122
lapo3399,AskReddit,29,122
linuxlass,TwoXChromosomes,35,210
mdwyer,gaming,8,235
parachute44,pics,74,69
puffofvirtue,programming,22,239
quaternion,electronicmusic,19,235
roger_,movies,43,89
sanity,programming,65,239
theninjagreg,AskReddit,15,122
underthelinux,AskReddit,3,122
whatwedo,politics,3,210
xxrealmsxx,Economics,14,210
