author,subreddit,maxcount,topic
-Fighters,bodybuilding,60,235
Antomic,pics,2,69
BOZGBOZG,ireland,23,235
BankVole,chess,6,235
CDfm,ireland,530,235
Cool_Hand_Lucan,ireland,16,235
Hencq,TrueReddit,1,210
JackiePollockBrown,news,57,210
KnowsAboutMath,askscience,15,235
ROCKISASELLOUT,Dublin,11,235
TheCodexx,KotakuInAction,143,210
Tigger_87,ireland,5,235
Uncreative-Name,AskReddit,18,122
Ut_Prosim,AskReddit,15,122
Xanderoga,PS4,2,235
autowikibot,TumblrInAction,368,235
coffeecoffeecoffeee,cmu,3,69
cthurber,gifs,1,235
driscoll97,Health,20,210
heartosay,Catholicism,33,69
hotsizzlepancakes,CollegeBasketball,63,58
huyvanbin,TrueReddit,24,210
jimintoronto,canada,163,210
jimjarmuschy,lgbt,2,210
louiseber,ireland,641,235
ncson,AppalachianTrail,13,69
oldschoolcool,publichealth,7,210
pentad67,AskAcademia,6,235
phyzome,massachusetts,34,235
pthornton614,math,1,219
ragnar0ck,ireland,15,235
