author,subreddit,maxcount,topic
AldousHuxley,chess,1,235
Dexiro,gaming,17,235
DoorsofPerceptron,DebateReligion,37,235
Dundragon79,gaming,1,235
Jordo141,ireland,55,235
RunRobotRun,ireland,83,235
beej71,programming,15,239
blubloblu,ireland,26,235
collidge,rugbyunion,45,235
dermballs,Games,133,116
flanflinger,ireland,160,235
jellicle,canada,35,210
jestinjoy,MachineLearning,2,219
lazydictionary,hockey,125,58
mjk1093,TrueReddit,16,210
motley2,greencars,15,198
nallar,mylittlepony,89,69
rasilvas,books,16,210
rivalius13,AskReddit,2,122
solarnexus,ireland,17,235
wookietrader,MachineLearning,6,219
xMxSx,Epilepsy,34,69
xtc46,Fitness,272,69
zem,printSF,27,37
