author,subreddit,maxcount,topic
BakersDozen,ireland,303,235
Barro247,ireland,8,235
CDfm,ireland,670,235
CaisLaochach,ireland,342,235
CanucksFanInDublin,ireland,104,235
Clambulance1,AskReddit,28,122
DeDeluded,ireland,45,235
DogPawHat,ireland,27,235
Done2me,ireland,21,235
DuxBelisarius,AskHistorians,74,210
FuckYourLicenseFee,ireland,48,235
In_rod_we__trust,ireland,124,235
Jahoby,LiverpoolFC,25,235
Jeqk,ireland,411,235
Lavamancer,creepy,1,69
MyKungFuIsCat,keto,3,69
Nefilim777,MMA,178,235
Not_Bull_Crap,AskReddit,153,122
Patch86UK,Homebrewing,91,69
Pratchett,ireland,94,235
Shock-Trooper,ireland,230,235
TheStalkerFang,ledootgeneration,15,235
Tigger_87,TwoXChromosomes,2,210
TweetsInCommentsBot,leagueoflegends,711,235
Whatstaunt,anime,557,69
charlyrunkle,ireland,29,235
d4rch0n,pics,17,69
democritusparadise,europe,23,210
dj0,steelers,108,235
karma-toes,ireland,174,235
looeee,ireland,13,235
lord_addictus,4chan,241,235
oppositeofbatman,Python,1,239
quincebolis,funny,4,69
rozzer,ireland,12,235
swimmingbelle,gardening,11,69
tha_real_stabulous,chess,217,235
throw-away-constable,Python,1,239
yourdrunkirishfriend,ireland,30,235
