author,subreddit,maxcount,topic
AllahAqua,Rainbow6,202,235
An_Daghda,AMA,2,69
BathshebaJones,css_irl,1,239
ChuckieArUrlar,ireland,17,235
ClitDoctorMD,ireland,37,235
CountBiscuits,ireland,48,235
DasAutoAsphyxiaVW,ireland,233,235
EJ88,ireland,267,235
Flick_My_Bean_Geoff,reddevils,406,235
Gawino,ireland,26,235
GloriousLeaderBeans,ireland,59,235
IMLOOKINGINYOURDOOR,ireland,302,235
InTheMotherland,weightroom,57,122
Incindos,powerlifting,2,195
Jokkizlolol,hiphopheads,37,181
Manwithyourlamps,powerlifting,9,195
MisplacedCanadian,datasets,1,210
MrEmeralddragon,ireland,156,235
ResidentMario,datasets,9,210
Scumbag__,ireland,78,235
SemolinaPilchards,oasis,14,235
SirRedditsALot56,powerlifting,128,195
StanleyRiver,AskReddit,8,122
TheFreemanLIVES,ireland,14,235
ToTooThenThan,Delraymisfits,12,235
UnconventionalRasp,AskReddit,11,122
WBuffet,powerlifting,15,195
WikiTextBot,MapPorn,493,69
andyantrim,ireland,2,235
anustretch,slatestarcodex,8,219
billy_of_baskerville,MachineLearning,1,219
box_of_carrots,ireland,202,235
clintworth,borussiadortmund,11,235
collectiveindividual,ukpolitics,212,210
commmander_fox,ireland,73,235
countessmeemee,ireland,266,235
east_lisp_junk,cscareerquestions,14,122
everywhere_anyhow,datasets,9,210
ghostnet,godot,6,239
gianacakos,powerlifting,80,195
itah,baduk,7,219
jdgood,AskReddit,8,122
laighneach,europe,37,210
mattgoldsmith,powerlifting,145,195
mintgreenstrat,Bitcoin,3,235
nemedmbled,AskEurope,5,235
perifery,hiphopheads,23,181
perigon,ireland,49,235
raspberry_smoothie,ireland,335,235
stoabstoab,Gunners,32,58
sugarhilldt2,dataisbeautiful,56,219
thedabking123,Futurology,2,210
thepeck,ireland,29,235
unsureguy2015,ireland,226,235
uughwhatever,ireland,334,235
zigglezip,ireland,147,235
