author,subreddit,maxcount,topic
AAAAAAAHHH,ireland,46,235
Borror0,leagueoflegends,74,235
Calamitosity,AskReddit,14,122
CanuckinDublin,ireland,298,235
DannyCosgrave,ireland,53,235
DjFlin,ireland,15,235
DocQuixotic,medicine,22,210
DumbMattress,ireland,13,235
Entaras,Economics,2,210
Fingolfiin,nba,49,58
Firstprime,malefashionadvice,8,122
FreshOutOfGeekistan,Bitcoin,6,235
Ftumsh,pics,69,69
JLord,DebateAChristian,100,235
Jameshfisher,programming,9,239
Jeqk,ireland,228,235
Kelticfox,Bitcoin,17,235
LWRellim,barefoot,55,69
LoveScienceMe,rugbyunion,28,235
MrFox,ireland,18,235
Nosher,chess,136,235
ORstuff,sysor,4,219
Pajama-party,news,14,210
Rory_The_Faggot,ireland,313,235
SasparillaTango,AskReddit,15,122
Scottmk4,Economics,58,210
SlyRatchet,europe,146,210
ThatKidNeedsPunched,anime,3,69
autowikibot,TumblrInAction,433,235
awdcvgyjm,italy,15,192
balathustrius,mead,72,69
bartink,Economics,206,210
bluewolfcub,AskReddit,17,122
boxstabber,Gunners,31,58
collectiveindividual,perth,42,69
cpt_franco,history,3,210
cpxh,AskReddit,150,122
cuteman,ClashOfClans,69,235
ecuadorthree,ireland,3,235
emergent_reasons,Python,27,239
ericjs,Seattle,208,129
floridalegend,graphic_design,32,69
friendguy13,TumblrInAction,3,235
gfzgfx,todayilearned,6,235
imoinda,ireland,22,235
incestuous_vampire,whowouldwin,105,235
karpdude,AskReddit,4,122
katethree,artificial,6,219
kb-air,AskReddit,23,122
marquis_of_chaos,HistoryPorn,119,210
msnook,explainlikeimfive,3,235
nappy101,soccer,57,58
njtrafficsignshopper,AskMen,9,235
pjn5047,history,1,210
ragica,history,1,210
redlaWw,AskReddit,154,122
revocation,rstats,3,239
saffir,changemyview,16,210
seanbeag,Yogscast,62,235
sevendials,AskReddit,20,122
sr79,nba,8,58
stoopidjonny,comicbooks,24,235
strawninja,AskReddit,2,122
usuallyskeptical,Economics,147,210
vicegrip,canada,37,210
