author,subreddit,maxcount,topic
21echoes,trees,25,210
27182818284,Android,8,239
AdShea,AskReddit,23,122
Aegeus,technology,19,210
BlueRock,energy,331,210
Girldlesproof,Libertarian,5,210
Guy_Buttersnaps,beer,8,210
Hookhand,pics,32,69
I_divided_by_0-,politics,213,210
KTBFFH,Guildwars2,3,122
Kllian,soccer,32,58
MindStalker,programming,26,239
NewbieProgrammerMan,math,7,219
SporkOfThor,AskReddit,18,122
Versk,AskReddit,13,122
Yelonek,linux,10,239
asdfman123,pics,191,69
avocadro,pics,83,69
christianjb,AskReddit,17,122
cpdomina,MachineLearning,1,219
cybersphere9,Economics,21,210
czernebog,MachineLearning,2,219
d07c0m,AskReddit,78,122
databuff,programming,4,239
dbabbitt,Economics,4,210
dbconnect,linux,19,239
dearsomething,IAmA,5,210
demimoore,AskReddit,29,122
dfranke,math,2,219
drmarcj,bicycling,27,235
eadem_mutata_resurgo,AskReddit,30,122
f4hy,starcraft,28,69
forever_erratic,education,17,210
gabgoh,philosophy,3,219
halogen1212,funny,11,69
hhh333,canada,10,210
hoboballs,AskReddit,57,122
howlin,AskReddit,10,122
hughk,worldnews,43,210
jaggederest,starcraft,43,69
jeanlucpikachu,AskReddit,3,122
jezmck,pics,22,69
khafra,AskReddit,125,122
le_chevalier,AskReddit,17,122
lukipela,worldnews,88,210
malarie,reddit.com,18,235
me0w,Economics,6,210
monxcracy,Economics,81,210
mrbonglord,pics,7,69
mynoduesp,pics,244,69
pixpop,reddit.com,28,235
psychguy,psychology,11,219
puppiesandjesus,starcraft,17,69
quail_bird,programming,1,239
quaternion,IAmA,6,210
rross,ireland,12,235
shelbygt500,IAmA,18,210
sherman42,atheism,5,210
sonoli,funny,5,69
stunt_penguin,photography,20,69
swiz0r,shittyadvice,5,235
toolman89,beer,2,210
tst__,MachineLearning,1,219
unkz,AskReddit,18,122
yiyus,programming,20,239
zck,math,5,219
