author,subreddit,maxcount,topic
AbsurdistHeroCyan,lostgeneration,13,210
Assorted_Bits,thenetherlands,50,151
Bob_goes_up,Denmark,28,241
Buck-Nasty,Futurology,39,210
CDfm,ireland,453,235
DeathAndReturnOfBMG,math,57,219
Ferrarity,KillLaKill,472,235
Graham_Warr,ireland,22,235
HRM_Monster,AustralianMakeup,63,235
Hell-Jumper,rugbyunion,6,235
InternetCrank,askscience,10,235
Jeqk,ireland,316,235
JustMadeYouYawn,nba,63,58
Kalasiris,Futurology,1,210
Kammb,gaming,25,235
Nosher,chess,211,235
PhatChance52,Planetside,8,235
Plancus,AskPhysics,10,219
Rioghasarig,math,5,219
Route-66,chess,1,235
See_More_Glass,chess,73,235
Sir_Meowsalot,stocks,27,122
SparkyTheWolf,ireland,12,235
Tom_Stall,ireland,13,235
Videlicet,datasets,2,210
WHY-YOU-LITTLE,ireland,6,235
Wolfspaw,programming,17,239
akh,Norway,6,69
autowikibot,todayilearned,3392,235
catmalogen,ireland,97,235
dajoy,NSFWIAMA,2,69
donkeykonguk,history,5,210
drfre,joomla,18,239
erwgv3g34,Futurology,39,210
findwyer,IrishHistory,21,37
flanflinger,motorcycles,106,69
franklyimshocked,ireland,24,235
fruit_canoe,MapPorn,5,69
hitchinvertigo,changemyview,32,210
imoinda,sweden,22,128
irich,soccer,8,58
larsga,history,16,210
lightbul,ireland,23,235
mageganker,BasicIncome,45,210
miraclemanmorris,fantasybaseball,10,58
misplaced_my_pants,AskWomen,101,235
nothingnow,ireland,16,235
reddexx,theXeffect,69,69
rixuraxu,ireland,18,235
ruaidhri,ireland,46,235
serpentjaguar,MapPorn,32,69
smurfyjenkins,europe,7,210
soundloco,ireland,6,235
stunt_penguin,ireland,85,235
tattoooooo,ireland,1,235
thrasumachos,TumblrInAction,82,235
timepolice,sysor,2,219
trustybadmash,booksuggestions,11,122
vdoma,chess,3,235
walsh_vn,WTF,13,235
weserkai,ireland,3,235
wolfbriar,ireland,6,235
yhatter,learnprogramming,3,122
