author,subreddit,maxcount,topic
Bayoris,thatHappened,37,235
CDfm,ireland,494,235
HonkyTonkHero,Fitness,24,69
K1N6F15H,politics,20,210
MasterChiefette,worldnews,7,210
Megatron_McLargeHuge,funny,47,69
Profix,ireland,25,235
Swoopily,ireland,75,235
Tarquin_McBeard,grammar,13,235
afrofagne,france,31,217
animationanomaly,ireland,10,235
karma-toes,ireland,99,235
memumimo,MapPorn,99,69
morgenstern,HistoryPorn,1,210
moschles,funny,23,69
pogden,Frugal,4,69
rgarreta,MachineLearning,2,219
strategosInfinitum,ireland,45,235
