author,subreddit,maxcount,topic
ArcticCelt,lost,85,69
HellSD,AskReddit,59,122
LWRellim,Economics,171,210
McHoff,gaming,10,235
Red_Inferno,gaming,28,235
RugerRedhawk,guns,83,69
Runnnnnnnnnn,reddit.com,9,235
Skyrmir,Economics,113,210
adremeaux,starcraft,139,69
aenea,TwoXChromosomes,36,210
andreasvc,philosophy,26,219
bitherd,programming,2,239
boristhebulletdodger,guns,8,69
cortejri,AskReddit,3,122
daithiocoinnigh,ireland,3,235
deiri87,Beekeeping,2,69
dermballs,books,36,210
elitexero,gaming,27,235
eroverton,AskReddit,225,122
freyrs3,math,8,219
gleapsite,AskReddit,19,122
googlegoog,reddit.com,12,235
grimboy,programming,18,239
jawbroken,programming,311,239
joedonut,pics,37,69
lordofthejungle,web_design,11,235
ozonesonde,movies,12,89
qxcvr,AskReddit,33,122
ratebeer,beer,2,210
slacker22,pics,4,69
temujin64,gaming,18,235
underthelinux,sysor,3,219
wolowski,AskReddit,4,122
