author,subreddit,maxcount,topic
Chive,Cricket,42,235
CowWithBeef,snowboarding,14,69
Dev__,ireland,53,235
EndOnAnyRoll,trees,24,210
ImHalfAwake,learnmath,12,122
Paynekiller,Guitar,1,69
PilotInspektor,trees,66,210
SLDeviant,ireland,20,235
b0b0tiken,Beekeeping,2,69
blackstar9000,philosophy,65,219
bluecoffee,math,4,219
crackalack,fffffffuuuuuuuuuuuu,22,235
davef,AskReddit,11,122
dmdude,MachineLearning,2,219
ferfecksakes,ireland,14,235
gonzo11,Fitness,10,69
hsfrey,islam,31,210
irokie,books,14,210
j-bolt,Homebrewing,18,69
jcdyer3,Fitness,83,69
klync,linguistics,5,219
linuxlass,learnprogramming,27,122
orinocoflow,politics,73,210
pxsloot,Beekeeping,11,69
randomb0y,Fitness,66,69
rmc,ireland,20,235
roger_,GuessTheMovie,194,235
roodammy44,Economics,21,210
thecastorpastor,gaming,27,235
xsvfan,funny,5,69
zeke690,snackexchange,7,69
