author,subreddit,maxcount,topic
AquaticRes,feedthebeast,10,69
DilatedSphincter,AskElectronics,36,122
F2fanic_The_Great,pics,3,69
Hindumaliman,leagueoflegends,25,235
Offish,sex,4,235
OverlordXenu,photography,52,69
SearchAtlantis,AskSocialScience,10,210
WildCheese,audiophile,22,69
ZackVixACD,Naruto,7,69
_Navi_,gaming,26,235
apezor,AskReddit,32,122
ferfecksakes,ireland,89,235
greg_barton,energy,183,210
grond,ireland,13,235
gwern,HPMOR,27,235
hesperidia,Cyberpunk,11,69
jmmcd,ireland,15,235
keanehoody,windowsphone,60,239
near_and_far,AskReddit,11,122
quatch,AskElectronics,24,122
ravs1973,britishproblems,41,235
rhiever,artificial,8,219
rockets4kids,AskElectronics,129,122
scantics,tf2,9,235
thedeclineirl,ireland,13,235
vertr,Velo,36,69
zerocode20,MechanicAdvice,13,122
zniszczona,ireland,1,235
