author,subreddit,maxcount,topic
0_o,reddit.com,135,235
Eugi,pics,12,69
FiestaJunction,science,4,219
Golfo,reddit.com,9,235
JulianMorrison,reddit.com,31,235
MarlonBain,politics,49,210
MarshallBanana,reddit.com,172,235
Maxcactus,reddit.com,7,235
NSMike,politics,15,210
Nikola_S,science,16,219
Phazon,reddit.com,28,235
RedDyeNumber4,politics,89,210
Rickler,pics,5,69
RugerRedhawk,reddit.com,567,235
Shaper_pmp,pics,79,69
Subway,reddit.com,13,235
The_Ultimate_Reality,worldnews,127,210
WhoKilledTeddyBear,politics,255,210
aceinthehole,reddit.com,23,235
alllie,reddit.com,320,235
andrew1184,science,5,219
asokoloski,Economics,8,210
blorg,pics,6,69
caknuckle,science,28,219
cov,reddit.com,259,235
dave_L,reddit.com,28,235
daveyboy22,AskReddit,16,122
dlwh,programming,2,239
doyoulikeworms,reddit.com,42,235
eleitl,reddit.com,85,235
ferdinand,science,79,219
fingers,reddit.com,96,235
finisterra,worldnews,22,210
fragilemachinery,science,24,219
glaster,business,6,210
hynkle,reddit.com,16,235
inigo_montoya,science,9,219
jlks,reddit.com,24,235
joelthelion,programming,75,239
kermityfrog,reddit.com,106,235
kiwidave,science,20,219
kru5h,reddit.com,8,235
llanor,reddit.com,52,235
locke2002,reddit.com,37,235
lubricious,reddit.com,36,235
mccoyn,programming,52,239
mstoehr,math,4,219
mysticreddit,pics,7,69
ooutland,reddit.com,13,235
pheel_more,pics,2,69
redditcensoredme,science,547,219
rm999,politics,5,210
shitcovereddick,programming,35,239
shiva777,business,1,210
spaceghoti,politics,80,210
surajbarkale,programming,13,239
whitnone,reddit.com,4,235
willis77,offbeat,10,210
xyphus,business,21,210
