author,subreddit,maxcount,topic
BakersDozen,ireland,265,235
Boxy310,programming,10,239
CDfm,ireland,787,235
CanucksFanInDublin,ireland,143,235
Don_Patrick,artificial,29,219
FRONTBUM,ireland,187,235
GirthBoy,travel,19,69
Goilde,ireland,23,235
HolyGarbage,worldnews,79,210
Jeqk,ireland,153,235
MathDotPi,ireland,1,235
Noncomment,Futurology,149,210
OrionBlastar,technology,39,210
Shock-Trooper,ireland,336,235
SuperSumoYakuza,space,7,69
bluecoffee,compsci,13,219
don0,ireland,2,235
eeeeVeeee,TumblrInAction,28,235
fishandchips,Jokes,1,235
gahane,ireland,27,235
garville,ireland,6,235
genron1111,ireland,221,235
ghostintheruins,etymology,3,235
gwern,DarkNetMarkets,182,
imoinda,sweden,110,128
irish91,ireland,30,235
karma-toes,ireland,192,235
lift_heavy_things,powerlifting,17,195
louiseber,ireland,919,235
mugged99,learnmath,201,122
nyl2k8,ireland,12,235
razz_al_ghul,ireland,83,235
samacora,worldnews,10,210
shuzy,powerlifting,6,195
yorkieOriginal,ireland,68,235
