author,subreddit,maxcount,topic
99proba1,australia,21,210
Adderkleet,ireland,554,235
Atomskie,Blacksmith,1,69
Bristol_scale,ireland,12,235
CDfm,ireland,1098,235
CaisLaochach,ireland,813,235
CaseMon3y,funny,19,69
Chairmanman,AskReddit,90,122
ChuanFaFist,asoiaf,55,235
Cyc68,whatisthisthing,5,235
Faha_P,ireland,4,235
FenianOG,ireland,54,235
FyllingenOy,AskReddit,18,122
InfernalWedgie,LosAngeles,8,129
InitiumNovum,ireland,167,235
It_Is1-24PM,DevelEire,29,235
LtLabcoat,ireland,101,235
MAVERICK910,ireland,5,235
Niall_Faraiste,ireland,51,235
NotARobotSpider,AskReddit,26,122
RankInsubordination,Patriots,88,235
TeutorixAleria,ireland,34,235
TheLeftFoot-of-Bobby,ireland,370,235
Wave_Existence,Futurology,6,210
Zooph,pittsburgh,84,69
ah_go_on_ya_will,ireland,259,235
bawbawbaw1,northernireland,207,235
boostman,AskReddit,22,122
cjfynjy,learnmath,7,122
donovan_rossa,ireland,342,235
fixed_that_for_me,thinkpad,57,69
gwern,MachineLearning,27,219
im_someone,snapchatgeofilters,12,69
interfail,unitedkingdom,26,210
jeebidy,Futurology,7,210
jonjoe6000,ireland,33,235
klausbatb,ireland,23,235
kyuubixchidori,AskReddit,96,122
louiseber,ireland,692,235
mhantain,ireland,96,235
nybx4life,AskReddit,192,122
qrck13,windowsphone,13,239
razzer1987,ireland,27,235
sartres-shart,ireland,24,235
sherekhantwait,nfl,170,58
stunt_penguin,ireland,291,235
yayforhavingpotatoes,MapPorn,16,69
