author,subreddit,maxcount,topic
Allthathewrote,unitedkingdom,9,210
BLUNTYEYEDFOOL,masseffect,32,69
Buckiller,bestof,4,210
CDfm,ireland,410,235
DitkasMoustache,Bad_Cop_No_Donut,4,210
Dovienya,Cooking,43,122
EulerMcEinstein,europe,6,210
Minority_of_One,ireland,8,235
MrFunkhouser,ireland,13,235
PasswordIsntHAMSTER,SubredditDrama,44,210
Soupynorman,ireland,47,235
TopcatTomki,ArcherFX,2,235
Zifnab25,Libertarian,312,210
aphid43,AskReddit,1,122
bostonvaulter,personalfinance,51,122
curlyspartan,ireland,6,235
dynamicweight,changemyview,18,210
lampshade69,history,3,210
omegian,news,23,210
peck3277,ireland,34,235
pmm314,funny,11,69
scudy-doo,Economics,1,210
thrashmetal,compsci,2,219
