author,subreddit,maxcount,topic
20000miles,Economics,33,210
4609287645,AskReddit,13,122
Jasper1984,programming,25,239
MercurialMadnessMan,AskReddit,309,122
OneAndOnlySnob,atheism,41,210
RealityTvStar,AskReddit,81,122
Wi-Fi-Guy,math,2,219
aletoledo,Economics,236,210
bipedalshark,reddit.com,3,235
bobovski,math,42,219
brennen,programming,48,239
c-ray,Marijuana,9,210
cyclopsface,AskReddit,3,122
eleitl,technology,40,210
employeeno5,linux,8,239
fakeproject,AskReddit,9,122
hajk,politics,66,210
icebadger,logo,3,194
jaggederest,AskReddit,50,122
jamasaru,AskReddit,4,122
judgej2,science,62,219
keyforce,reddit.com,6,235
khammack,reddit.com,6,235
lmaurits,reddit.com,22,235
mantra,Economics,33,210
ninguem,math,15,219
nobodyspecial,politics,19,210
pseudosinusoid,math,8,219
queus,Economics,89,210
salgat,gaming,38,235
slacker22,math,8,219
spinchange,Economics,7,210
sulumits-retsambew,worldnews,11,210
taikutsu,math,1,219
themusicgod1,canada,41,210
tom83,reddit.com,20,235
tomjen,programming,21,239
trocar,worldnews,4,210
