author,subreddit,maxcount,topic
-Rory-,badeconomics,529,210
745_Gucci_Interior,hiphopheads,409,181
AbsolutShite,ireland,24,235
CDfm,ireland,1082,235
CaisLaochach,ireland,587,235
Cephian,math,2,219
ClitDoctorMD,ireland,106,235
EIREANNSIAN,ireland,427,235
JayK1,britishproblems,3,235
Jayoval,ireland,156,235
Jeqk,ireland,286,235
Khaaannnnn,Negareddit,43,235
Lilgherkin,history,24,210
Nuggetsurwha,ireland,4,235
PWL73316,nfl,92,58
Ragnarokcometh,askgaybros,13,235
Ruckingfeturd,MMA,102,235
ShaneQful,rugbyunion,66,235
Stino_Dau,compsci,5,219
TweetsInCommentsBot,leagueoflegends,889,235
antiquarian_bookworm,history,183,210
ardenr,ireland,64,235
battez,MotoG,6,194
burketo,ireland,6,235
chipfox,DIY_eJuice,18,122
glitch77,PS4,35,235
happyLarr,soccer,78,58
heart_of_gold1,math,10,219
hohohohumhumhum,ireland,8,235
jam11249,math,140,219
jkfgrynyymuliyp,ireland,86,235
kentaurus712,vzla,52,46
lukesnydermusic,painting,37,69
marshsmellow,ireland,20,235
misplaced_my_pants,Fitness,16,69
munkifisht,pics,32,69
newplayer33554432,robotics,13,219
notadoctor123,GradSchool,11,235
redburnel,ireland,197,235
seandalai,ireland,75,235
stult,FanTheories,11,235
stunt_penguin,ireland,226,235
thestandardtoaster,ireland,56,235
tirmanadir,worldnews,123,210
trashacount12345,libertarianmeme,6,235
