author,subreddit,maxcount,topic
Cxan,AskReddit,22,122
HotelCoralEssex,guns,222,69
Itisme129,atheism,54,210
JStarx,math,33,219
KineticTheory,AskReddit,3,122
Nebu,fffffffuuuuuuuuuuuu,132,235
Qjet,atheism,44,210
ReMO451,AskReddit,39,122
Tafkas,MachineLearning,2,219
TeamDisrespect,self,8,235
anonemouse2010,IAmA,64,210
campion_gentian,philosophy,13,219
carc,reddit.com,33,235
chengiz,Cricket,8,235
deadsnailsociety,reddit.com,19,235
dukephoenix,technology,1,210
ellemnopee,reddit.com,9,235
fraun,AskReddit,31,122
grigri,AskReddit,62,122
hobbified,AskReddit,108,122
implausibleusername,IAmA,10,210
joshdick,reddit.com,13,235
khafra,AskReddit,82,122
kunjaan,pics,7,69
night_owl,beer,158,210
redheadjessica,americanpirateparty,19,122
robinhoode,breakcore,8,181
s7aind,DoesAnybodyElse,7,235
stunt_penguin,AskReddit,28,122
urish,books,8,210
wanderingjew,AskReddit,16,122
zahlman,programming,304,239
