author,subreddit,maxcount,topic
4chan4life,SocialEngineering,1,210
CDfm,ireland,906,235
CapaneusPrime,datasets,3,210
DassinJoe,europe,308,210
DryShiteDubln,ireland,18,235
Frogmarsh,overpopulation,8,235
Gahagan,nyc,11,129
MechaCoffeeBean,buildapc,764,122
TheHamitron,technology,4,210
Yerwun,ireland,87,235
a254052656,ireland,184,235
an-t-ol,ireland,1,235
aodhmacsuibhne,ireland,357,235
booman_gains,SquaredCircle,12,235
chocotaco1981,sysadmin,15,235
doniem,cork,1,129
dwolson,Veterans,7,210
eamonn33,CringeAnarchy,46,235
greasy_minge,movies,43,89
grundo1561,nintendo,45,116
heap42,AskReddit,17,122
im_fond_of_a_pint,ireland,20,235
liontamerhat,rugbyunion,26,235
petermal67,ireland,22,235
redzerhedzer,unitedkingdom,8,210
scrappyD00,learnmachinelearning,13,219
thelastpizzaslice,AskReddit,17,122
theonlyonedancing,Overwatch,4,235
triloknight,VirtualFreakout,4,235
vznvzn,quantum,4,219
yaosio,politics,563,210
