author,subreddit,maxcount,topic
BoltzmansBrain,food,20,131
CDfm,ireland,268,235
CUNTBERT_RAPINGTON,funny,37,69
Cenobite,AskReddit,5,122
HarryStrange,Championship,2,58
I_Win_Again,teenagers,3,235
ImHalfAwake,Music,1,235
box_of_carrots,ireland,206,235
brugaltheelder,sysor,5,219
colinq,chess,58,235
dkey1983,Anarcho_Capitalism,168,235
drgradus,photography,111,69
eroana,civ,1,235
gnuvince,Quebec,26,217
iLEZ,AskReddit,23,122
ion-tom,Futurology,33,210
khafra,DebateReligion,229,235
mooglor,ireland,96,235
narwi,worldnews,67,210
plassma,neurophilosophy,14,219
skytomorrownow,Futurology,23,210
smooshypoo,progresspics,8,69
stunt_penguin,ireland,76,235
tonypotenza,Quebec,109,217
xcforlife,weightroom,98,122
yawnz0r,ireland,16,235
ynohoo,civ,8,235
