author,subreddit,maxcount,topic
LambTaco,beer,111,210
MITchick,reddit.com,8,235
PhilxBefore,AskReddit,235,122
Psy-Kosh,atheism,190,210
Sealbhach,fffffffuuuuuuuuuuuu,70,235
TheCoelacanth,AskReddit,24,122
TheOutlawJoseyWales,beer,13,210
Tomble,AskReddit,59,122
WCJ,beer,5,210
_red,Economics,87,210
agconway,sysor,2,219
another_user_name,science,29,219
bonzinip,programming,86,239
braclayrab,AskReddit,45,122
cwcc,programming,86,239
d07c0m,IAmA,46,210
ffualo,programming,42,239
furyg3,reddit.com,6,235
heptadecagram,programming,11,239
jhaluska,IAmA,19,210
klavierspieler21,math,15,219
l2daless,AskReddit,24,122
mordaunt0,politics,158,210
newliberty,Economics,75,210
pandemik,science,68,219
snissn,relationship_advice,12,69
tablog,AskReddit,38,122
underthelinux,Music,8,235
