author,subreddit,maxcount,topic
67tim07crews11,programming,1,239
6f6,reddit.com,27,235
AnarchoCapitalist,politics,23,210
Clothos,reddit.com,336,235
Homunculiheaded,reddit.com,9,235
Independent,politics,174,210
KiddieFiddler,reddit.com,103,235
Mortikhi,reddit.com,26,235
NoMoreNicksLeft,politics,636,210
Nwallins,programming,14,239
OriginalSyn,reddit.com,57,235
Reliant,reddit.com,52,235
Rhoomba,programming,78,239
RugerRedhawk,reddit.com,492,235
Stellato21,reddit.com,68,235
aletoledo,politics,1685,210
altheahouse,politics,54,210
atlacatl,reddit.com,130,235
au5lander,reddit.com,23,235
axord,politics,413,210
ayrnieu,politics,333,210
batasrki,programming,13,239
brianchester666,reddit.com,22,235
bryn,reddit.com,11,235
cecilkorik,reddit.com,186,235
christianjb,reddit.com,46,235
craigiest,reddit.com,10,235
cryogen,reddit.com,23,235
daedpid1,politics,20,210
dagfari,reddit.com,57,235
davidw,politics,46,210
deepcleansingguffaw,programming,18,239
econous,reddit.com,137,235
faloose,science,1,219
ferdinand,science,36,219
freshone,reddit.com,154,235
gbacon,politics,71,210
hex,programming,29,239
innocentbystander,politics,224,210
insert-meme,reddit.com,105,235
klyde,politics,98,210
matts2,politics,656,210
mdickw,reddit.com,6,235
millstone,politics,42,210
panic,reddit.com,20,235
paro,reddit.com,267,235
polyGone,reddit.com,64,235
questionmark,politics,54,210
r2002,reddit.com,76,235
rednukleus,science,47,219
robosatan,politics,13,210
ryanx27,reddit.com,99,235
sigzero,politics,120,210
skay,reddit.com,64,235
smsc,politics,527,210
splim,reddit.com,9,235
submanifold,reddit.com,6,235
thepipirate,reddit.com,40,235
thrakhath,reddit.com,68,235
toonces,reddit.com,88,235
turkourjurbs,reddit.com,155,235
wageslave,reddit.com,300,235
wk2x,science,3,219
wutzurproblem,reddit.com,92,235
xinhoj,politics,84,210
yters,programming,29,239
