author,subreddit,maxcount,topic
4_bit_forever,youtube,5,235
4ndersC,Denmark,2,241
AcidFapper,AskReddit,1,122
Baldybogman,ireland,319,235
CDfm,ireland,584,235
CaisLaochach,ireland,731,235
Civ4ever,dataisbeautiful,18,219
ConfusedMoose,GlobalOffensive,25,235
Deplorable_Old_Gregg,forhonor,89,235
Dynamiklol,youtubehaiku,74,235
FrHankTree,ireland,46,235
HairyEyebrows,AskReddit,12,122
HelperBot_,worldnews,449,210
Iolar7000,ireland,37,235
LordNiebs,AdviceAnimals,4,235
MagathaMay,crossfit,15,69
MelianErios,LateStageCapitalism,47,210
Nicklefickle,ireland,136,235
Notaverygoodredditor,AskReddit,13,122
Renegade_Meister,GamePhysics,19,235
RyanAlready,redsox,190,235
SamsAdams,The_Donald,19,235
SpaceColony,ireland,14,235
The_Vyso,UBC,16,235
TubasAreFun,politics,11,210
Vergehat,ireland,462,235
Versk,ireland,48,235
Warthog_A-10,ireland,535,235
WikiTextBot,MapPorn,461,69
ZetaEtaTheta,Economics,40,210
aeroartist,SeattleWA,62,210
aintnohooker,soccer,68,58
burf,canada,20,210
dunandoras,reddevils,37,235
fimari,worldnews,28,210
flashman,australia,66,210
gurq,MachineLearning,1,219
heavy_petting,VietNam,3,69
here2dare,ireland,13,235
hypd09,datasets,14,210
jbrittles,AskReddit,24,122
justarandomyoke,ireland,99,235
kellermeyer14,AskReddit,6,122
lance812,ireland,256,235
louiseber,ireland,1780,235
makemusicguitar5150,thisismylifenow,5,235
masasuka,CanadaPolitics,55,210
paerb,DotA2,6,235
perigon,ireland,78,235
piyudi,Marijuana,1,210
plsms,MachineLearning,3,219
polished_iconoclast,ketofasting,10,122
sensationally,formula1,36,198
seomra_an_ti,ireland,6,235
sleepytoday,AskReddit,19,122
smurfpiss,ireland,14,235
thomasdublin,ireland,72,235
zonination,dataisbeautiful,117,219
