author,subreddit,maxcount,topic
BIFFO_ie,ireland,17,235
ComplexColor,DSP,5,219
DanGleeballs,videos,7,235
Disgustapated,ireland,37,235
DrZudermon,NorthCarolina,7,210
Epicentera,writing,13,122
FeistyAstronomer,chess,5,235
Flagyl400,ireland,84,235
Kaitaloipa,occult,8,69
KittyMulcher,nrl,151,58
LastChanceToLookAtMe,chess,43,235
MathPolice,explainlikeimfive,21,235
Monk_In_A_Hurry,IRstudies,1,210
Oggie243,soccer,197,58
Queezy-wheezy,AskReddit,4,122
SeanUR,French,4,69
ShiningCrazyDiamond,bigdata,2,239
Toyan_Dicch,unitedkingdom,8,210
VolatileVacuum,IrishHistory,2,37
WatchEachOtherSleep,SubredditDrama,289,210
Xemxah,leagueoflegends,17,235
XkF21WNJ,AdviceAnimals,20,235
amuka,Futurology,1,210
anonymous11235,funny,10,69
artificialchaosz,soccer,25,58
drpgq,ontario,10,210
eoin2017,ireland,116,235
fuck_your_theory2,ireland,111,235
fumf,chess,48,235
humandustbin,changemyview,5,210
icendoan,AskReddit,11,122
insomniax20,blackops2,22,235
johncipriano,Economics,51,210
mcherm,loremasters,6,122
more_than,chess,1,235
mynoduesp,AdviceAnimals,56,235
phyzome,crypto,53,210
rp181,Android,11,239
smurfpiss,ireland,21,235
socialite-buttons,AskReddit,23,122
stevewestbelfast,LiverpoolFC,9,235
tellman1257,Infographics,46,219
twoody2007,math,1,219
