author,subreddit,maxcount,topic
CatbertOrange,videos,9,235
Cathal12,ireland,2,235
ImHalfAwake,sysor,8,219
Lu-Tze,atheism,8,210
Pxtl,programming,52,239
ShroedingersCat,environment,22,210
SomeIrishGuy,pics,19,69
YaoPau,AskReddit,12,122
bluescholars,AskReddit,2,122
bondolo,Cooking,2,122
brettvirmalo,beer,10,210
cafedude,programming,13,239
dairymaid,IAmA,8,210
davef,ireland,9,235
davvblack,starcraft,131,69
fbahr,sysor,3,219
hglman,technology,5,210
hybridthm,AskReddit,42,122
jaggederest,programming,17,239
jdh30,ocaml,4,239
jmelesky,rpg,59,235
jt004c,worldnews,12,210
kikibobo,programming,3,239
lordofthejungle,ireland,25,235
matt_i,Economics,1,210
mccoyn,technology,21,210
metaman2,Astronomy,34,69
morphism,technology,9,210
mushpuppy,Parenting,12,235
niklz,trees,27,210
orangepotion,AskReddit,298,122
phongbong,pics,54,69
prnandhomeless,reddit.com,7,235
recursion,AskReddit,15,122
revenantae,gaming,15,235
spyingwind,Minecraft,22,69
strategosInfinitum,ireland,97,235
super_luminal,dogs,14,235
tdh3m,Python,2,239
tim404,Homebrewing,35,69
traxxas,Android,6,239
xpat,LucidDreaming,4,69
zeke690,AskReddit,26,122
