author,subreddit,maxcount,topic
B-Con,reddit.com,15,235
BlackStrain,atheism,47,210
DashingLeech,AskReddit,15,122
LWRellim,Economics,226,210
Liar_tuck,AskReddit,235,122
NoMoreNicksLeft,politics,985,210
QaSpel,math,3,219
Taladar,linux,42,239
Vithar,atheism,17,210
Wyrm,tf2,31,235
Xaro,programming,5,239
Yuushi,programming,11,239
astern,math,9,219
buckrogers1965_2,programming,25,239
catmoon,pics,79,69
davidreiss666,politics,55,210
dons,programming,67,239
internet_badass,AskReddit,31,122
jonbro,programming,6,239
joris78,programming,9,239
kilimanjaro,Economics,3,210
kolm,reddit.com,44,235
mombakkie,reddit.com,55,235
mycall,programming,45,239
notgiven,pics,28,69
omnilynx,gaming,66,235
railrulez,math,3,219
regul,AskReddit,15,122
relix,AskReddit,16,122
slaphappyhubris,chemistry,3,69
sysop073,programming,80,239
thesunmaster,AskReddit,2,122
transim,gaming,9,235
underthelinux,AskReddit,6,122
webnrrd2k,AskReddit,12,122
