author,subreddit,maxcount,topic
AlexFromOmaha,leagueoflegends,47,235
BoltzmansBrain,food,26,131
CDfm,ireland,433,235
IrishJoe,politics,127,210
Linear-A,Guitar,80,69
OptimooseRhyme,AskReddit,1,122
SLDeviant,ireland,44,235
Sheft,ireland,12,235
TimofeyPnin,AskReddit,54,122
U747,Seattle,31,129
amaxen,history,23,210
artist-philosopher,Anxiety,5,235
auto98,talesfromtechsupport,9,235
brewtang,Homebrewing,84,69
callouskitty,pics,11,69
chochazel,Economics,15,210
citrusvanilla,sysor,3,219
dmooney1,SOPA,2,210
finiterepeat,videos,8,235
fit_napper,funny,2,69
jerf,programming,16,239
keebiejeebie,atheism,98,210
mooglor,ireland,59,235
ndanger,MachineLearning,1,219
nmcyall,funny,25,69
phyzome,NEU,13,235
rmc,ireland,30,235
smitty046,skiing,8,69
the_knee_grows,funny,25,69
yawningangel,AskReddit,8,122
zacharymichael,IAmA,46,210
