author,subreddit,maxcount,topic
A_TRIPLE,ireland,12,235
Adderkleet,NoStupidQuestions,251,235
Berrocca_Addict,ireland,1,235
Cadroc,todayilearned,54,235
CaisLaochach,ireland,760,235
ConorMcNinja,ireland,46,235
DalekPenguin,cork,1,129
Ditches101,ireland,1,235
DocSaturday,ireland,33,235
FiachB7,ireland,22,235
Jigsus,europe,19,210
KarlPlays,ireland,5,235
Lanky_Giraffe,ireland,88,235
MickyBangBang,ireland,27,235
NewsCuntIreland,ireland,290,235
Niall_Faraiste,ireland,172,235
Qaswerqwer,ireland,139,235
SeamusFitz67b,ireland,102,235
Seravia,ireland,10,235
Slenderauss,Catholicism,96,69
SurvivingMissPrism,relationships,322,69
TeoKajLibroj,Esperanto,80,235
UROBONAR,The_Donald,9,235
Warthog_A-10,ireland,360,235
Your-Ma,ireland,176,235
benkkelly,truezelda,24,194
duff2duff2duff,gifs,2,235
eatthepinky,ireland,47,235
fedupofbrick,ireland,148,235
igyigyigy,ireland,16,235
innealtoir_meicniuil,ireland,133,235
justarandomyoke,ireland,148,235
lasagnwich,rstats,15,239
lorcantc,FantasyPL,47,235
louiseber,ireland,1250,235
michaelirishred,ireland,63,235
moonbyul707,archeage,6,235
niamhish,ireland,37,235
psimony91,ireland,3,235
ram-ok,ireland,29,235
raspberry_smoothie,ireland,490,235
richshaugh,AskReddit,5,122
shanemitchell,ireland,83,235
slamagusb,ireland,96,235
tontoto,datasets,5,210
tragamin,ireland,25,235
twotall88,Beekeeping,87,69
unsureguy2015,ireland,383,235
