author,subreddit,maxcount,topic
Aardshark,AskReddit,20,122
Atheuz,worldnews,12,210
Azog,worldnews,151,210
BakersDozen,worldnews,89,210
DoorsofPerceptron,MachineLearning,24,219
Evilshadow,gaming,15,235
Managore,starcraft,59,69
Poromenos,Android,32,239
ReiToei,ireland,35,235
Sealbhach,ireland,32,235
Walls,AskReddit,34,122
agconway,MachineLearning,17,219
antgoldbloom,MachineLearning,6,219
artied,ireland,16,235
badassumption,Economics,13,210
bayesmarkovgauss,math,25,219
bobovski,math,69,219
broadcloak,ireland,11,235
canine_swine,gaming,6,235
ciaran036,todayilearned,46,235
craigee,AskReddit,2,122
dakk12,comics,10,235
davdev,atheism,36,210
defrost,AskReddit,93,122
drunkentune,philosophy,182,219
esdraelon,politics,13,210
halfy,arresteddevelopment,1,235
iGniSz,programming,5,239
jeffus,MachineLearning,2,219
jmmcd,ireland,52,235
kd_alex,AskReddit,9,122
ohmboy26,Music,34,235
roboticc,IAmA,22,210
ropers,AskReddit,66,122
spcjns,fffffffuuuuuuuuuuuu,132,235
strategosInfinitum,ireland,83,235
thedaveg,ireland,1,235
tskazin,programming,7,239
turnipsoup,motorcycles,33,69
user24,Favors,19,122
wtf_ftw,atheism,27,210
