author,subreddit,maxcount,topic
08TangoDown08,ireland,50,235
Bolt_Company,funnycharts,1,219
CDfm,ireland,968,235
Cheeseand0nions,news,43,210
Damian_Corless,history,17,210
DebtOn,bayarea,8,129
EIREANNSIAN,ireland,186,235
FIERY_BUTTHOLE,actuary,16,122
Free_State_Bastard,ireland,62,235
Ironstien,ireland,85,235
JudithvHolofernes,ireland,25,235
KosmikZA,keto,46,69
Laputa86,MapPorn,1,69
LockStockAndBarrell,Cricket,37,235
M_Gardiner,apple,1,122
MrMojoRisinx,hiphopheads,24,181
Nesaru,ruby,2,239
ReinH,MMA,13,235
Roxelle247,bipolar,72,69
SeamusHeaneysGhost,ireland,403,235
Tech46,ireland,137,235
TiochfaidhArGhra,ireland,23,235
True_Go_Blue,AskReddit,7,122
WaaaLuiigi,AskReddit,60,122
ZeeSenpai,news,10,210
aidrocsid,FeMRADebates,33,210
doughishere,SecurityAnalysis,19,117
findwyer,history,83,210
iandcorey,Beekeeping,36,69
lulu1315,deepdream,10,69
moogintroll,ireland,10,235
oldestswingerintown,ireland,6,235
scientific_prodigy12,MachineLearning,20,219
smallblacksun,history,21,210
sprucetrap87,news,58,210
