author,subreddit,maxcount,topic
ACompanionUnobtrusiv,ireland,176,235
Aedan382,cigars,36,235
ArchitectofAges,linguistics,9,219
AtomicKoala,ireland,63,235
BJinandtonic,bodybuilding,5,235
BeauBrandon,powerlifting,26,195
BritishDeafMan,unitedkingdom,108,210
BurtonShaw,ireland,155,235
CDfm,ireland,588,235
Feicarsinn,ireland,20,235
FiahOwl,JudgeMyAccent,1,122
Fudgms,AskReddit,94,122
HumminahHumminah,bindingofisaac,17,235
Hypertension123456,DebateReligion,210,235
JohnCthulhu,ireland,79,235
Luimnigh,ireland,465,235
Manos_Of_Fate,explainlikeimfive,31,235
PixelNotPolygon,ireland,51,235
SatansAliens,conspiracy,485,210
SkankinPickle,powerlifting,8,195
Spoonshape,ireland,133,235
Uncerious,ireland,113,235
_Mike_Smash_,ireland,18,235
anaxx,Frisson,1,69
army_ant,dataisbeautiful,16,219
arnet95,badeconomics,12,210
bavarian_illuminatus,sysor,1,219
chessfriends,chess,54,235
clammind,ireland,32,235
collectiveindividual,ireland,63,235
create_space,ireland,5,235
dazed_grad,powerlifting,12,195
dcaveman,ireland,14,235
exatorp,powerlifting,45,195
gufcfan,ireland,87,235
hatrickpatrick,depression,8,235
jimlebob,math,2,219
louiseber,ireland,994,235
mamashaq,linguistics,65,219
niomosy,funny,42,69
nkrera,ireland,58,235
noisylettuce,ireland,42,235
rdavis4559,powerlifting,148,195
redpillireland,ireland,35,235
therealdannyking,news,53,210
truthseeeker,MapPorn,19,69
unsureguy2015,ireland,115,235
urnbabyurn,badeconomics,261,210
voyyful,tabletopgamedesign,2,69
zeugding,math,2,219
