author,subreddit,maxcount,topic
CoastOfYemen,reddit.com,50,235
FireDemon,india,19,69
FunnyMan3595,programming,12,239
Hermel,Economics,12,210
LWRellim,Economics,9,210
LogicalParadox,AskReddit,8,122
Plainview,funny,4,69
Sovereign2142,politics,11,210
StringentTurkey,programming,33,239
Svennig,Economics,36,210
Tekmo,programming,35,239
allhere,IAmA,6,210
altie,math,6,219
asw66,philosophy,9,219
blubloblu,AskReddit,22,122
bunchathrees,AskReddit,15,122
dontgoatsemebro,gaming,42,235
felzix,AskReddit,54,122
goltrpoat,linguistics,11,219
gunnm27,politics,21,210
jmmcd,programming,15,239
mikaelhg,programming,77,239
mmm_burrito,AskReddit,407,122
monosyllabix,math,1,219
monxcracy,Economics,54,210
nmcyall,pics,98,69
shevegen,programming,35,239
simonjw,AskReddit,2,122
sniper1rfa,science,18,219
spotta,photography,5,69
strafefire,politics,112,210
yoda17,reddit.com,80,235
