author,subreddit,maxcount,topic
80b,pics,5,69
AnythingApplied,reddit.com,31,235
Avagad,politics,9,210
Bhima,politics,48,210
BlackSquirrel,worldnews,4,210
Catten,askscience,8,235
Doctor,AskReddit,7,122
Duck_Avenger,pics,17,69
G_Morgan,programming,290,239
Gusfoo,pics,17,69
Hebejebelus,pics,56,69
Jack9,gaming,24,235
KBPrinceO,pics,65,69
Mikey129,reddit.com,115,235
MuncherOfSpleens,gaming,5,235
SLDeviant,todayilearned,116,235
SubsSoFastuFreak,Libertarian,49,210
Supersnazz,AskReddit,18,122
TerraByte,AskReddit,31,122
TheNewAndy,programming,3,239
adamwho,math,45,219
arnedh,AskReddit,52,122
blackkettle,japan,21,210
blubloblu,AskReddit,20,122
daydreamdrunk,programming,7,239
denimboy,sysor,1,219
elbekko,pics,41,69
georedd,reddit.com,40,235
greg94080,guns,15,69
ipha,AskReddit,10,122
jhaluska,Frugal,18,69
khafra,AskReddit,127,122
lagayascienza,AskReddit,2,122
lexxed,reddit.com,20,235
lil_cain,ireland,7,235
mantra,Economics,62,210
msghmr,AskReddit,51,122
nickem,reddit.com,36,235
noPENGSinALASKA,pics,14,69
noob09,IAmA,4,210
omega2079,AskReddit,41,122
oorza,AskReddit,82,122
orangepotion,AskReddit,105,122
rockinchizel,Christianity,40,235
roknir,gaming,6,235
rudie48,pics,11,69
sweetafton,fffffffuuuuuuuuuuuu,125,235
tinou,programming,60,239
troelskn,programming,15,239
wnoise,programming,37,239
