author,subreddit,maxcount,topic
AlanCrowe,atheism,13,210
Atomics,Economics,74,210
BeetleB,science,74,219
DemonWasp,technology,12,210
Korollary,programming,11,239
SonD,business,42,210
Zentripetal,reddit.com,79,235
astrolabe,Economics,13,210
badge,apple,4,122
davidreiss666,worldnews,43,210
digital19,Economics,7,210
edwardkmett,programming,44,239
fforw,politics,42,210
johntb86,programming,10,239
joncash,Economics,11,210
joshdick,Economics,8,210
judgej2,worldnews,113,210
lispm,programming,54,239
mantra,science,34,219
markelliott,funny,8,69
ngroot,Health,17,210
o0o,compsci,23,219
redditnoob,programming,30,239
sextusempiricus,Economics,69,210
sping,technology,48,210
stetson9,pics,1,69
teadrinker,politics,2,210
telecaster,politics,46,210
vecter,math,10,219
