author,subreddit,maxcount,topic
3h8d,TheLastAirbender,44,235
AtlasTheMighty,IAmA,51,210
BLUNTYEYEDFOOL,ireland,96,235
Daroo425,nba,49,58
Devil-ink,trees,3,210
DkEiVwOi,sysor,1,219
EriktheRed,AskReddit,12,122
Infulable,TrueReddit,15,210
JohnTesh,netsec,22,239
Lors_Soren,PhilosophyofScience,22,219
NeoMoose,SquaredCircle,28,235
Ruxini,atheism,47,210
Schtave,Homebrewing,5,69
Sobek,Minecraft,18,69
Stephen_Normal,AskReddit,1,122
amorrn,worldnews,3,210
bigdee4933,beer,3,210
canadian_anarchist,AskReddit,147,122
cc81,Diablo,86,235
coonstev,news,10,210
countingconflict,MLS,11,58
edman007-work,Homebrewing,44,69
edubation,weightroom,100,122
esssssss,tf2,47,235
flanflinger,ireland,46,235
gerritvb,starcraft,29,69
giziti,personalfinance,36,122
glycosylated,AskReddit,180,122
guisar,Android,48,239
hoijarvi,chess,34,235
jhscro,Brooklyn,1,129
khafra,DebateReligion,304,235
lentil5,weightroom,8,122
name_was_taken,Games,198,116
rodgerd,soccer,9,58
run_zeno_run,AskReddit,4,122
shitswan,ShitRedditSays,18,235
tkmckenzie,rstats,1,239
