author,subreddit,maxcount,topic
0wnagetime,funny,10,69
Asmodeus,philosophy,126,219
Eugi,technology,12,210
MarkByers,reddit.com,58,235
SonD,business,56,210
arvid,business,2,210
bobbyi,programming,65,239
bobshush,politics,11,210
dabizi,reddit.com,20,235
doliorules,programming,21,239
fuzzybunn,reddit.com,38,235
jcmcbeth,politics,13,210
jerf,programming,88,239
jjdmol,programming,6,239
konataizumi,programming,12,239
l0l,programming,3,239
malcontent,worldnews,506,210
martincmartin,programming,15,239
roconnor,business,12,210
sjf,programming,3,239
spelunker,reddit.com,4,235
synthpop,business,35,210
taejo,math,17,219
tangentstorm,Python,1,239
theantirobot,politics,60,210
thecoolestcow,AskReddit,10,122
timo1023,AskReddit,13,122
