author,subreddit,maxcount,topic
AttackOfTheFries,Warhammer,50,69
CDfm,ireland,825,235
Calling_out_spam,MachineLearning,4,219
ConfirmedCynic,Futurology,65,210
EddieBurrito,LadyBoners,9,235
EnyasDubstepFolly,ireland,19,235
EverydayMuffin,ireland,9,235
LaoBa,europe,72,210
MildlySuspiciousBlob,AskReddit,92,122
MinnesotaPower,politics,16,210
MyNameCouldntBeAsLon,AskReddit,9,122
PostNationalism,conspiracy,113,210
PurpleWurple,ireland,34,235
Senor_Tucan,news,45,210
StairheidCritic,Scotland,296,235
anutensil,BravoRealHousewives,76,69
arrafuckoff,ireland,296,235
blakethegeek,Fitness,12,69
cityofblackbirds,ireland,7,235
davef,ireland,229,235
eoinator,IrishHistory,1,37
fallenphoenix2689,videos,54,235
flyingjay2121,leangains,4,69
gk3coloursred,xbox360,40,235
hiroshi-ma2,leangains,77,69
iWashMyselfwithaRag,MMA,31,235
immibis,programming,405,239
jlew24asu,Economics,108,210
leeside_langer,ireland,70,235
lughnasadh,Futurology,209,210
mitsukurina,MapPorn,174,69
physicscat,fatlogic,53,235
rlyacht,Guitar,2,69
robertgehl,MapPorn,3,69
robspeaks,videos,43,235
royalrush05,DestructiveReaders,8,122
sartres-shart,ireland,71,235
shriphani,compsci,3,219
spahghetti,MrRobot,16,235
towerofterror,MapPorn,10,69
