author,subreddit,maxcount,topic
AlexAndThunder,ireland,169,235
Arbane,MechanicalKeyboards,71,69
BakersDozen,ireland,336,235
BenCoughlan15,worldnews,6,210
BigManWithABigBeard,ireland,16,235
BoardsSycophant,ireland,266,235
CDfm,ireland,748,235
Cool_Hand_Lucan,ireland,19,235
Cycloneblaze,Games,8,116
DangerBurger,bjj,104,69
Driveby_Dogboy,ireland,41,235
EmmBeeOhh,ireland,122,235
FeikSneik,languagelearning,12,235
Feynization,AskReddit,68,122
HelperBot_,worldnews,1022,210
IrishHuman,ireland,70,235
KarateCop,soccer,44,58
KnightsOfCidona,formula1,186,198
SeamusHeaneysGhost,ireland,248,235
Sofa_King_Randy,ireland,96,235
StampMcGowan,ireland,726,235
SullyJim,ireland,4,235
The_Screaming_Ninja,europe,12,210
Tidhe,ireland,322,235
VotingElephant,ireland,17,235
WikiTextBot,ukpolitics,526,210
ZxZxchoc,ireland,27,235
afatsumcha,datasets,1,210
amethystrockstar,Beekeeping,170,69
bhannam,philately,1,69
box_of_carrots,ireland,65,235
collectiveindividual,ukpolitics,249,210
cormacwanderers,europe,24,210
djaxial,ireland,35,235
dls2016,ChapoTrapHouse,38,210
feedthebear,rugbyunion,65,235
geniice,MensRights,78,210
huddlahuddla,ireland,111,235
hughcullen,ireland,164,235
i-am-boi,BusinessIntelligence,1,122
jacobolus,math,250,219
madigan94,ireland,12,235
mynameipaul,ireland,205,235
oishay,ireland,14,235
oscar-dighton12,ireland,22,235
rmc,ireland,207,235
s1nk13,ireland,7,235
s251572,MapPorn,24,69
slamagusb,ireland,330,235
stunt_penguin,ireland,93,235
tisashambles,ireland,25,235
totesnotashinnerbot,ireland,281,235
video_descriptionbot,4chan4trump,4482,210
