author,subreddit,maxcount,topic
AmEirecan,ireland,178,235
An0therk,soccer,84,58
AtomicKoala,BlueMidterm2018,269,210
Axxalon,AskReddit,7,122
CDfm,ireland,773,235
CLint_FLicker,ireland,70,235
DavidWaldron,dataisbeautiful,21,219
Direct_Democracy,northernireland,23,235
FERMAT_PRIME,ApplyingToCollege,37,235
HeySiri_,StarWarsBattlefront,1,235
IamHenryK,Showerthoughts,8,235
Jester252,ireland,401,235
KadusFUCK,ireland,10,235
Libre2016,ireland,130,235
Petroleuse,Tinder,1,235
Pjones2127,funny,33,69
Plobis,ripcity,20,58
RealDealMrSeal,ireland,84,235
SarahHeartzUnicorns,AskReddit,3,122
SenpaiSoren,AskReddit,16,122
StoicJim,CHICubs,21,58
Trek7553,eFreebies,5,122
Treoya,AskAnAmerican,10,235
Warthog_A-10,ireland,400,235
amdpox,learnmath,13,122
becauseSeattle,SeattleWA,43,210
biddleswarth,ShinyPokemon,7,69
bliktzkrieg69,soccer,7,58
boardman2,ComedyCemetery,15,235
cjdavda,AskReddit,6,122
d3fenestrator,statistics,6,219
dallasdarkco,StrangerThings,3,235
gogo4glue,ireland,9,235
htrp,nfl,27,58
iFuckBareback,ireland,51,235
likeneverbefore,dataisbeautiful,2,219
manowtf,ireland,24,235
modestgaloot2,ireland,230,235
monkeyxxxx,nostalgia,4,235
monxi,datasets,2,210
mrdanmarks,motogp,15,69
mylovelyhorse101,ireland,18,235
nderflow,C_Programming,46,239
obnoxiouscarbuncle,dataisbeautiful,2,219
off21z00,wallstreetbets,16,235
piscli,frugalmalefashion,4,122
pmckizzle,ireland,168,235
psyche_da_mike,MapPorn,27,69
pupstick,ireland,55,235
skr00ge,relationships,19,69
thepeck,ireland,13,235
thorsbeardexpress,AskReddit,16,122
trendykendy,ireland,4,235
tseepra,gis,51,235
