author,subreddit,maxcount,topic
AllenDowney,statistics,25,219
B_Provisional,pics,43,69
Ezekiel375,mylittlepony,10,69
Hi_Kate,AskReddit,11,122
InfiniteImagination,MensRights,6,210
Jabberwockey,aww,6,69
JohnMatt,hockey,33,58
Lambda_Rail,AskReddit,3,122
Lochmon,politics,78,210
Nomikos,GetOutOfBed,7,235
RedRebel,Frugal,9,69
Starnois,funny,15,69
TheFreemanLIVES,AskReddit,45,122
TheSlinky,AskReddit,73,122
VisIxR,AskReddit,28,122
chaosfox,Android,1,239
fat_squirrel,AskReddit,9,122
fbahr,sysor,1,219
gmansilla,chess,30,235
happyknownothing,writing,75,122
ialsohaveadobro,AskReddit,37,122
jlmarr1622,CFB,19,58
mesmereyes,AskReddit,21,122
overcaesar,ireland,31,235
pauric,cars,5,210
porkchop_d_clown,Economics,26,210
prattja8,DebateAChristian,36,235
reddell,atheism,47,210
segonius,statistics,5,219
smacksaw,nfl,979,58
spilk,gaming,4,235
throwaway29816234128,ireland,6,235
valeriepieris,polyamory,13,69
warrior_king,Android,1,239
