author,subreddit,maxcount,topic
Atomics,worldnews,147,210
Figs,programming,44,239
Johny5,politics,32,210
Kcck,Libertarian,10,210
Shorel,reddit.com,16,235
USAF_NCO,worldnews,77,210
aardvarkious,AskReddit,71,122
ardenr,math,3,219
ayrnieu,Libertarian,63,210
bananahead,technology,25,210
cartooncorpse,reddit.com,51,235
d_ahura,programming,13,239
daisy0808,science,41,219
deadmantizwalking,politics,28,210
dmhouse,programming,21,239
dsl_man,AskReddit,11,122
earthboundkid,philosophy,40,219
flyafly1,science,1,219
glmory,energy,60,210
hatekillpuke,politics,14,210
jfredett,atheism,42,210
joelthelion,programming,31,239
jperras,programming,2,239
jsh,environment,32,210
kafka0622,reddit.com,1,235
kkrev,Economics,7,210
lekahe,math,6,219
luciansolaris,linux,6,239
m1ss1ontomars2k4,reddit.com,29,235
mantra,reddit.com,13,235
movzx,gaming,59,235
ngroot,AskReddit,8,122
ninguem,math,12,219
omargard,reddit.com,56,235
pohart,math,3,219
rz2000,politics,15,210
schizobullet,AskReddit,12,122
silverionmox,Economics,15,210
skimmer,Economics,13,210
spinlock,reddit.com,16,235
taejo,math,21,219
think3737,science,1,219
unrealious,obama,47,210
willis77,reddit.com,29,235
ythomas,reddit.com,9,235
zem,programming,83,239
