author,subreddit,maxcount,topic
Baldybogman,ireland,348,235
BillionTonsHyperbole,AskReddit,28,122
Birdinhandandbush,ireland,54,235
BrOscarM,AskEconomics,2,219
CDfm,ireland,861,235
Cluecidity,AskReddit,31,122
DrOddcat,AskReddit,16,122
High_Pitch_Eric_,ireland,318,235
JonesyIE_VS,Planetside,32,235
KeveK0,ireland,4,235
MirkoCroCop,ireland,3,235
Pimealukko,news,29,210
RealNightshade,DevelEire,2,235
Tech46,ireland,236,235
VindictiveJudge,AskReddit,72,122
Yuli-Ban,Futurology,42,210
ashtray9000,ireland,483,235
datadotworld,datasets,12,210
idle-,MachineLearning,5,219
oh_jonas,ProgrammerHumor,4,235
phyneas,ireland,51,235
pitcairn78,ireland,7,235
superbad,baseball,14,58
