author,subreddit,maxcount,topic
4_5_6,hiphopheads,96,181
8eeblebrox,ukpolitics,213,210
AmericanStuff,ireland,82,235
Blargwill,datasets,2,210
CDfm,ireland,766,235
Cool_Hand_Lucan,ireland,9,235
DassinJoe,europe,230,210
Eridrus,TrueReddit,15,210
FintanFitzgerald,ireland,2,235
Flagyl400,ireland,87,235
Gooperchickenface,AskReddit,9,122
Kevin_Is_Sad_Now,ireland,9,235
MaebhCon,ireland,117,235
MrBooMunky,AskReddit,2,122
Nazck,ireland,57,235
Noice_Meh_Blurgh,ireland,3,235
QChris,datasets,5,210
RandyMagnum_,ireland,138,235
Saxifrage_Russell,politics,24,210
SeanWJF,nincirclejerk,31,235
TheVexington,syriancivilwar,89,210
The_Nitram,Bladesmith,8,69
VenusEye,ireland,122,235
Zaccarato,The_Donald,3,235
aodhmacsuibhne,ireland,125,235
aynrandy112,ireland,6,235
box_of_carrots,ireland,219,235
caynanvls,Lightbulb,1,235
conconking,ireland,1,235
countessmeemee,ireland,340,235
d3c0,ireland,8,235
edderiofer,MathHelp,241,122
kieranfitz,ireland,82,235
kingofthecrows,ireland,16,235
kylecajones,Subterfuge,1,235
lawl_o_lawl,ireland,32,235
madhooer,northernireland,42,235
moogintroll,ireland,20,235
mowshowitz,nba,21,58
music05,worldnews,3,210
rob101,ireland,2,235
ronano,ireland,24,235
shadowbannon,datascience,4,122
superflaffers,videos,4,235
svarogteuse,Beekeeping,71,69
thesquirrelk,ireland,3,235
twotall88,Beekeeping,99,69
