author,subreddit,maxcount,topic
0e0e3e0e0a3a2a,MMA,213,235
Aix,ultimate,11,235
CDfm,ireland,682,235
DigitalChocobo,Android,22,239
Emmanoether,math,4,219
Free_Math_Tutoring,de,85,72
Gargan_Roo,Judaism,3,210
Godivine,askmath,2,122
Ibot02,math,2,219
JamesB5446,unitedkingdom,113,210
Kecleon2,UMD,13,235
Lopsidation,math,15,219
Marcassin,linguistics,3,219
NazgulXXI,apple,4,122
NotTheory,math,1,219
Noxime,MechanicalKeyboards,14,69
OmnipotentEntity,askscience,5,235
RichieFinn,ireland,27,235
Sarcon5673,math,147,219
SemperVenari,ireland,237,235
Sickysuck,PoliticalDiscussion,64,210
SkinnyHusky,nfl,31,58
Smithman,ireland,150,235
Tidhe,ireland,360,235
Topsrek,jailbreak,2,235
Twas_my_money_Father,ireland,30,235
VIII8,math,1,219
Warthog_A-10,ireland,395,235
WikiTextBot,Libertarian,446,210
Youre_Government,learnmath,26,122
_Artanos,math,7,219
_Mr-Skeltal_,todayilearned,199,235
_herbie,ireland,10,235
babeltoothe,math,16,219
beerybeardybear,Android,88,239
bradygilg,math,19,219
butwhydoesreddit,leagueoflegends,170,235
chicomathmom,CSUC,1,235
drizzyjake08,soccer,16,58
ethansolly,math,2,219
florp_the_schmorp,ElectricalEngineering,12,122
foxtrot1_1,toronto,44,235
halflings,datasets,1,210
homboo,videos,43,235
hymie0,AskReddit,10,122
ignazwrobel,spacex,9,194
imguralbumbot,Ice_Poseidon,745,235
jlt6666,nfl,129,58
joelthelion,france,76,217
kexrexdex,ireland,32,235
kokobannana,houston,8,235
lllluuukke,math,1,219
mainstreetmark,TropicalWeather,23,129
mamaBiskothu,explainlikeimfive,8,235
mamillaris,freefolk,53,235
mattkerle,energy,164,210
mccoyn,AskReddit,26,122
mina_knallenfalls,de,119,72
nicolasap,italy,8,192
owd200,ireland,27,235
poiaze,languagelearning,6,235
rapmachinenodiggidy,ireland,247,235
recklessglee,technology,8,210
sigsfried,Scotland,13,235
supremecrafters,assholedesign,18,235
totesnotashinnerbot,ireland,1651,235
up9rade,CampingandHiking,10,69
vimefer,ireland,21,235
yawnful,meirl,10,5
zigglezip,ireland,96,235
