author,subreddit,maxcount,topic
Bromskloss,sweden,113,128
BullNiro,australia,47,210
CDfm,ireland,511,235
Certhas,OneY,3,235
DKoala,darksouls,35,69
EdwardCoffin,LV426,10,69
Gazz1016,DotA2,20,235
Hititandquit,ireland,14,235
HotChocies,ireland,8,235
I2obiN,gaming,64,235
Maukeb,leagueoflegends,26,235
Quebe,worldnews,114,210
RAEpstein,IAmA,73,210
Rectangular_Vagina,PhilosophyofScience,1,219
Swoopily,ireland,152,235
alexbro001,AskReddit,7,122
cogman10,programming,28,239
davef,ireland,154,235
dopplerdog,math,53,219
drummeur,CollegeBasketball,35,58
elmer_the_arse,Economics,18,210
enalios,pokemon,44,69
iamayam,AskReddit,65,122
jackcreambun,ireland,22,235
kfrei,politics,50,210
khafra,DebateReligion,175,235
mybeard,ireland,24,235
newreaderaccount,leagueoflegends,6,235
philly_fan_in_chi,worldnews,31,210
relevantusername-,AskReddit,51,122
scaevolus,CastleDoctrine,11,122
svipdaugr,unitedkingdom,8,210
valeriekeefe,Economics,206,210
