author,subreddit,maxcount,topic
Amadn1995,conlangs,83,69
Anti_Craic,videos,7,235
Bar50cal,europe,74,210
Bayoris,grammar,35,235
CDfm,ireland,599,235
CaisLaochach,ireland,364,235
DhulKarnain,MapPorn,6,69
Emperor_Neuro,AskReddit,27,122
Eoiny,AskReddit,209,122
Goobyalus,AskElectronics,11,122
Grogie,montreal,13,69
Ican-read,AskReddit,4,122
International_KB,AskHistorians,25,210
LoyalToTheGroupOf17,Fitness,3,69
Madmaxcomptweezy,Redskins,2,58
MuhammadIsMyMuscle,totalwar,24,235
Nosher,chess,202,235
OccamsBlade013,artificial,6,219
Rose_Anne_White,IrishHistory,15,37
SerLaron,AskReddit,20,122
Squelcher121,StarWars,97,69
TashanValiant,cscareerquestions,20,122
TenRobots,smashbros,197,194
TheHouyhnhnm,ireland,40,235
Unlinkedhorizonzero,northernireland,97,235
Valfias,history,4,210
VinzShandor,MapPorn,6,69
WHEEEEEEEEEW,linux4noobs,31,122
Zidanet,mildlyinteresting,11,69
amillionnames,AskReddit,661,122
aoife_reilly,AskReddit,46,122
autowikibot,TumblrInAction,485,235
bobarob,soccer,87,58
boxstabber,Gunners,23,58
btowngar,explainlikeimfive,2,235
c-fox,Rateme,56,69
cionn,ireland,89,235
cocopopsreddit,ireland,15,235
contentBat,apple,52,122
cruiscinlan,ireland,159,235
dermballs,Games,68,116
erdocsg,history,19,210
farsass,MachineLearning,17,219
gadiandi3,funny,3,69
gingerkid1234,Christianity,47,235
grodgeandgo,ireland,30,235
ihavenowilly,ireland,34,235
iliasasdf,videos,52,235
juicewilson,ireland,35,235
kepeca,ireland,21,235
killartoaster,leagueoflegends,13,235
kosmotron,linguistics,4,219
laerteis,hearthstone,94,235
marquis_of_chaos,HistoryPorn,67,210
mljoe,MachineLearning,1,219
mm2222,videos,68,235
mullindoll,AskReddit,43,122
name_was_taken,Games,24,116
oneAngrySonOfaBitch,MachineLearning,20,219
ormerods,Music,2,235
petermal67,Scotland,67,235
rmlrn,MachineLearning,6,219
robspeaks,videos,55,235
skgoa,formula1,86,198
sonofol313,AskReddit,1,122
speelingfail,LiverpoolFC,27,235
spermicidal_rampage,LosAngeles,7,129
thedboy,movies,25,89
