author,subreddit,maxcount,topic
AkumaBajen,politics,10,210
AndrewKemendo,Economics,42,210
Chive,unitedkingdom,31,210
ComradePotato,gaming,5,235
Democritus477,AskReddit,52,122
Fjordo,AskReddit,30,122
FuzzzWuzzz,worldnews,15,210
Ivashkin,ukpolitics,341,210
RogueEagle,MensRights,43,210
Skilbride,unitedkingdom,127,210
Slartibartfastibast,IAmA,23,210
U747,Seattle,26,129
UberGimp,AskReddit,2,122
VitaminP,Documentaries,2,210
Wapook,fffffffuuuuuuuuuuuu,26,235
_defunkt_,ireland,11,235
anonemouse2010,AskReddit,74,122
badlarry001,ireland,28,235
borez,unitedkingdom,258,210
danny,Economics,1,210
farful,KarmaStarcraft,21,194
ferfecksakes,ireland,32,235
frownyface,TrueReddit,21,210
g33n,gaming,320,235
glitchbent,TwoXChromosomes,16,210
harrisonbeaker,math,53,219
lackofoxygen,pokemon,50,69
le_squiggle,soccer,21,58
lispchainsawmassacre,statistics,2,219
makemeking706,fffffffuuuuuuuuuuuu,82,235
mikro2nd,Homebrewing,23,69
mmmmmmmike,math,35,219
ofsinope,AskReddit,16,122
otakucode,askscience,96,235
porlov,AskReddit,43,122
ronopotamus,ireland,5,235
theswedishshaft,reddit.com,20,235
visarga,technology,10,210
whatgoodisaroad,Documentaries,1,210
wnoise,askscience,108,235
xeriscaped,politics,5,210
