author,subreddit,maxcount,topic
BakersDozen,ireland,227,235
CDfm,ireland,824,235
CaisLaochach,ireland,374,235
CatRelatedUsername,changemyview,36,210
Chtorrr,books,117,210
Cyc68,ireland,12,235
DamienGW,history,16,210
Dawson2089,CitiesSkylines,4,129
Dev__,ireland,75,235
Driveby_Dogboy,ireland,266,235
FlyinIrishman,ireland,6,235
I_have_arms,ireland,2,235
In_rod_we__trust,ireland,93,235
ItsTyrrellYo,ireland,73,235
KeyboardKlutz,AskReddit,13,122
LewisMogridge,urbanplanning,1,129
Mornic,videos,49,235
NicholasVincent,history,31,210
Ottawa_R,ottawa,6,235
PDP-11,ireland,2,235
Quouar,badhistory,346,210
Rusty_Phoenix,ireland,44,235
Takseen,ireland,41,235
Taliesen,ireland,50,235
Yerwun,ireland,63,235
autowikibot,TumblrInAction,350,235
collectiveindividual,europe,263,210
easwaran,politics,89,210
eobanb,moped,60,69
epeeist,northernireland,46,235
expectationlost,ireland,69,235
finyacluck,ireland,30,235
louiseber,ireland,664,235
peon47,AskReddit,53,122
thestandardtoaster,ireland,29,235
whatisabaggins55,gaming,7,235
