author,subreddit,maxcount,topic
Aegeus,SubredditDrama,28,210
AnnMatthews,IrishHistory,20,37
AnotherThroneAway,Fantasy,7,69
Banko,MapPorn,30,69
Bloatus2000,askaconservative,6,210
CDfm,ireland,544,235
CanucksFanInDublin,ireland,239,235
CodePervert,AskReddit,13,122
DictatorshipWorks,soccer,444,58
FRONTBUM,ireland,110,235
Glazu,ireland,23,235
ImLivingAmongYou,Futurology,112,210
ItsAConspiracy,Futurology,86,210
KevZero,worldnews,13,210
KimmoS,Suomi,11,54
Lastofthemojitoes,ireland,121,235
Lyteshift,AskReddit,37,122
Mary_Mulvihill,history,27,210
Moral_Gutpunch,AdviceAnimals,327,235
Myteus,AskReddit,42,122
RedPandaDan,ireland,26,235
Rindfleisch,ireland,6,235
Rory_The_Faggot,ireland,518,235
Stelith61,GlobalPowers,319,210
Tayto2000,Boxing,168,172
TheAnarchitect,AskReddit,10,122
TheSewerTank,2007scape,39,235
UnAmerican_Idol,explainlikeimfive,5,235
WhackAMoleE,Advice,99,69
Yerwun,ireland,80,235
autowikibot,TumblrInAction,518,235
awstin,AskReddit,4,122
barafundlebumbler,MMA,24,235
belbivfreeordie,Scotch,34,69
brockthesock,nrl,11,58
caffarelli,AskHistorians,194,210
carbolicsmoke,TwoXChromosomes,21,210
cormacocom,IrishHistory,36,37
dee8905,indonesia,109,235
dieyoubastards,hiphopheads,77,181
edzillion,ireland,37,235
ehmaleh,vegan,68,235
ferdbags,ireland,114,235
fezzo,AskReddit,96,122
film_guy01,Filmmakers,5,69
geoffsshorts,ireland,3,235
goltrpoat,chess,43,235
gufcfan,ireland,57,235
here2dare,ireland,79,235
infinitezero8,funny,43,69
interactionbill,IAmA,7,210
jeat86,history,1,210
jsunburn,ireland,21,235
karmanaut,AskReddit,242,122
knightarnaud,MapPorn,11,69
llordlloyd,modelmakers,63,69
looeee,ireland,51,235
lucasfish,AskReddit,2,122
mjaeltbrand,FantasyPL,6,235
monkeyleavings,AskReddit,19,122
mylovelyhorse101,ireland,12,235
prelsidente,videos,76,235
riteturnclyde,SFGiants,461,58
roastbeeftacohat,AskMen,105,235
robodialer,Bitcoin,16,235
ruaidhri,ireland,68,235
rwall0105,AskReddit,47,122
s0phiasays,IrishHistory,2,37
severance3,GetMotivated,1,235
siego,AskReddit,12,122
stamosface,soccer,21,58
swhall72,raleigh,53,129
tashmoo,bodybuilding,3,235
totes_meta_bot,todayilearned,405,235
yoda43,ireland,1,235
