author,subreddit,maxcount,topic
CFHQYH,AskReddit,55,122
Chandon,AskReddit,29,122
CiXeL,WTF,14,235
Gusfoo,science,10,219
MaxK,AskReddit,13,122
Softcode,math,2,219
bhal123,politics,15,210
captainthor,reddit.com,38,235
chrisdamato,scifi,4,89
derb,windowshots,8,129
duus,politics,84,210
iosjdfla4afsgc2,science,11,219
jeff0,atheism,4,210
khafra,AskReddit,143,122
luster,Economics,58,210
monxcracy,Economics,68,210
neonsphinx,AskReddit,28,122
permaculture,Marijuana,54,210
rothbardmises,Economics,13,210
uriel,politics,111,210
xnormajeanx,WTF,12,235
zushiba,WTF,9,235
