author,subreddit,maxcount,topic
-deadking-,MrRobot,25,235
AprilMaria,ireland,52,235
AspieDebater,MMA,61,235
BugsBunnySan,aviation,7,69
BurningFox,programming,11,239
CDfm,ireland,909,235
COOLSerdash,pcmasterrace,30,235
CaptainPyjamaShark,AskReddit,17,122
Dead_Parrot,SquaredCircle,6,235
DylanGification,irishcraftbeer,1,194
Feicarsinn,reddevils,47,235
InternetCrank,ireland,13,235
Molecular_Anagram,ireland,71,235
Nessie,exmuslim,45,235
Quouar,badhistory,641,210
ReasonablyBadass,Futurology,79,210
SeamusFitz67b,ireland,670,235
SnoobySnaps,metalgearsolid,33,69
TheGeneralLee83,northernireland,12,235
ThisIsSomebodyElse,Beekeeping,40,69
TweetsInCommentsBot,leagueoflegends,947,235
VandalsStoleMyHandle,spartanrace,5,69
Ximitar,politics,63,210
Yerwun,AskReddit,113,122
box_of_carrots,ireland,149,235
collectiveindividual,ireland,57,235
grey_hex,ireland,31,235
irishbeersnob,irishcraftbeer,2,194
jblo,dataisbeautiful,3,219
justcrappedmypants,LiverpoolFC,6,235
kristopolous,programming,14,239
motrjay,networking,6,235
munificent,programming,30,239
nkorslund,masseffect,65,69
nowonmai,AskReddit,41,122
oldgeeza,france,24,217
ours,movies,47,89
ray_giraffe,ireland,35,235
riceson,sysor,9,219
sheepwithascarf,ireland,3,235
sn76477,StarWarsLeaks,14,34
stunt_penguin,ireland,182,235
tekgnosis,EBEs,4,235
vincentrevelations,videos,58,235
