author,subreddit,maxcount,topic
-jute-,badphilosophy,272,235
0rangecoffee,PoliticalDiscussion,66,210
3hackg,atheism,12,210
4343528,motorcycles,3,69
AWebDeveloper,AskReddit,58,122
Adamba17,nottheonion,10,210
Ax3m4n,dataisbeautiful,3,219
BabyNapoleons,news,118,210
Baron_Benite,ireland,34,235
BoD80,talesfromtechsupport,6,235
BrendamusPrime,DestinyTheGame,4,235
CDfm,ireland,883,235
CharCharGabor,dataisbeautiful,1,219
Chefhole,AskReddit,3,122
Cogswobble,worldnews,36,210
Cosmologicon,webdev,15,239
CovertMonkey,ClashDecks,2,69
DelXV,AskReddit,96,122
DrSandbags,badeconomics,39,210
Dudley_DoRight__,AskReddit,2,122
EAnotCPA,personalfinance,4,122
Eireann_Ascendant,IrishHistory,24,37
El_Del_Borgo,GlobalOffensive,1,235
EuroTrash69,SanJoseSharks,139,58
FactsAndData,Jokes,1,235
FanOfGoodMovies,ghostbusters,96,235
Friday169,AskReddit,4,122
Fuckenjames,nissanfrontier,12,69
Harkoncito,soccer,63,58
I_SMELL_A_KARMAWHORE,legaladvice,25,69
Invisible_Light,hoi4,10,235
JohnTravoltasHair,MMA,36,235
Lankerway5,dataisbeautiful,2,219
LeroyWatkins,dataisbeautiful,1,219
MathLiftingMan,The_Donald,160,235
Moleculartony,politics,105,210
NOT_A_NICE_PENGUIN,AskReddit,68,122
Nato-jenkins,todayilearned,105,235
NelsonianB,AskReddit,1,122
Netgeek-UK,northernireland,181,235
NotCharmander,trees,7,210
OpenTheBorders,ireland,14,235
PaxTharka,Trucking,8,235
RatherBurnThanFade,Christianity,50,235
Repatriation,books,7,210
ReverseWindmill,ireland,16,235
SHADOW6,shittykickstarters,15,235
SkyClap,buildapc,9,122
Sploitspiller,todayilearned,23,235
Srz2,NoStupidQuestions,4,235
TheBlumBlum,dataisbeautiful,58,219
Uthorr,airsoft,7,69
VenusEye,ireland,107,235
Vercingetorix88,ireland,53,235
Wittmeister,AdviceAnimals,8,235
aidrocsid,FeMRADebates,50,210
bman214,dataisbeautiful,10,219
booble_dooble,gifs,12,235
briansomething,HVAC,5,235
chemspiderthrow,Testosterone,29,122
chickensandwiche,unitedkingdom,34,210
courir123,AskReddit,74,122
danubian1,ScenesFromAHat,11,235
dopplerdilemma,dataisbeautiful,25,219
erg62,chess,4,235
forcevacum,Bitcoin,65,235
geeked_outHyperbagel,politics,180,210
ghost00013,atheism,3,210
gildster,geocaching,4,69
hakubarudo,AskReddit,23,122
iamonlyoneman,Justrolledintotheshop,165,69
iamrob15,cscareerquestions,20,122
intellidumb,datasets,6,210
ironspyder13,dataisbeautiful,3,219
issmkc,Eve,28,235
javahawk,Rainbow6,2,235
jawbuck,funny,3,69
kanhawk,The_Donald,11,235
kehoeman,ireland,112,235
lc_freeze,gaming,2,235
lirannl,exmuslim,479,235
lost_in_life_34,nyc,151,129
lucy99654,skeptic,9,210
luke_in_the_sky,AskReddit,60,122
mLalush,dataisbeautiful,4,219
maddlabber829,nfl,51,58
meatduck12,bostonceltics,307,58
mherr77m,dataisbeautiful,7,219
mrborgen86,Python,9,239
nav13eh,AskReddit,28,122
neovulcan,changemyview,29,210
nilhilustfrederi,pcmasterrace,4,235
nukz0r,northernireland,16,235
quantum-quetzal,teenagers,83,235
redjd777,pics,27,69
rightsaidfred5,dataisbeautiful,5,219
runed_golem,Showerthoughts,3,235
shitbird,baseball,2,58
spencer_714,dataisbeautiful,1,219
spotlab,MachineLearning,3,219
steezy_kap,Vaping,5,69
stormguy03,AskReddit,8,122
swimtwobird,ireland,19,235
vin97,motogp,116,69
vivalarevoluciones,videos,10,235
witzerdog,JoeRogan,5,235
