author,subreddit,maxcount,topic
AerialAmphibian,atheism,24,210
AllDesperadoStation,WTF,146,235
BreatheEasyy,Economics,1,210
Bucklesman,IAmA,3,210
CodeandOptics,Economics,120,210
ImHalfAwake,leagueoflegends,4,235
MikeHowitzer,ireland,41,235
Rain12913,amiugly,15,235
RockofStrength,explainlikeimfive,15,235
Scriptorius,gameofthrones,10,69
Shrubber,Android,7,239
TeletextPear,ireland,27,235
acornalert,pics,26,69
adamwho,atheism,123,210
agconway,MachineLearning,2,219
bluegerm,ireland,32,235
burning_witch,AskReddit,22,122
cassander,PoliticalDiscussion,403,210
danbhala,ireland,3,235
dhusk,PoliticalDiscussion,40,210
exclown,pics,4,69
funnynoveltyaccount,GradSchool,3,235
godisbacon,fffffffuuuuuuuuuuuu,15,235
lutusp,math,153,219
plumpynutt,ireland,5,235
roboduck,pics,19,69
saxly,Documentaries,1,210
the_cat_kittles,MachineLearning,10,219
thedeclineirl,ireland,32,235
tikhonov,explainlikeimfive,5,235
whatsheon,AskReddit,30,122
willis77,malefashionadvice,166,122
wydeyes,videos,14,235
