author,subreddit,maxcount,topic
-THE_BIG_BOSS-,AskMen,24,235
Adderkleet,ireland,399,235
AprilMaria,socialism,220,210
Arozst,ForeverAlone,2,235
BadSmash4,justneckbeardthings,21,235
Bbrhuft,worldnews,90,210
BinaryHerder,Fitness,12,69
BobbyDafro,gaming,5,235
Bromskloss,sweden,267,128
CDfm,ireland,815,235
CaisLaochach,ireland,678,235
DeathcampEnthusiast,AskReddit,323,122
I_I-I,ireland,9,235
Irishwarrior,soccer,6,58
KFCNyanCat,AskReddit,306,122
Kier_C,ireland,46,235
LtLabcoat,DotA2,78,235
MaebhCon,ireland,134,235
MageToLight,InfamousSecondRP,82,37
Pointlessillism,ireland,17,235
Quouar,badhistory,156,210
Schnozberryz,todayilearned,8,235
Shock-Trooper,ireland,173,235
SorryButThis,worldnews,83,210
Soupynorman,ireland,101,235
Stegasaurus_Wrecks,ireland,48,235
SuperMajesticMan,AskReddit,46,122
Swichts,fantasyfootball,44,58
TeutorixAleria,ireland,5,235
TheChonk,ireland,6,235
TheCollectorsShop,philately,1,69
TheRawSharkTexts,ireland,63,235
Tom_Stall,ireland,47,235
TroubledChris,ireland,12,235
TweetsInCommentsBot,leagueoflegends,1413,235
Twisted-Biscuit,networking,4,235
Vergehat,ireland,69,235
VivaLaEmpire,TechoBlanco,47,46
VoteAlanKelly,ireland,247,235
brim4brim,ireland,54,235
cionn,ireland,13,235
cruiscinlan,ireland,22,235
davsheep,rugbyunion,12,235
doddmatic,ireland,16,235
drooobie,math,8,219
emul8ter25,ireland,5,235
flanflinger,ireland,49,235
giggsy664,soccer,16,58
gufcfan,ireland,52,235
half_pregnant,AskReddit,51,122
iorgfeflkd,askscience,99,235
j-shonk,AdviceAnimals,16,235
jeepdave,todayilearned,62,235
karma-toes,ireland,187,235
killboy,thewalkingdead,6,69
kilomcorrido,AskReddit,3,122
laxatives,fantasyfootball,12,58
mink_man,reddevils,451,235
neujersey,fixit,2,122
perrygeo,Python,7,239
raging_dope_fiend,casualiama,88,235
redburnel,BestOfOutrageCulture,221,235
reprazant,ireland,41,235
restthewicked,news,11,210
sartres-shart,ireland,38,235
singhgurjeet,MachineLearning,36,219
sir_wiggum,britishproblems,100,235
stonekiller,ireland,17,235
thestandardtoaster,ireland,46,235
trigger_m,ireland,29,235
unsureguy2015,ireland,76,235
