author,subreddit,maxcount,topic
Arnoldsideways,ireland,3,235
BobHHowell,AskReddit,5,122
Burbulous,AskReddit,18,122
CharlieDancey,AskReddit,50,122
Chive,atheism,16,210
Dante2005,gaming,26,235
FallingSnowAngel,AskReddit,36,122
G_Morgan,programming,369,239
GreenStrong,AskReddit,32,122
GrokThis,pics,39,69
HMG-CoAReductase,AskReddit,16,122
HaMMeReD,canada,16,210
ItsAConspiracy,Libertarian,11,210
JStarx,math,21,219
Jasper1984,Physics,54,219
Metacognition,Nootropics,15,219
Pr4370r1u5,AskReddit,39,122
Pyroguy,reddit.com,3,235
RichKatz,Economics,77,210
ST2K,AskReddit,37,122
SarahC,AskReddit,104,122
Skyrmir,Economics,82,210
SleepingSheeple,circlejerk,30,235
SomeIrishGuy,programming,16,239
StabsWithBricks,IAmA,12,210
Tatsu23456,science,8,219
TheMovement,beer,3,210
TheWalruss,science,42,219
TopRamen713,AskReddit,58,122
Turil,science,266,219
US_Hiker,AskReddit,37,122
aaaxxxlll,Nootropics,1,219
adrianix,AskReddit,7,122
andyhefner,programming,8,239
anonemouse2010,math,68,219
arkanus,AskReddit,83,122
astrange,programming,37,239
bluecoffee,math,2,219
booc0mtaco,apple,10,122
borick,AskReddit,18,122
brainiac256,reddit.com,21,235
brownbear,energy,1,210
budalicious,AskReddit,11,122
caks,AskReddit,27,122
captainly_obvious,AskReddit,33,122
choad,AskReddit,5,122
christianjb,AskReddit,85,122
cityofpurp,Economics,12,210
deadapostle,reddit.com,294,235
desmondo,pics,4,69
dhbanes,Nootropics,3,219
dioltas,reddit.com,18,235
dunmalg,AskReddit,88,122
electromarsch,AskReddit,28,122
eleitl,philosophy,56,219
elelias,AskReddit,12,122
enkiam,Anarchism,418,210
eoinmadden,ireland,43,235
folkTheory,AskReddit,1,122
fourteatoo,ReverseEngineering,3,239
gfixler,pics,57,69
hadhubhi,politics,2,210
incredulitor,IAmA,13,210
jamesallen74,AskReddit,21,122
jojoko,AskReddit,20,122
khafra,AskReddit,99,122
kiwidrew,programming,4,239
kolm,science,60,219
loltrader,programming,14,239
lucasvb,AskReddit,56,122
mrgames2,AskReddit,22,122
mycleverusername,reddit.com,24,235
neondei,AskReddit,4,122
neuromonkey,photography,122,69
night_owl,beer,143,210
rm999,todayilearned,32,235
ruaidhri,AskReddit,17,122
skurk,WTF,3,235
slapchopsuey,politics,12,210
supersauce,AskReddit,31,122
szopin,politics,27,210
tepidpond,AskReddit,24,122
thorgodofthunder,pics,10,69
trisweb,AskReddit,20,122
venicerocco,AskReddit,36,122
visarga,MensRights,6,210
willis77,AskReddit,68,122
wtfftw,programming,20,239
