author,subreddit,maxcount,topic
BlitzkriegSock,thenetherlands,8,151
CDfm,ireland,894,235
CaisLaochach,ireland,862,235
Carcharodon_literati,forwardsfromgrandma,56,235
Carthagefield,PropagandaPosters,43,210
Coast2CoastAssBlast,dataisbeautiful,5,219
Dirish,badhistory,143,210
Dix_x,eu4,34,235
Doylerps3,ireland,8,235
DrCiabatta,ireland,192,235
Ed-Dee,Billions,92,235
Fantastipotomus,ireland,210,235
Fatortu,france,344,217
FlaviusStilicho,pcmasterrace,19,235
Flick_My_Bean_Geoff,reddevils,361,235
Forvalaka,AskReddit,12,122
FrHankTree,ireland,105,235
Fritz46,motogp,2,69
GupnZup,ireland,25,235
HelperBot_,worldnews,951,210
InspectorFuck,AskReddit,30,122
Jester252,ireland,325,235
Lanky_Giraffe,ireland,164,235
LesEscargots,europe,6,210
MC_Dickie,GlobalOffensive,10,235
N0RTH_K0REA,ireland,124,235
Pochel,MapPorn,104,69
PythagorasJones,ireland,63,235
Revolver512,eu4,69,235
Satoyama_Will,Beekeeping,275,69
Scarr725,AskReddit,3,122
ScofieldM,politics,189,210
Shy_Misfit,leagueoflegends,6,235
SwiftOryx,MapPorn,106,69
Tescovaluebread,ireland,2,235
TheMulattoMaker,AskReddit,103,122
ThePowerOfFarts,AskReddit,38,122
Thelomen_Toblakai,rugbyunion,56,235
Tidhe,ireland,520,235
UndauntableThought,europe,57,210
VarysIsAMermaid69,samuraijack,234,235
Waterboarding4Jesus,ireland,243,235
WhovianMuslim,islam,11,210
Zork96,MapPorn,2,69
ZxZxchoc,ireland,23,235
aidentity,ireland,37,235
armagin,RimWorld,13,235
biggamax,Dell,3,88
bobama123,europe,48,210
cartesian_square,ireland,34,235
decredico,chess,26,235
diamondmovement,MMA,7,235
dodgerh8ter,SFGiants,55,58
doobeedoob,Games,19,116
dudeofedud,The_Donald,21,235
fleadh12,IrishHistory,6,37
heiseigo,europe,65,210
iLauraawr,ireland,42,235
jdgood,ireland,6,235
juronich,LabourUK,23,210
justarandomyoke,ireland,87,235
kaizervonmaanen,TheDickShow,77,235
kaphi,MapPorn,7,69
kingofthecrows,ireland,21,235
lsdinc,london,20,129
mamaBiskothu,photography,5,69
mloclam1444,MMA,81,235
nim_opet,europe,103,210
og_nichander,Suomi,47,54
op4arcticfox,starcitizen,32,235
potawatome,AskReddit,3,122
qwazerx,AskReddit,3,122
raicopk,AskEurope,389,235
rsynnott2,politics,136,210
speaksonlythetruth,AskReddit,32,122
starshitter,ireland,39,235
stunt_penguin,ireland,273,235
sumilkra,UKPersonalFinance,6,122
tau_tau1234,MapPorn,176,69
tinyp,PublicFreakout,27,210
vivaldibot,AskEurope,29,235
waves-of-the-water,ireland,201,235
zigglezip,ireland,229,235
