author,subreddit,maxcount,topic
ATR72,ireland,3,235
BadGoyWithAGun,AskReddit,48,122
Baraboo,Aquariums,1,69
CDfm,ireland,713,235
EvanLIX,roosterteeth,12,235
FRONTBUM,ireland,81,235
Flabsie,Guildwars2,31,122
Flick_My_Bean_Geoff,reddevils,221,235
Im_English,history,3,210
K1nsey6,politics,30,210
Lahmater,The_Donald,13,235
Leitirmgurl,ireland,57,235
MAULFURION,worldnews,3,210
Mahat,canada,64,210
MdeGrasseBison,canada,7,210
Mizuo___,headphones,10,235
Origaminick,origami,4,69
Pelusteriano,dataisbeautiful,34,219
Senno_Ecto_Gammat,space,403,69
Still_Game,ireland,21,235
Takseen,DebateCommunism,69,122
Underbelly,nba,29,58
ValentinWFP,dataisbeautiful,1,219
Vergehat,ireland,475,235
WikiTextBot,technology,488,210
WorldOfInfinite,books,2,210
Yerwun,ireland,87,235
abmac,personalfinance,6,122
adj0nt47,india,6,69
aqj,tipofmytongue,7,235
astrogirl,The_Donald,35,235
chickenprince92,ireland,6,235
coltajerone,AskReddit,190,122
comebackwithmybike,ireland,55,235
efatih55,Turkey,5,235
emtwo1950,elderscrollslegends,103,194
feedthebear,ireland,31,235
ggbbttd,datasets,6,210
heiseigo,europe,78,210
jonpul,history,63,210
karatelemon,AskReddit,85,122
kaumaron,dataisbeautiful,3,219
likeAdrug,ireland,21,235
meson456,buildapc,7,122
mjpenslitbooksgalore,books,111,210
oh-jcb,DotA2,8,235
pbskidsgo3,shower_thoughts,7,235
schapman22,LifeProTips,7,235
serialinterface,news,94,210
theoldkitbag,ireland,146,235
theunderstoodsoul,FantasyPL,126,235
thomaswint,datasets,1,210
topologyrulz,TrollXChromosomes,180,235
