author,subreddit,maxcount,topic
3atcat,wow,15,235
ABabyAteMyDingo,AskReddit,10,122
AddemF,math,58,219
Boson220,reddit.com,6,235
ChicagoBurdman,chicago,25,69
DoorsofPerceptron,askscience,24,235
Gaelach,ireland,36,235
HerculePoirot,sports,17,58
Hyperion5,Libertarian,12,210
Kragma,Economics,49,210
Lakerman,chess,33,235
Owwmykneecap,ireland,68,235
SoPoOneO,videos,30,235
Theropissed,AskReddit,130,122
TimmyBx,chess,26,235
astrolabe,worldnews,19,210
bad_neighbor,Homebrewing,16,69
big_nah,MachineLearning,2,219
blokhead,atheism,4,210
boot20,swtor,58,235
bradwheeler,Libertarian,11,210
chemistry_teacher,AskReddit,127,122
contrarianism,politics,9,210
corneliusrobot,investing,43,210
ctabone,videos,2,235
dabhaid,ireland,4,235
dermballs,gaming,266,235
divor,MMA,13,235
dmm219,Economics,32,210
dontstalkmebro,math,9,219
ebolaRETURNS,Drugs,29,210
forsoothsayi,PhilosophyofScience,1,219
freedomgeek,AskReddit,222,122
funhaps,beer,4,210
harlows_monkeys,politics,102,210
herpthederpable,wicked_edge,5,69
irgs,todayilearned,11,235
jerf,truegaming,43,235
jungisdead,FantasyPL,14,235
keeklesandwich,UCSC,2,235
khafra,DebateReligion,158,235
lordofthejungle,Art,3,110
mantra,Economics,136,210
maroon_sky,soccer,8,58
mayonesa,DepthHub,76,210
mcguire150,Economics,11,210
mudkippers,history,3,210
paulydavis,atheism,2,210
pclogos,investing,9,210
poliphilo,explainlikeimfive,4,235
procrastinating_PhD,mac,8,69
radaway,WebGames,4,235
rigotech,Miami,5,235
rooktakesqueen,reddit.com,45,235
safe_work_for_naught,AskReddit,370,122
sendmealink,running,16,69
shustrik,AskReddit,7,122
stingray85,AskReddit,8,122
syuk,AskReddit,71,122
talkloud,math,47,219
theramon,classicalmusic,12,69
uncreative_name,Libertarian,14,210
zach_will,opendata,1,239
zenogantner,MachineLearning,4,219
zer000,Homebrewing,4,69
