author,subreddit,maxcount,topic
ItsAConspiracy,reddit.com,16,235
LWRellim,Economics,29,210
LaurieCheers,programming,112,239
Philluminati,programming,32,239
bobpaul,politics,270,210
butch5555,Economics,27,210
elus,Economics,35,210
fujimitsu,reddit.com,80,235
londonzoo,AskReddit,22,122
metaldogman,Economics,4,210
mvbma,Economics,44,210
notfancy,programming,36,239
o2pb,technology,3,210
octordoctopus,WTF,1,235
pdizz,politics,71,210
peepsalot,science,23,219
pubjames,Economics,17,210
rnicoll,Economics,36,210
rt702,programming,1,239
taw,politics,27,210
tigerthink,AskReddit,80,122
underthelinux,AskReddit,8,122
zem,programming,74,239
