author,subreddit,maxcount,topic
BillyBuckets,masseffect,57,69
BodProbe,MLS,11,58
CmdrSammo,formula1,32,198
CoffeeFirst,Coffee,5,69
DorasOscailte,ireland,9,235
Falkvinge,technology,14,210
HacksawJimDGN,ireland,18,235
Lambda_Rail,nfl,4,58
OTSProspect,trance,8,181
Phantom_Hoover,science,53,219
SidtheMagicLobster,redditoroftheday,18,29
Stoutfellow,ireland,1,235
alfredr,funny,1,69
anutensil,redditoroftheday,93,29
cstheoryphd,math,34,219
davidreiss666,redditoroftheday,39,29
demmian,starcraft,48,69
gwern,Nootropics,25,219
kerrianneta,redditoroftheday,94,29
lukemcr,masseffect,18,69
mokshagren,redditoroftheday,4,29
nathantheshark,sysor,1,219
otakucode,funny,102,69
redditcdnfanguy,worldnews,6,210
redtaboo,TwoXChromosomes,72,210
rya11111,AskReddit,77,122
s0bmarine,LifeProTips,13,235
sabetts,Drugs,6,210
simulacrum,ireland,3,235
sushisushisushi,SubredditDrama,75,210
treerex,cigars,56,235
witchknot,ireland,11,235
