author,subreddit,maxcount,topic
Anonymous_Bosch,travel,247,69
Cosmologicon,dailyprogrammer,14,75
DKoala,ireland,25,235
DublinBen,malefashionadvice,204,122
Frencil,Green,3,210
KevZero,canada,25,210
KevinJD,MMA,14,235
KontraMantra,simpleliving,7,235
Mute2120,Heavymind,7,69
Premislaus,asoiaf,9,235
Rhomnousia,gaming,17,235
Silly_Hats_Only,todayilearned,6,235
The3rdWorld,WTF,24,235
TheLeaderIsGood,Fitness,26,69
U747,Seattle,9,129
alanpost,livestock,3,69
barnacle-station,nyc,36,129
broadcloak,ireland,23,235
cionn,ireland,55,235
couvre,sysor,1,219
davebees,funny,10,69
deborahdelong,Beekeeping,64,69
discogravy,AskReddit,6,122
drakeg4,mylittlepony,54,69
eoin2000,ireland,243,235
ivosaurus,PHP,40,239
julesjacobs,programming,129,239
manliness,MachineLearning,3,219
matts2,ronpaul,330,210
mooglor,ireland,71,235
mordecailee,Design,35,69
noroom,battlefield3,57,235
ridik_ulass,AskReddit,338,122
rotzooi,IAmA,34,210
shigawire,raspberry_pi,4,69
thedrew,politics,20,210
yawnz0r,ireland,18,235
