author,subreddit,maxcount,topic
Bigbillyb0b,todayilearned,2,235
CDfm,ireland,605,235
EXAX,chess,37,235
JustinPA,MapPorn,21,69
Mendoza2909,chess,14,235
UnladenEUSwallow,feedthebeast,35,69
a_complete_cock,ireland,52,235
argh523,MapPorn,38,69
autowikibot,KotakuInAction,475,210
billtipp,ireland,3,235
bravezombie,PuzzleAndDragons,18,235
caseyuer,chess,104,235
continuousQ,TwoXChromosomes,30,210
curiousRabbitPants,ireland,15,235
gufcfan,soccer,40,58
jamiefkk,paradoxplaza,11,235
mak_marin,chess,6,235
mrbigsnot,Beekeeping,10,69
ninety6days,ireland,161,235
pm_me_free_anal_exam,chess,1,235
ramsesniblick3rd,ireland,183,235
sbw2012,AskReddit,2,122
thomasGK,gaming,20,235
