source,sink
cavedave,jhscro
AtlasTheMighty,cavedave
AtlasTheMighty,cavedave
cavedave,AtlasTheMighty
cavedave,AtlasTheMighty
AtlasTheMighty,cavedave
cavedave,edubation
lentil5,cavedave
cavedave,lentil5
Schtave,cavedave
esssssss,cavedave
cavedave,esssssss
esssssss,cavedave
cavedave,esssssss
bigdee4933,cavedave
JohnTesh,cavedave
khafra,cavedave
cavedave,khafra
khafra,cavedave
edman007-work,cavedave
cavedave,edman007-work
NeoMoose,cavedave
guisar,cavedave
amorrn,cavedave
DkEiVwOi,cavedave
run_zeno_run,cavedave
cc81,cavedave
cavedave,rodgerd
khafra,cavedave
cavedave,khafra
gerritvb,cavedave
shitswan,cavedave
canadian_anarchist,cavedave
cavedave,gerritvb
cavedave,shitswan
cavedave,canadian_anarchist
gerritvb,cavedave
cavedave,gerritvb
gerritvb,cavedave
cavedave,gerritvb
Sobek,cavedave
cavedave,name_was_taken
hoijarvi,cavedave
name_was_taken,cavedave
cavedave,name_was_taken
cavedave,coonstev
Ruxini,cavedave
giziti,cavedave
cavedave,Infulable
cavedave,3h8d
cavedave,countingconflict
Daroo425,cavedave
EriktheRed,cavedave
Stephen_Normal,cavedave
cavedave,Devil-ink
BLUNTYEYEDFOOL,cavedave
cavedave,BLUNTYEYEDFOOL
cavedave,glycosylated
flanflinger,cavedave
tkmckenzie,cavedave
Lors_Soren,cavedave
cavedave,Lors_Soren
