source,sink
cavedave,joeldevahl
cavedave,mschaef
mschaef,cavedave
cavedave,mschaef
thebigbradwolf,cavedave
cavedave,RobinReborn
cavedave,Escafane
Escafane,cavedave
cavedave,Escafane
Escafane,cavedave
cavedave,hwkns
trocar,cavedave
quack,cavedave
implausibleusername,cavedave
cavedave,implausibleusername
implausibleusername,cavedave
cavedave,implausibleusername
logicalnoise,cavedave
uncreative_name,cavedave
clumma,cavedave
tsteele93,cavedave
cavedave,tsteele93
tsteele93,cavedave
zem,cavedave
jericho,cavedave
sickofthisshit,cavedave
chauss7,cavedave
cavedave,bg370
cavedave,omfgninja
david,cavedave
cavedave,david
cavedave,Tekmo
trigger0219,cavedave
IMJGalt,cavedave
cavedave,IMJGalt
Tekmo,cavedave
cavedave,Tekmo
IMJGalt,cavedave
cavedave,Xophmeister
cavedave,argoff
cavedave,fwork
argoff,cavedave
cavedave,argoff
cavedave,astrolabe
WinterAyars,cavedave
cavedave,WinterAyars
WinterAyars,cavedave
Notmyrealname,cavedave
cavedave,lockhart000
lockhart000,cavedave
cavedave,turkourjurbs
zyzzogeton,cavedave
cavedave,jimm
ealf,cavedave
cavedave,ealf
ealf,cavedave
cavedave,gehenom
cavedave,philoneous
cavedave,aldarion
gx5ilver,cavedave
adrianmonk,cavedave
cavedave,adrianmonk
jmcqk6,cavedave
cavedave,jmcqk6
serpentjaguar,cavedave
aldarion,cavedave
cavedave,aldarion
cavedave,fredrikj
cavedave,mvbma
mvbma,cavedave
cavedave,greginnj
greginnj,cavedave
cavedave,TheGood
xinhoj,cavedave
cavedave,dabizi
Psy-Kosh,cavedave
cavedave,Psy-Kosh
cavedave,JimH10
cavedave,joshdick
cavedave,theeth
