source,sink
cavedave,wildeye
wildeye,cavedave
cavedave,wildeye
wildeye,cavedave
cavedave,wildeye
wildeye,cavedave
cavedave,wildeye
wildeye,cavedave
cavedave,eleitl
cavedave,wildeye
eleitl,cavedave
cavedave,eleitl
eleitl,cavedave
cavedave,eleitl
wildeye,cavedave
cavedave,jasonrosen
cavedave,adelie42
cavedave,nausicaadistribution
adelie42,cavedave
cavedave,adelie42
cavedave,collidge
CrawstonWaffle,cavedave
cavedave,segaliberationarmy
cavedave,fryktelig
cavedave,pandemik
cavedave,BehemothTheCat
cavedave,VyseofArcadia
twopoint718,cavedave
cavedave,ignatiusloyola
ignatiusloyola,cavedave
cavedave,inhaler
cavedave,jhaluska
cavedave,logophobia
logophobia,cavedave
cavedave,ignatiusloyola
ignatiusloyola,cavedave
cavedave,ignatiusloyola
ignatiusloyola,cavedave
ignatiusloyola,cavedave
cavedave,gIowingsheep
cavedave,hansn
hansn,cavedave
cavedave,hansn
thelittletramp,cavedave
cavedave,tekgnosis
tekgnosis,cavedave
railrulez,cavedave
cavedave,Vulgarian
joshdick,cavedave
cavedave,joshdick
joshdick,cavedave
vipster,cavedave
seydar,cavedave
PhrankLee,cavedave
cavedave,PhrankLee
cavedave,aywwts4
cavedave,larrydag
cavedave,frenchtoaster
frenchtoaster,cavedave
anonymous11235,cavedave
esoom,cavedave
cavedave,howlin
cavedave,esoom
cavedave,Jack9
cavedave,AndrewKemendo
cavedave,shustrik
tymekpavel,cavedave
cavedave,tymekpavel
tymekpavel,cavedave
cavedave,tymekpavel
topepo,cavedave
cavedave,topepo
qvae_train,cavedave
cavedave,qvae_train
cavedave,MonsPubis
MonsPubis,cavedave
cavedave,DeskJob
cavedave,lemniscactus
cavedave,ninjin
cavedave,cavedave
Mr_Smartypants,cavedave
tziki,cavedave
cavedave,manux
cavedave,agz
agz,cavedave
cavedave,agz
frimble,cavedave
cavedave,eleitl
eleitl,cavedave
cavedave,condescending-twit
condescending-twit,cavedave
cavedave,condescending-twit
condescending-twit,cavedave
DoorsofPerceptron,cavedave
teaspoon2008,cavedave
