source,sink
cavedave,army_ant
army_ant,cavedave
cavedave,army_ant
army_ant,cavedave
cavedave,dazed_grad
cavedave,truthseeeker
truthseeeker,cavedave
Aedan382,cavedave
cavedave,Aedan382
rdavis4559,cavedave
gufcfan,cavedave
cavedave,gufcfan
cavedave,noisylettuce
cavedave,ACompanionUnobtrusiv
clammind,cavedave
AtomicKoala,cavedave
create_space,cavedave
cavedave,create_space
create_space,cavedave
cavedave,create_space
niomosy,cavedave
cavedave,therealdannyking
therealdannyking,cavedave
mamashaq,cavedave
cavedave,mamashaq
BritishDeafMan,cavedave
cavedave,CDfm
cavedave,unsureguy2015
cavedave,BurtonShaw
cavedave,BeauBrandon
exatorp,cavedave
BeauBrandon,cavedave
SkankinPickle,cavedave
cavedave,SkankinPickle
cavedave,bavarian_illuminatus
cavedave,HumminahHumminah
cavedave,Feicarsinn
Spoonshape,cavedave
cavedave,Spoonshape
Spoonshape,cavedave
cavedave,chessfriends
Hypertension123456,cavedave
cavedave,louiseber
cavedave,CDfm
CDfm,cavedave
cavedave,hatrickpatrick
cavedave,Uncerious
JohnCthulhu,cavedave
Uncerious,cavedave
louiseber,cavedave
nkrera,cavedave
hatrickpatrick,cavedave
cavedave,anaxx
cavedave,Luimnigh
Spoonshape,cavedave
cavedave,Spoonshape
rdavis4559,cavedave
Fudgms,cavedave
SatansAliens,cavedave
cavedave,SatansAliens
SatansAliens,cavedave
cavedave,FiahOwl
cavedave,voyyful
voyyful,cavedave
cavedave,arnet95
urnbabyurn,cavedave
cavedave,urnbabyurn
urnbabyurn,cavedave
cavedave,urnbabyurn
zeugding,cavedave
urnbabyurn,cavedave
cavedave,zeugding
cavedave,urnbabyurn
jimlebob,cavedave
cavedave,jimlebob
cavedave,redpillireland
cavedave,PixelNotPolygon
PixelNotPolygon,cavedave
cavedave,PixelNotPolygon
PixelNotPolygon,cavedave
cavedave,ArchitectofAges
ArchitectofAges,cavedave
cavedave,PixelNotPolygon
cavedave,BJinandtonic
BJinandtonic,cavedave
cavedave,BJinandtonic
cavedave,Manos_Of_Fate
Manos_Of_Fate,cavedave
cavedave,Manos_Of_Fate
cavedave,_Mike_Smash_
_Mike_Smash_,cavedave
cavedave,_Mike_Smash_
_Mike_Smash_,cavedave
cavedave,_Mike_Smash_
dcaveman,cavedave
cavedave,dcaveman
cavedave,collectiveindividual
dcaveman,cavedave
cavedave,dcaveman
collectiveindividual,cavedave
