source,sink
cavedave,morgenstern
cavedave,afrofagne
pogden,cavedave
cavedave,Megatron_McLargeHuge
cavedave,rgarreta
rgarreta,cavedave
memumimo,cavedave
cavedave,Swoopily
cavedave,K1N6F15H
cavedave,Tarquin_McBeard
karma-toes,cavedave
cavedave,karma-toes
cavedave,MasterChiefette
karma-toes,cavedave
cavedave,karma-toes
HonkyTonkHero,cavedave
cavedave,HonkyTonkHero
moschles,cavedave
cavedave,moschles
cavedave,strategosInfinitum
animationanomaly,cavedave
strategosInfinitum,cavedave
Profix,cavedave
cavedave,strategosInfinitum
Profix,cavedave
strategosInfinitum,cavedave
CDfm,cavedave
cavedave,CDfm
Bayoris,cavedave
