source,sink
cavedave,taikutsu
cavedave,bobovski
bobovski,cavedave
cavedave,bobovski
employeeno5,cavedave
cavedave,queus
queus,cavedave
20000miles,cavedave
cavedave,20000miles
cavedave,mantra
cavedave,OneAndOnlySnob
brennen,cavedave
cavedave,brennen
keyforce,cavedave
cavedave,keyforce
cavedave,c-ray
cavedave,sulumits-retsambew
cavedave,nobodyspecial
Wi-Fi-Guy,cavedave
cavedave,nobodyspecial
themusicgod1,cavedave
cavedave,themusicgod1
pseudosinusoid,cavedave
cavedave,pseudosinusoid
cavedave,4609287645
4609287645,cavedave
cavedave,hajk
hajk,cavedave
cavedave,cyclopsface
spinchange,cavedave
cyclopsface,cavedave
cavedave,cyclopsface
cavedave,bipedalshark
cavedave,RealityTvStar
RealityTvStar,cavedave
cavedave,eleitl
eleitl,cavedave
salgat,cavedave
cavedave,salgat
aletoledo,cavedave
cavedave,aletoledo
aletoledo,cavedave
cavedave,aletoledo
aletoledo,cavedave
cavedave,aletoledo
aletoledo,cavedave
cavedave,aletoledo
cavedave,MercurialMadnessMan
cavedave,fakeproject
fakeproject,cavedave
cavedave,jamasaru
tom83,cavedave
cavedave,tom83
cavedave,slacker22
cavedave,ninguem
Jasper1984,cavedave
cavedave,Jasper1984
cavedave,trocar
cavedave,aletoledo
aletoledo,cavedave
cavedave,aletoledo
jaggederest,cavedave
tomjen,cavedave
cavedave,judgej2
cavedave,lmaurits
lmaurits,cavedave
cavedave,icebadger
khammack,cavedave
