source,sink
cavedave,Corky83
tiptopgolfy,cavedave
cavedave,irishjihad
cavedave,tiptopgolfy
irishjihad,cavedave
cavedave,irishjihad
irishjihad,cavedave
cavedave,Krlll
cavedave,seantorious
seantorious,cavedave
CDfm,cavedave
Krlll,cavedave
MadgeWilkins,cavedave
cavedave,Nishikino_Maki
tiptopgolfy,cavedave
Stairaibud,cavedave
cavedave,snug12
speaksonlythetruth,cavedave
cavedave,speaksonlythetruth
cavedave,VoteAlanKelly
VoteAlanKelly,cavedave
cavedave,1wheel
cavedave,dougbtv
cavedave,LethargicSuccubus
LethargicSuccubus,cavedave
tatertotsyoufools,cavedave
cavedave,tatertotsyoufools
Baldybogman,cavedave
cavedave,louiseber
VoteAlanKelly,cavedave
louiseber,cavedave
handsomechandler,cavedave
cavedave,comebackwithmybike
comebackwithmybike,cavedave
cavedave,tatertotsyoufools
cavedave,amethystrockstar
cavedave,lekkerlekker
cavedave,rom211
cavedave,Dariaskehl
cavedave,LethargicSuccubus
LethargicSuccubus,cavedave
cavedave,LethargicSuccubus
amethystrockstar,cavedave
cavedave,amethystrockstar
rom211,cavedave
cavedave,rom211
cavedave,serealport
amethystrockstar,cavedave
cavedave,amethystrockstar
amethystrockstar,cavedave
cavedave,amethystrockstar
Senno_Ecto_Gammat,cavedave
cavedave,Senno_Ecto_Gammat
Senno_Ecto_Gammat,cavedave
cavedave,Senno_Ecto_Gammat
Senno_Ecto_Gammat,cavedave
cavedave,Senno_Ecto_Gammat
CDfm,cavedave
Senno_Ecto_Gammat,cavedave
amethystrockstar,cavedave
cavedave,tatertotsyoufools
cavedave,amethystrockstar
cavedave,hewhofartsonthebus
cavedave,amethystrockstar
amethystrockstar,cavedave
cavedave,reabhloid
cavedave,CDfm
cavedave,Tobyirl
c0mpliant,cavedave
cavedave,Bri87
Bri87,cavedave
cavedave,Bri87
cavedave,dick1856
RoscoLM,cavedave
cavedave,RoscoLM
tatertotsyoufools,cavedave
TheVergeOfSiik,cavedave
cavedave,TheVergeOfSiik
TheVergeOfSiik,cavedave
MsWhimsy,cavedave
TheMcDucky,cavedave
cavedave,TheMcDucky
cavedave,wonderjewess
cavedave,gera75
Dev__,cavedave
Jeqk,cavedave
ManchesterSteam,cavedave
cavedave,BakersDozen
BakersDozen,cavedave
cavedave,BakersDozen
BakersDozen,cavedave
cavedave,razzer1987
razzer1987,cavedave
