source,sink
TheCodexx,cavedave
CDfm,cavedave
cavedave,CDfm
cavedave,hotsizzlepancakes
hotsizzlepancakes,cavedave
cavedave,jimjarmuschy
pentad67,cavedave
CDfm,cavedave
jimintoronto,cavedave
JackiePollockBrown,cavedave
cavedave,BOZGBOZG
BOZGBOZG,cavedave
BOZGBOZG,cavedave
pthornton614,cavedave
cavedave,pthornton614
Hencq,cavedave
KnowsAboutMath,cavedave
Xanderoga,cavedave
cavedave,ncson
cavedave,huyvanbin
cavedave,Antomic
Cool_Hand_Lucan,cavedave
cavedave,Cool_Hand_Lucan
BankVole,cavedave
cavedave,Uncreative-Name
Uncreative-Name,cavedave
ROCKISASELLOUT,cavedave
cavedave,ROCKISASELLOUT
heartosay,cavedave
CDfm,cavedave
cavedave,louiseber
cthurber,cavedave
cavedave,cthurber
CDfm,cavedave
cavedave,CDfm
CDfm,cavedave
coffeecoffeecoffeee,cavedave
-Fighters,cavedave
cavedave,coffeecoffeecoffeee
autowikibot,cavedave
cavedave,ragnar0ck
driscoll97,cavedave
cavedave,phyzome
cavedave,driscoll97
oldschoolcool,cavedave
cavedave,oldschoolcool
cavedave,Ut_Prosim
cavedave,Tigger_87
Tigger_87,cavedave
cavedave,Tigger_87
Tigger_87,cavedave
cavedave,Tigger_87
Tigger_87,cavedave
