source,sink
CDfm,cavedave
cavedave,CDfm
CDfm,cavedave
cavedave,CDfm
CDfm,cavedave
cavedave,CDfm
CDfm,cavedave
cavedave,CDfm
CDfm,cavedave
cavedave,CDfm
CDfm,cavedave
I_am_salad,cavedave
cavedave,I_am_salad
I_am_salad,cavedave
cavedave,I_am_salad
I_am_salad,cavedave
cavedave,Nonabelian
cavedave,derkd
derkd,cavedave
cavedave,Cristal_nacht
esctoquit,cavedave
cavedave,esctoquit
cavedave,poolnallinnit
hairman55,cavedave
cavedave,hairman55
hairman55,cavedave
cavedave,hairman55
hairman55,cavedave
cavedave,hairman55
hairman55,cavedave
cavedave,hairman55
cavedave,rmc
CDfm,cavedave
rmc,cavedave
cavedave,CDfm
CDfm,cavedave
CDfm,cavedave
cavedave,CDfm
hairman55,cavedave
cavedave,hairman55
hairman55,cavedave
cavedave,hairman55
hairman55,cavedave
CDfm,cavedave
cavedave,CDfm
LinkFixerBot,cavedave
cavedave,poolnallinnit
CDfm,cavedave
cavedave,CDfm
CDfm,cavedave
cavedave,CDfm
CDfm,cavedave
cavedave,stefankruithof
ocamlmycaml,cavedave
cavedave,ocamlmycaml
cavedave,hughwphamill
cavedave,cassius_longinus
cassius_longinus,cavedave
