source,sink
cavedave,Paynekiller
DoorsofPerceptron,cavedave
cavedave,DoorsofPerceptron
cavedave,breisleach
cavedave,shustrik
cavedave,shaggorama
rockets4kids,cavedave
fairestcheetah,cavedave
cavedave,fairestcheetah
WheresMyElephant,cavedave
cavedave,WheresMyElephant
helenika,cavedave
cavedave,helenika
spinflip,cavedave
cavedave,spinflip
cavedave,procastarchaeologist
procastarchaeologist,cavedave
cavedave,errer
cavedave,drmomentum
drmomentum,cavedave
drmomentum,cavedave
cavedave,drmomentum
_delirium,cavedave
mrdmnd,cavedave
cavedave,mrdmnd
mrdmnd,cavedave
theLmovingKnight,cavedave
MxM111,cavedave
typographicalerror,cavedave
cavedave,typographicalerror
cavedave,MxM111
typographicalerror,cavedave
cavedave,typographicalerror
drmomentum,cavedave
cavedave,drmomentum
drmomentum,cavedave
MxM111,cavedave
cavedave,MxM111
cavedave,WhyEfficient
cavedave,MxM111
TheMangledBadger,cavedave
cavedave,TheMangledBadger
TheMangledBadger,cavedave
cavedave,ModernRonin
ModernRonin,cavedave
cavedave,ModernRonin
bready,cavedave
cavedave,zasinzebra
feembly,cavedave
rm999,cavedave
urish,cavedave
cavedave,feembly
zasinzebra,cavedave
cavedave,zasinzebra
cavedave,reddddditer
reddddditer,cavedave
cavedave,FakenameMcAlias
cryptorchidism,cavedave
cavedave,cryptorchidism
cryptorchidism,cavedave
cavedave,soulfrequencies
cavedave,Li0Li
cavedave,adamwho
cavedave,mfredrickson
mfredrickson,cavedave
cavedave,nuckingFutz
cavedave,Thranil
cavedave,cuginhamer
Mauve_Cubedweller,cavedave
cavedave,Mauve_Cubedweller
novenator,cavedave
