source,sink
cavedave,jdh30
cavedave,xpat
cavedave,dairymaid
davef,cavedave
dairymaid,cavedave
cavedave,revenantae
revenantae,cavedave
cavedave,revenantae
super_luminal,cavedave
cavedave,ImHalfAwake
ImHalfAwake,cavedave
cavedave,ImHalfAwake
tim404,cavedave
cavedave,tim404
cavedave,YaoPau
cavedave,kikibobo
cavedave,jmelesky
SomeIrishGuy,cavedave
cavedave,spyingwind
Pxtl,cavedave
cavedave,Pxtl
Pxtl,cavedave
cavedave,Pxtl
traxxas,cavedave
cavedave,traxxas
cavedave,cafedude
cavedave,hglman
cavedave,phongbong
cavedave,bondolo
phongbong,cavedave
cavedave,morphism
cavedave,mccoyn
cavedave,metaman2
mccoyn,cavedave
niklz,cavedave
cavedave,Lu-Tze
cavedave,ShroedingersCat
cavedave,CatbertOrange
CatbertOrange,cavedave
cavedave,CatbertOrange
cavedave,hybridthm
CatbertOrange,cavedave
brettvirmalo,cavedave
cavedave,bluescholars
cavedave,davvblack
bluescholars,cavedave
cavedave,bluescholars
jt004c,cavedave
cavedave,jt004c
orangepotion,cavedave
ImHalfAwake,cavedave
cavedave,ImHalfAwake
fbahr,cavedave
cavedave,fbahr
fbahr,cavedave
cavedave,jaggederest
cavedave,mushpuppy
cavedave,prnandhomeless
cavedave,matt_i
cavedave,recursion
cavedave,zeke690
zeke690,cavedave
cavedave,zeke690
cavedave,Cathal12
Cathal12,cavedave
lordofthejungle,cavedave
cavedave,Cathal12
tdh3m,cavedave
zeke690,cavedave
cavedave,strategosInfinitum
