source,sink
cavedave,Madness_As_Muse
name_was_taken,cavedave
Wonnk13,cavedave
cavedave,Wonnk13
DasWood,cavedave
ItsAConspiracy,cavedave
subschool,cavedave
cavedave,subschool
subschool,cavedave
cavedave,subschool
cavedave,sanity
cavedave,gwern
gwern,cavedave
cavedave,slash196
slash196,cavedave
fuck_pants_jr,cavedave
cavedave,fuck_pants_jr
reddit_clone,cavedave
cavedave,reddit_clone
Ruxini,cavedave
cavedave,Ruxini
cavedave,thatdarnedbob
cavedave,JimmyHavok
JimmyHavok,cavedave
cavedave,JimmyHavok
JimmyHavok,cavedave
cavedave,JimmyHavok
JimmyHavok,cavedave
morkskogen,cavedave
cavedave,morkskogen
ContiGhostwood,cavedave
cavedave,AlternativeThinker
AlternativeThinker,cavedave
Neurokeen,cavedave
cavedave,Neurokeen
