source,sink
cavedave,CDfm
CDfm,cavedave
cavedave,CDfm
CDfm,cavedave
glitch77,cavedave
Jayoval,cavedave
jkfgrynyymuliyp,cavedave
CDfm,cavedave
cavedave,jkfgrynyymuliyp
745_Gucci_Interior,cavedave
cavedave,745_Gucci_Interior
745_Gucci_Interior,cavedave
jkfgrynyymuliyp,cavedave
burketo,cavedave
cavedave,Khaaannnnn
cavedave,Ragnarokcometh
TweetsInCommentsBot,cavedave
cavedave,EIREANNSIAN
EIREANNSIAN,cavedave
stult,cavedave
cavedave,happyLarr
hohohohumhumhum,cavedave
Jeqk,cavedave
marshsmellow,cavedave
cavedave,JayK1
CaisLaochach,cavedave
CDfm,cavedave
cavedave,CDfm
cavedave,seandalai
seandalai,cavedave
Nuggetsurwha,cavedave
newplayer33554432,cavedave
cavedave,newplayer33554432
newplayer33554432,cavedave
cavedave,antiquarian_bookworm
cavedave,ClitDoctorMD
cavedave,ClitDoctorMD
cavedave,CDfm
CDfm,cavedave
ClitDoctorMD,cavedave
kentaurus712,cavedave
ClitDoctorMD,cavedave
cavedave,Lilgherkin
lukesnydermusic,cavedave
cavedave,thestandardtoaster
thestandardtoaster,cavedave
cavedave,thestandardtoaster
thestandardtoaster,cavedave
cavedave,Cephian
Cephian,cavedave
cavedave,Cephian
battez,cavedave
cavedave,battez
cavedave,heart_of_gold1
heart_of_gold1,cavedave
cavedave,heart_of_gold1
heart_of_gold1,cavedave
notadoctor123,cavedave
trashacount12345,cavedave
jam11249,cavedave
jam11249,cavedave
misplaced_my_pants,cavedave
Stino_Dau,cavedave
chipfox,cavedave
ardenr,cavedave
cavedave,chipfox
AbsolutShite,cavedave
PWL73316,cavedave
munkifisht,cavedave
-Rory-,cavedave
redburnel,cavedave
cavedave,-Rory-
-Rory-,cavedave
cavedave,-Rory-
-Rory-,cavedave
ShaneQful,cavedave
stunt_penguin,cavedave
cavedave,stunt_penguin
Ruckingfeturd,cavedave
cavedave,Ruckingfeturd
tirmanadir,cavedave
