source,sink
cavedave,BoltzmansBrain
BoltzmansBrain,cavedave
cavedave,AlexFromOmaha
AlexFromOmaha,cavedave
cavedave,BoltzmansBrain
cavedave,keebiejeebie
cavedave,amaxen
chochazel,cavedave
BoltzmansBrain,cavedave
cavedave,BoltzmansBrain
cavedave,mooglor
cavedave,phyzome
cavedave,yawningangel
mooglor,cavedave
auto98,cavedave
yawningangel,cavedave
cavedave,yawningangel
cavedave,ndanger
callouskitty,cavedave
cavedave,callouskitty
dmooney1,cavedave
cavedave,dmooney1
citrusvanilla,cavedave
cavedave,phyzome
phyzome,cavedave
IrishJoe,cavedave
cavedave,phyzome
rmc,cavedave
OptimooseRhyme,cavedave
jerf,cavedave
U747,cavedave
cavedave,Sheft
rmc,cavedave
rmc,cavedave
cavedave,TimofeyPnin
TimofeyPnin,cavedave
cavedave,TimofeyPnin
TimofeyPnin,cavedave
cavedave,CDfm
CDfm,cavedave
nmcyall,cavedave
cavedave,nmcyall
cavedave,CDfm
CDfm,cavedave
cavedave,CDfm
cavedave,SLDeviant
CDfm,cavedave
artist-philosopher,cavedave
Linear-A,cavedave
finiterepeat,cavedave
cavedave,finiterepeat
finiterepeat,cavedave
zacharymichael,cavedave
cavedave,zacharymichael
smitty046,cavedave
cavedave,finiterepeat
brewtang,cavedave
the_knee_grows,cavedave
fit_napper,cavedave
