source,sink
cavedave,octordoctopus
cavedave,notfancy
notfancy,cavedave
cavedave,pubjames
pubjames,cavedave
cavedave,pubjames
pubjames,cavedave
cavedave,pubjames
cavedave,bobpaul
underthelinux,cavedave
cavedave,londonzoo
cavedave,londonzoo
cavedave,mvbma
cavedave,ItsAConspiracy
LWRellim,cavedave
ItsAConspiracy,cavedave
fujimitsu,cavedave
cavedave,rnicoll
cavedave,taw
taw,cavedave
cavedave,taw
taw,cavedave
cavedave,taw
taw,cavedave
peepsalot,cavedave
cavedave,peepsalot
peepsalot,cavedave
cavedave,peepsalot
cavedave,metaldogman
cavedave,butch5555
butch5555,cavedave
cavedave,o2pb
cavedave,rt702
Philluminati,cavedave
cavedave,tigerthink
cavedave,elus
elus,cavedave
tigerthink,cavedave
cavedave,tigerthink
cavedave,LaurieCheers
cavedave,pdizz
zem,cavedave
