source,sink
japaneseknotweed,cavedave
zomboi,cavedave
cavedave,japaneseknotweed
cavedave,zomboi
bkkb,cavedave
cavedave,bkkb
zomboi,cavedave
cavedave,KopOut
webbitor,cavedave
cavedave,webbitor
cavedave,MyPublicFace
cavedave,fbahr
Certhas,cavedave
fffrenchthellama,cavedave
cavedave,nandryshak
cavedave,themandotcom
nandryshak,cavedave
themandotcom,cavedave
cavedave,themandotcom
alexgmcm,cavedave
zem,cavedave
cavedave,zem
zem,cavedave
agapE_agape,cavedave
cavedave,agapE_agape
agapE_agape,cavedave
cavedave,agapE_agape
pkhuong,cavedave
cavedave,pkhuong
cavedave,new_whistle
BrowsOfSteel,cavedave
Skullclownlol,cavedave
cavedave,eire1228
eire1228,cavedave
cavedave,TelaTubbyGuy
ambivalent_beetle,cavedave
cavedave,ambivalent_beetle
disconcision,cavedave
cavedave,disconcision
disconcision,cavedave
jofer,cavedave
cavedave,jofer
rmc,cavedave
jofer,cavedave
jofer,cavedave
cavedave,dessert_racer
TheBeerNut,cavedave
dessert_racer,cavedave
cavedave,cypocryphy
cavedave,suprchunk
suprchunk,cavedave
suprchunk,cavedave
cavedave,hightiedye
Arghem,cavedave
cavedave,Arghem
Arghem,cavedave
cavedave,Arghem
Arghem,cavedave
cavedave,Beneneb
opolaski,cavedave
cavedave,genron1111
