source,sink
cavedave,LastChanceToLookAtMe
KittyMulcher,cavedave
cavedave,KittyMulcher
DrZudermon,cavedave
cavedave,cavedave
cavedave,more_than
tellman1257,cavedave
cavedave,tellman1257
tellman1257,cavedave
insomniax20,cavedave
fumf,cavedave
cavedave,fumf
Xemxah,cavedave
cavedave,FeistyAstronomer
humandustbin,cavedave
cavedave,MathPolice
cavedave,BIFFO_ie
BIFFO_ie,cavedave
cavedave,BIFFO_ie
BIFFO_ie,cavedave
cavedave,Oggie243
Oggie243,cavedave
cavedave,Disgustapated
cavedave,mcherm
mcherm,cavedave
cavedave,mcherm
cavedave,fumf
fumf,cavedave
cavedave,fumf
fumf,cavedave
eoin2017,cavedave
cavedave,ShiningCrazyDiamond
Toyan_Dicch,cavedave
cavedave,rp181
smurfpiss,cavedave
ComplexColor,cavedave
amuka,cavedave
drpgq,cavedave
cavedave,phyzome
phyzome,cavedave
socialite-buttons,cavedave
Epicentera,cavedave
cavedave,stevewestbelfast
cavedave,artificialchaosz
Kaitaloipa,cavedave
cavedave,Flagyl400
Queezy-wheezy,cavedave
fuck_your_theory2,cavedave
SeanUR,cavedave
cavedave,fuck_your_theory2
fuck_your_theory2,cavedave
cavedave,twoody2007
XkF21WNJ,cavedave
VolatileVacuum,cavedave
cavedave,XkF21WNJ
cavedave,VolatileVacuum
VolatileVacuum,cavedave
anonymous11235,cavedave
cavedave,VolatileVacuum
cavedave,johncipriano
mynoduesp,cavedave
WatchEachOtherSleep,cavedave
DanGleeballs,cavedave
icendoan,cavedave
cavedave,icendoan
Monk_In_A_Hurry,cavedave
cavedave,Monk_In_A_Hurry
