source,sink
cavedave,stravant
CDfm,cavedave
cavedave,hypd09
cavedave,DrOddcat
Inform8n,cavedave
cavedave,jalbertbowden
cavedave,Inform8n
cavedave,DataWave47
DataWave47,cavedave
jalbertbowden,cavedave
cavedave,GovPattNeff
hypd09,cavedave
squeezycheese,cavedave
danfowler_ok,cavedave
cavedave,danfowler_ok
cavedave,elephantpurple
cavedave,Baldybogman
aGoodbyeToGuns,cavedave
bede_the_mighty,cavedave
cavedave,bede_the_mighty
bede_the_mighty,cavedave
cavedave,FRONTBUM
FRONTBUM,cavedave
cavedave,Biscuit_Baron
crazymcfattypants,cavedave
cavedave,MermaidAesthetic
artful_codger,cavedave
Yergrand,cavedave
cavedave,Yergrand
cavedave,artful_codger
artful_codger,cavedave
Yergrand,cavedave
cavedave,artful_codger
artful_codger,cavedave
cavedave,artful_codger
artful_codger,cavedave
Done2me,cavedave
cavedave,artful_codger
artful_codger,cavedave
cavedave,artful_codger
artful_codger,cavedave
cavedave,artful_codger
Leitirmgurl,cavedave
Libre2016,cavedave
artful_codger,cavedave
Libre2016,cavedave
CaisLaochach,cavedave
cavedave,18Zuck
cavedave,lolercakesmcgee
cavedave,EuropaClash
18Zuck,cavedave
cavedave,NTGuardian
CaisLaochach,cavedave
cavedave,CaisLaochach
CaisLaochach,cavedave
EIREANNSIAN,cavedave
cavedave,gera75
ZergAreGMO,cavedave
cavedave,ZergAreGMO
Sv3tlana,cavedave
cavedave,Sv3tlana
ZergAreGMO,cavedave
Sv3tlana,cavedave
cavedave,Sv3tlana
cavedave,Molten_Plastic
cavedave,dbreidsbmw
cavedave,esbio
blanketyblank1,cavedave
cavedave,blanketyblank1
MN1H,cavedave
cavedave,hn_crosslinking_bot
cavedave,mostlymildopinions
cavedave,jonbruner
jonbruner,cavedave
cavedave,antonytrupe
cavedave,celticeejit
antonytrupe,cavedave
antonytrupe,cavedave
cavedave,antonytrupe
WhiteOakApiaries,cavedave
