source,sink
tattoooooo,cavedave
Graham_Warr,cavedave
cavedave,Graham_Warr
Graham_Warr,cavedave
findwyer,cavedave
soundloco,cavedave
cavedave,soundloco
soundloco,cavedave
PhatChance52,cavedave
lightbul,cavedave
cavedave,lightbul
vdoma,cavedave
Wolfspaw,cavedave
cavedave,flanflinger
flanflinger,cavedave
cavedave,flanflinger
flanflinger,cavedave
CDfm,cavedave
nothingnow,cavedave
cavedave,yhatter
cavedave,larsga
fruit_canoe,cavedave
hitchinvertigo,cavedave
Videlicet,cavedave
cavedave,Plancus
DeathAndReturnOfBMG,cavedave
Plancus,cavedave
cavedave,Plancus
cavedave,DeathAndReturnOfBMG
ruaidhri,cavedave
cavedave,akh
Tom_Stall,cavedave
cavedave,Tom_Stall
miraclemanmorris,cavedave
cavedave,miraclemanmorris
erwgv3g34,cavedave
Kalasiris,cavedave
cavedave,erwgv3g34
Rioghasarig,cavedave
mageganker,cavedave
cavedave,mageganker
cavedave,Rioghasarig
Rioghasarig,cavedave
cavedave,Rioghasarig
Rioghasarig,cavedave
cavedave,Rioghasarig
cavedave,Buck-Nasty
irich,cavedave
InternetCrank,cavedave
weserkai,cavedave
cavedave,weserkai
cavedave,InternetCrank
Nosher,cavedave
cavedave,Nosher
cavedave,Route-66
cavedave,timepolice
timepolice,cavedave
cavedave,timepolice
CDfm,cavedave
cavedave,Jeqk
cavedave,Ferrarity
rixuraxu,cavedave
cavedave,rixuraxu
Hell-Jumper,cavedave
cavedave,Hell-Jumper
wolfbriar,cavedave
cavedave,wolfbriar
cavedave,franklyimshocked
franklyimshocked,cavedave
cavedave,franklyimshocked
franklyimshocked,cavedave
drfre,cavedave
Sir_Meowsalot,cavedave
cavedave,Sir_Meowsalot
cavedave,drfre
autowikibot,cavedave
cavedave,walsh_vn
drfre,cavedave
Sir_Meowsalot,cavedave
SparkyTheWolf,cavedave
cavedave,SparkyTheWolf
SparkyTheWolf,cavedave
autowikibot,cavedave
imoinda,cavedave
Assorted_Bits,cavedave
cavedave,Assorted_Bits
reddexx,cavedave
cavedave,reddexx
Kammb,cavedave
cavedave,Kammb
See_More_Glass,cavedave
cavedave,stunt_penguin
cavedave,JustMadeYouYawn
cavedave,AbsurdistHeroCyan
catmalogen,cavedave
cavedave,dajoy
misplaced_my_pants,cavedave
cavedave,misplaced_my_pants
cavedave,Bob_goes_up
cavedave,trustybadmash
trustybadmash,cavedave
cavedave,trustybadmash
trustybadmash,cavedave
cavedave,trustybadmash
HRM_Monster,cavedave
thrasumachos,cavedave
serpentjaguar,cavedave
donkeykonguk,cavedave
cavedave,donkeykonguk
cavedave,WHY-YOU-LITTLE
smurfyjenkins,cavedave
cavedave,smurfyjenkins
