source,sink
cavedave,gwern
cavedave,karma-toes
cavedave,samacora
eeeeVeeee,cavedave
cavedave,bluecoffee
bluecoffee,cavedave
cavedave,bluecoffee
bluecoffee,cavedave
cavedave,SuperSumoYakuza
cavedave,Don_Patrick
SuperSumoYakuza,cavedave
cavedave,SuperSumoYakuza
fishandchips,cavedave
HolyGarbage,cavedave
OrionBlastar,cavedave
Noncomment,cavedave
cavedave,OrionBlastar
cavedave,ghostintheruins
mugged99,cavedave
cavedave,imoinda
cavedave,genron1111
imoinda,cavedave
cavedave,louiseber
louiseber,cavedave
genron1111,cavedave
cavedave,FRONTBUM
cavedave,CDfm
cavedave,Goilde
Goilde,cavedave
yorkieOriginal,cavedave
Jeqk,cavedave
cavedave,nyl2k8
cavedave,Shock-Trooper
cavedave,lift_heavy_things
shuzy,cavedave
cavedave,GirthBoy
cavedave,garville
don0,cavedave
razz_al_ghul,cavedave
Jeqk,cavedave
cavedave,Jeqk
cavedave,MathDotPi
cavedave,CanucksFanInDublin
BakersDozen,cavedave
cavedave,Boxy310
gahane,cavedave
irish91,cavedave
CDfm,cavedave
