source,sink
cavedave,BeetleB
BeetleB,cavedave
BeetleB,cavedave
joshdick,cavedave
sping,cavedave
cavedave,sping
cavedave,BeetleB
johntb86,cavedave
sping,cavedave
BeetleB,cavedave
markelliott,cavedave
cavedave,Korollary
Korollary,cavedave
cavedave,Korollary
cavedave,vecter
sextusempiricus,cavedave
teadrinker,cavedave
vecter,cavedave
cavedave,vecter
o0o,cavedave
cavedave,o0o
AlanCrowe,cavedave
cavedave,davidreiss666
davidreiss666,cavedave
o0o,cavedave
davidreiss666,cavedave
edwardkmett,cavedave
cavedave,edwardkmett
cavedave,digital19
cavedave,Atomics
Zentripetal,cavedave
cavedave,Zentripetal
Zentripetal,cavedave
cavedave,Zentripetal
Zentripetal,cavedave
mantra,cavedave
SonD,cavedave
cavedave,mantra
cavedave,redditnoob
lispm,cavedave
cavedave,astrolabe
telecaster,cavedave
cavedave,joncash
joncash,cavedave
cavedave,joncash
judgej2,cavedave
cavedave,stetson9
BeetleB,cavedave
cavedave,DemonWasp
cavedave,fforw
fforw,cavedave
cavedave,badge
cavedave,ngroot
ngroot,cavedave
