source,sink
cavedave,alistair1537
alistair1537,cavedave
cavedave,alistair1537
alistair1537,cavedave
cavedave,oregoon
JisaacT124,cavedave
cavedave,JisaacT124
cavedave,cf49512
unknownfet715,cavedave
HaroldSeldon,cavedave
cavedave,HaroldSeldon
cavedave,HaroldSeldon
Tyfui,cavedave
cavedave,Tyfui
Anti_Craic,cavedave
TylerCowen,cavedave
cavedave,ZxZxchoc
cavedave,mynosemynose
cavedave,Deleetdk
cavedave,CDfm
rozzer,cavedave
cavedave,rozzer
cavedave,rahrahrahrar
yorganda,cavedave
cavedave,yorganda
countessmeemee,cavedave
Yooklid,cavedave
cavedave,Yooklid
Yooklid,cavedave
cavedave,Baldybogman
paulaorangepeel,cavedave
cavedave,smoothChopstick
CDfm,cavedave
tonydrago,cavedave
cavedave,catcaste
guy_incognito_mode,cavedave
cavedave,tomwaits78
Hulkkicker30,cavedave
cavedave,Hulkkicker30
Hulkkicker30,cavedave
cavedave,Hulkkicker30
Hulkkicker30,cavedave
cavedave,Hulkkicker30
Hulkkicker30,cavedave
cavedave,Hulkkicker30
Hulkkicker30,cavedave
cavedave,Hulkkicker30
Hulkkicker30,cavedave
cavedave,ghostofexatorp
cavedave,Hulkkicker30
cavedave,Wild_Hunt
HelperBot_,cavedave
countessmeemee,cavedave
cavedave,raspberry_smoothie
raspberry_smoothie,cavedave
cavedave,SeanUR
NapoleonTroubadour,cavedave
NapoleonTroubadour,cavedave
cavedave,NapoleonTroubadour
cavedave,HaroldSeldon
HaroldSeldon,cavedave
cavedave,Alpha-Bravo-C
imoinda,cavedave
yourdrunkirishfriend,cavedave
cavedave,DutchGoldServeCold
redditandweap482,cavedave
syncretionOfTactics,cavedave
cavedave,syncretionOfTactics
DutchGoldServeCold,cavedave
cavedave,kkroy22
cavedave,faith_some_more
culraid,cavedave
cavedave,culraid
culraid,cavedave
cavedave,culraid
culraid,cavedave
cavedave,culraid
culraid,cavedave
culraid,cavedave
CDfm,cavedave
