source,sink
cavedave,sushisushisushi
otakucode,cavedave
cavedave,otakucode
sushisushisushi,cavedave
CoffeeFirst,cavedave
otakucode,cavedave
cavedave,sushisushisushi
cavedave,CoffeeFirst
cavedave,otakucode
sushisushisushi,cavedave
cavedave,sushisushisushi
otakucode,cavedave
sushisushisushi,cavedave
cavedave,gwern
gwern,cavedave
cavedave,gwern
gwern,cavedave
cavedave,gwern
gwern,cavedave
cavedave,gwern
gwern,cavedave
cavedave,otakucode
nathantheshark,cavedave
cavedave,demmian
cavedave,nathantheshark
lukemcr,cavedave
redditcdnfanguy,cavedave
cavedave,redditcdnfanguy
cavedave,davidreiss666
cavedave,davidreiss666
cavedave,rya11111
rya11111,cavedave
cavedave,redtaboo
kerrianneta,cavedave
cavedave,redtaboo
cavedave,kerrianneta
cavedave,kerrianneta
cavedave,kerrianneta
davidreiss666,cavedave
mokshagren,cavedave
cavedave,davidreiss666
cavedave,mokshagren
mokshagren,cavedave
cavedave,mokshagren
kerrianneta,cavedave
kerrianneta,cavedave
kerrianneta,cavedave
kerrianneta,cavedave
kerrianneta,cavedave
kerrianneta,cavedave
kerrianneta,cavedave
cavedave,kerrianneta
cavedave,kerrianneta
kerrianneta,cavedave
cavedave,anutensil
kerrianneta,cavedave
cavedave,kerrianneta
cavedave,kerrianneta
anutensil,cavedave
cavedave,anutensil
anutensil,cavedave
SidtheMagicLobster,cavedave
cavedave,anutensil
anutensil,cavedave
cavedave,SidtheMagicLobster
cavedave,anutensil
anutensil,cavedave
cavedave,kerrianneta
CmdrSammo,cavedave
cavedave,CmdrSammo
cavedave,kerrianneta
kerrianneta,cavedave
redditcdnfanguy,cavedave
cavedave,Lambda_Rail
cavedave,BodProbe
BillyBuckets,cavedave
cavedave,BillyBuckets
BillyBuckets,cavedave
cavedave,DorasOscailte
cavedave,Stoutfellow
cavedave,witchknot
witchknot,cavedave
cavedave,cstheoryphd
cstheoryphd,cavedave
cavedave,cstheoryphd
cstheoryphd,cavedave
cavedave,cstheoryphd
cavedave,sabetts
cavedave,HacksawJimDGN
treerex,cavedave
Phantom_Hoover,cavedave
OTSProspect,cavedave
sabetts,cavedave
cavedave,sabetts
cavedave,Falkvinge
simulacrum,cavedave
cavedave,simulacrum
cavedave,alfredr
cavedave,s0bmarine
