source,sink
cavedave,timbro1
generic_handle,cavedave
cavedave,generic_handle
cavedave,Ardentfrost
jmnugent,cavedave
cavedave,_red
_red,cavedave
cavedave,_red
cavedave,McCain08
cavedave,mothereffingteresa
mothereffingteresa,cavedave
cavedave,otterplay
otterplay,cavedave
cavedave,otterplay
cavedave,phomet420
otterplay,cavedave
cavedave,otterplay
cavedave,jsantos17
nullspace,cavedave
otterplay,cavedave
cavedave,otterplay
cavedave,kaiise
kaiise,cavedave
cavedave,P-Dub
cavedave,the_argus
njyz,cavedave
the_argus,cavedave
stunt_penguin,cavedave
ohashi,cavedave
cavedave,Ma8e
Ma8e,cavedave
cavedave,dkraft
cavedave,jerf
cavedave,FlySwat
vang3lis,cavedave
marchost,cavedave
cavedave,pubjames
pubjames,cavedave
cavedave,gini_
gini_,cavedave
cavedave,BeetleB
cavedave,eleitl
eleitl,cavedave
krg6O9,cavedave
cavedave,krg6O9
