source,sink
cavedave,chibicody
cinemabaroque,cavedave
chibicody,cavedave
cavedave,chibicody
chibicody,cavedave
cavedave,MyTribeCalledQuest
cavedave,shannondoah
shannondoah,cavedave
cavedave,shannondoah
cavedave,franklyimshocked
cavedave,Love_Science_Pasta
franklyimshocked,cavedave
Christomouse,cavedave
jkfgrynyymuliyp,cavedave
cypressg,cavedave
AtariBigby,cavedave
cavedave,cypressg
cavedave,AtariBigby
AtariBigby,cavedave
cavedave,improbabble
cypressg,cavedave
improbabble,cavedave
cavedave,improbabble
cavedave,CDfm
CDfm,cavedave
godiebiel,cavedave
cavedave,godiebiel
Your-Ma,cavedave
cavedave,craiglen
cavedave,234dragoman
cocopopsreddit,cavedave
King__Of__The__North,cavedave
234dragoman,cavedave
JimmyJimRyan,cavedave
cavedave,JimmyJimRyan
JimmyJimRyan,cavedave
rmc,cavedave
Dara17,cavedave
cavedave,CanucksFanInDublin
cionn,cavedave
eoinfleming,cavedave
Barbas,cavedave
cavedave,Barbas
Barbas,cavedave
rmlrn,cavedave
cavedave,WhysEveryoneSoPissed
cavedave,annamaggie92
annamaggie92,cavedave
cavedave,atomicxblue
cavedave,cavedave
cavedave,CDfm
cavedave,cavedave
cavedave,Rehcamretsnef
CDfm,cavedave
CDfm,cavedave
cavedave,ayyyyy_lma0
ayyyyy_lma0,cavedave
sufferforscience,cavedave
cavedave,Telly_Valentino
cavedave,JohnCthulhu
JohnCthulhu,cavedave
cavedave,utopiah
iori42,cavedave
cavedave,emdio
pox12782006,cavedave
CDfm,cavedave
Ciene,cavedave
Ciene,cavedave
Ciene,cavedave
Ciene,cavedave
CDfm,cavedave
levi501dehaan,cavedave
cavedave,fia_bui
fia_bui,cavedave
cavedave,fia_bui
fia_bui,cavedave
Kerbobotat,cavedave
cavedave,AddemF
Dunetrait,cavedave
cavedave,crazycom64
cavedave,unem
cavedave,R3PTILIA
R3PTILIA,cavedave
cavedave,R3PTILIA
AnJu91,cavedave
cavedave,BrundleflyUrinalCake
cavedave,AnJu91
Ruff_Dog,cavedave
cavedave,Ruff_Dog
AnJu91,cavedave
Ruff_Dog,cavedave
cavedave,bart2019
bart2019,cavedave
ENelligan,cavedave
marpocky,cavedave
cavedave,bart2019
cavedave,brothgar
knaves,cavedave
Murasasme,cavedave
ArguingPizza,cavedave
brothgar,cavedave
cavedave,knaves
knaves,cavedave
SteveCoast_,cavedave
cavedave,CaisLaochach
CaisLaochach,cavedave
khamiltoe,cavedave
cavedave,khamiltoe
cavedave,CaisLaochach
CaisLaochach,cavedave
khamiltoe,cavedave
cavedave,CaisLaochach
cavedave,khamiltoe
wardaddy123,cavedave
cavedave,wardaddy123
khamiltoe,cavedave
cavedave,khamiltoe
khamiltoe,cavedave
wardaddy123,cavedave
cavedave,khamiltoe
khamiltoe,cavedave
wardaddy123,cavedave
cavedave,khamiltoe
