source,sink
cavedave,infrikinfix
cavedave,zeoslap
inigo_montoya,cavedave
cavedave,alas-poor-yorick
alas-poor-yorick,cavedave
cavedave,iadtyjwu
cavedave,_ph0t0n_
cavedave,MikeDobbins
happyFelix,cavedave
cavedave,happyFelix
AerateMark,cavedave
cavedave,nawitus
nawitus,cavedave
TheOtherSarah,cavedave
cavedave,TheOtherSarah
cavedave,eleitl
eleitl,cavedave
cavedave,eleitl
cavedave,LickitySplit939
eleitl,cavedave
LickitySplit939,cavedave
cavedave,LickitySplit939
LickitySplit939,cavedave
PolarSheep,cavedave
iFishy,cavedave
cavedave,iFishy
Tobislu,cavedave
skpkzk2,cavedave
darknessvisible,cavedave
cavedave,skpkzk2
cavedave,Tobislu
m0llusk,cavedave
skpkzk2,cavedave
cavedave,skpkzk2
otakucode,cavedave
skpkzk2,cavedave
CDfm,cavedave
cavedave,CDfm
CDfm,cavedave
suhrob,cavedave
HubbleTrain,cavedave
butternaught,cavedave
ArcherMSterling,cavedave
Billistic,cavedave
cavedave,Billistic
Billistic,cavedave
cavedave,Billistic
cavedave,hateball
qvae_train,cavedave
douchebag_investor,cavedave
cavedave,douchebag_investor
cavedave,schala09
