source,sink
cavedave,tskazin
cavedave,esdraelon
esdraelon,cavedave
cavedave,esdraelon
cavedave,esdraelon
ReiToei,cavedave
cavedave,ReiToei
cavedave,halfy
agconway,cavedave
agconway,cavedave
cavedave,bobovski
broadcloak,cavedave
cavedave,thedaveg
cavedave,davdev
cavedave,Atheuz
cavedave,Poromenos
dakk12,cavedave
cavedave,dakk12
cavedave,craigee
craigee,cavedave
artied,cavedave
cavedave,artied
artied,cavedave
artied,cavedave
cavedave,Evilshadow
DoorsofPerceptron,cavedave
cavedave,DoorsofPerceptron
jeffus,cavedave
cavedave,wtf_ftw
cavedave,kd_alex
cavedave,bayesmarkovgauss
cavedave,iGniSz
cavedave,ohmboy26
roboticc,cavedave
antgoldbloom,cavedave
cavedave,antgoldbloom
antgoldbloom,cavedave
defrost,cavedave
cavedave,Walls
Walls,cavedave
cavedave,Aardshark
Aardshark,cavedave
jmmcd,cavedave
cavedave,jmmcd
jmmcd,cavedave
BakersDozen,cavedave
cavedave,user24
Managore,cavedave
cavedave,Managore
cavedave,strategosInfinitum
canine_swine,cavedave
cavedave,spcjns
drunkentune,cavedave
Azog,cavedave
badassumption,cavedave
ropers,cavedave
Sealbhach,cavedave
turnipsoup,cavedave
ciaran036,cavedave
