source,sink
cavedave,jlew24asu
PostNationalism,cavedave
cavedave,EverydayMuffin
cavedave,iWashMyselfwithaRag
leeside_langer,cavedave
cavedave,immibis
CDfm,cavedave
CDfm,cavedave
cavedave,CDfm
CDfm,cavedave
gk3coloursred,cavedave
cavedave,lughnasadh
lughnasadh,cavedave
cavedave,ConfirmedCynic
StairheidCritic,cavedave
hiroshi-ma2,cavedave
LaoBa,cavedave
flyingjay2121,cavedave
cavedave,blakethegeek
AttackOfTheFries,cavedave
cavedave,robspeaks
cavedave,royalrush05
cavedave,Senor_Tucan
physicscat,cavedave
cavedave,physicscat
spahghetti,cavedave
fallenphoenix2689,cavedave
cavedave,cityofblackbirds
cityofblackbirds,cavedave
CDfm,cavedave
eoinator,cavedave
cavedave,eoinator
EddieBurrito,cavedave
cavedave,Calling_out_spam
Calling_out_spam,cavedave
sartres-shart,cavedave
cavedave,Calling_out_spam
Calling_out_spam,cavedave
cavedave,Calling_out_spam
cavedave,shriphani
anutensil,cavedave
cavedave,MildlySuspiciousBlob
CDfm,cavedave
cavedave,EnyasDubstepFolly
davef,cavedave
cavedave,davef
davef,cavedave
cavedave,davef
davef,cavedave
cavedave,MyNameCouldntBeAsLon
MyNameCouldntBeAsLon,cavedave
arrafuckoff,cavedave
arrafuckoff,cavedave
cavedave,arrafuckoff
davef,cavedave
arrafuckoff,cavedave
cavedave,arrafuckoff
arrafuckoff,cavedave
cavedave,arrafuckoff
arrafuckoff,cavedave
cavedave,PurpleWurple
cavedave,robertgehl
CDfm,cavedave
cavedave,towerofterror
cavedave,MinnesotaPower
mitsukurina,cavedave
rlyacht,cavedave
