source,sink
sturle,cavedave
cavedave,drew3000
lowtenet,cavedave
cavedave,lowtenet
drew3000,cavedave
cavedave,drew3000
ZorbaTHut,cavedave
cavedave,ZorbaTHut
ZorbaTHut,cavedave
cavedave,ZorbaTHut
functor7,cavedave
MartialFur,cavedave
cavedave,scottyb323
scottyb323,cavedave
cavedave,Absentia
cavedave,TheBlackGoat
Absentia,cavedave
TheBlackGoat,cavedave
ghaj56,cavedave
cavedave,Concise_Pirate
cavedave,TheBeetrootFiasco
cavedave,ruaidhri
cavedave,stoph
stoph,cavedave
cavedave,stoph
cavedave,leicanthrope
cavedave,lksdford
lksdford,cavedave
cavedave,generalT
generalT,cavedave
cavedave,gefahr
quadtodfodder,cavedave
cavedave,Thorbinator
Thorbinator,cavedave
cavedave,Thorbinator
Thorbinator,cavedave
kgbdrop,cavedave
RandomExcess,cavedave
cavedave,RandomExcess
rrenaud,cavedave
cavedave,rrenaud
cavedave,lanbanger
lanbanger,cavedave
rrbest,cavedave
cavedave,rrbest
rsaborio,cavedave
cavedave,rsaborio
rrbest,cavedave
cavedave,rrbest
rrbest,cavedave
ithinksumtinwong,cavedave
cavedave,ithinksumtinwong
OvidPerl,cavedave
Artischoke,cavedave
cavedave,Artischoke
pdfpdx,cavedave
Artischoke,cavedave
cavedave,pdfpdx
weinerjuicer,cavedave
cavedave,weinerjuicer
weinerjuicer,cavedave
lokithecomplex,cavedave
mittandbase,cavedave
uff_the_fluff,cavedave
cavedave,uff_the_fluff
cavedave,mittandbase
thisusernameismeta,cavedave
cavedave,thisusernameismeta
cavedave,Ma8e
cavedave,demechman
cavedave,truobam
cavedave,lensman00
Y_pestis,cavedave
