source,sink
cavedave,great-pumpkin
great-pumpkin,cavedave
cavedave,great-pumpkin
box_of_carrots,cavedave
cavedave,CDfm
cavedave,hngryhngryhippo
khafra,cavedave
marsten,cavedave
cavedave,Azhrei
box_of_carrots,cavedave
cavedave,box_of_carrots
hctet,cavedave
cavedave,hctet
hctet,cavedave
cavedave,hctet
hctet,cavedave
cavedave,hctet
box_of_carrots,cavedave
cavedave,dinnyhoon
SafeForPandas,cavedave
Snoutmol,cavedave
cavedave,Snoutmol
Snoutmol,cavedave
cavedave,strategosInfinitum
cavedave,Lambda_Rail
cavedave,Sevii
khafra,cavedave
cavedave,khafra
khafra,cavedave
cavedave,my_novelty
cavedave,Girfex
Girfex,cavedave
cavedave,Broeman
Broeman,cavedave
cavedave,Broeman
XXCoreIII,cavedave
cavedave,xtc46
xtc46,cavedave
cavedave,xtc46
xtc46,cavedave
CDfm,cavedave
cavedave,CDfm
cavedave,CDfm
CDfm,cavedave
CDfm,cavedave
cavedave,CDfm
cavedave,CDfm
CDfm,cavedave
CDfm,cavedave
cavedave,nsa_at_home
cavedave,theduckslayer
PlatoPirate_01,cavedave
cavedave,PlatoPirate_01
cavedave,paulieccc
cavedave,brain4breakfast
brain4breakfast,cavedave
DundonianStalin,cavedave
cavedave,caffreb
cavedave,ElMarLaMar
cavedave,M78
cavedave,theskymoves
cavedave,davef
theskymoves,cavedave
