source,sink
collectiveindividual,cavedave
Cyc68,cavedave
CDfm,cavedave
cavedave,Cyc68
Quouar,cavedave
cavedave,Dawson2089
LewisMogridge,cavedave
eobanb,cavedave
cavedave,LewisMogridge
Mornic,cavedave
easwaran,cavedave
CatRelatedUsername,cavedave
cavedave,louiseber
cavedave,KeyboardKlutz
peon47,cavedave
BakersDozen,cavedave
cavedave,epeeist
epeeist,cavedave
cavedave,epeeist
Rusty_Phoenix,cavedave
FlyinIrishman,cavedave
cavedave,FlyinIrishman
cavedave,I_have_arms
cavedave,Driveby_Dogboy
DamienGW,cavedave
Chtorrr,cavedave
CDfm,cavedave
cavedave,CDfm
CDfm,cavedave
Yerwun,cavedave
CDfm,cavedave
cavedave,BakersDozen
cavedave,In_rod_we__trust
In_rod_we__trust,cavedave
cavedave,In_rod_we__trust
cavedave,expectationlost
In_rod_we__trust,cavedave
expectationlost,cavedave
BakersDozen,cavedave
CDfm,cavedave
CaisLaochach,cavedave
CaisLaochach,cavedave
cavedave,Takseen
cavedave,Dev__
Dev__,cavedave
autowikibot,cavedave
cavedave,Ottawa_R
cavedave,CDfm
CDfm,cavedave
CDfm,cavedave
CDfm,cavedave
NicholasVincent,cavedave
cavedave,thestandardtoaster
Taliesen,cavedave
cavedave,Taliesen
Taliesen,cavedave
cavedave,Taliesen
ItsTyrrellYo,cavedave
cavedave,whatisabaggins55
cavedave,PDP-11
finyacluck,cavedave
cavedave,finyacluck
