source,sink
Gooperchickenface,cavedave
MaebhCon,cavedave
aodhmacsuibhne,cavedave
kingofthecrows,cavedave
cavedave,VenusEye
SeanWJF,cavedave
cavedave,SeanWJF
cavedave,DassinJoe
DassinJoe,cavedave
VenusEye,cavedave
cavedave,QChris
superflaffers,cavedave
shadowbannon,cavedave
cavedave,CDfm
CDfm,cavedave
cavedave,ronano
cavedave,FintanFitzgerald
box_of_carrots,cavedave
FintanFitzgerald,cavedave
cavedave,FintanFitzgerald
box_of_carrots,cavedave
cavedave,Nazck
cavedave,AmericanStuff
RandyMagnum_,cavedave
cavedave,RandyMagnum_
cavedave,lawl_o_lawl
lawl_o_lawl,cavedave
cavedave,lawl_o_lawl
lawl_o_lawl,cavedave
cavedave,lawl_o_lawl
mowshowitz,cavedave
cavedave,mowshowitz
mowshowitz,cavedave
cavedave,mowshowitz
cavedave,moogintroll
cavedave,Flagyl400
cavedave,kieranfitz
edderiofer,cavedave
cavedave,The_Nitram
The_Nitram,cavedave
cavedave,The_Nitram
The_Nitram,cavedave
cavedave,The_Nitram
music05,cavedave
The_Nitram,cavedave
cavedave,The_Nitram
cavedave,music05
The_Nitram,cavedave
cavedave,The_Nitram
The_Nitram,cavedave
music05,cavedave
cavedave,Zaccarato
cavedave,Noice_Meh_Blurgh
cavedave,twotall88
twotall88,cavedave
Eridrus,cavedave
cavedave,svarogteuse
caynanvls,cavedave
8eeblebrox,cavedave
countessmeemee,cavedave
Cool_Hand_Lucan,cavedave
cavedave,MrBooMunky
cavedave,conconking
cavedave,4_5_6
8eeblebrox,cavedave
CDfm,cavedave
cavedave,TheVexington
cavedave,thesquirrelk
Saxifrage_Russell,cavedave
cavedave,Saxifrage_Russell
Saxifrage_Russell,cavedave
cavedave,madhooer
madhooer,cavedave
cavedave,madhooer
Blargwill,cavedave
rob101,cavedave
cavedave,rob101
rob101,cavedave
cavedave,rob101
cavedave,kylecajones
cavedave,aynrandy112
aynrandy112,cavedave
cavedave,aynrandy112
Kevin_Is_Sad_Now,cavedave
cavedave,Kevin_Is_Sad_Now
Kevin_Is_Sad_Now,cavedave
cavedave,Kevin_Is_Sad_Now
Kevin_Is_Sad_Now,cavedave
d3c0,cavedave
cavedave,d3c0
aynrandy112,cavedave
cavedave,aynrandy112
d3c0,cavedave
cavedave,d3c0
