source,sink
cavedave,khafra
khafra,cavedave
cavedave,christianjb
freireib,cavedave
cavedave,dismember
cavedave,lapo3399
whatwedo,cavedave
cavedave,Achalemoipas
bonerville,cavedave
argarg,cavedave
cavedave,sanity
cavedave,mdwyer
cavedave,idiot900
idiot900,cavedave
mdwyer,cavedave
cavedave,mdwyer
cavedave,NoahFect
comex,cavedave
cavedave,comex
TruthPicker,cavedave
Scabdates,cavedave
IOIOOIIOIO,cavedave
cavedave,puffofvirtue
jawbroken,cavedave
quaternion,cavedave
cavedave,adamsfan42
parachute44,cavedave
cavedave,parachute44
parachute44,cavedave
cavedave,parachute44
parachute44,cavedave
cavedave,xxrealmsxx
cavedave,Koss424
cavedave,LeBrad
xxrealmsxx,cavedave
cavedave,xxrealmsxx
xxrealmsxx,cavedave
cavedave,xxrealmsxx
cavedave,underthelinux
underthelinux,cavedave
cavedave,GregorMendel
eoinmadden,cavedave
GregorMendel,cavedave
cavedave,linuxlass
cavedave,bondolo
bondolo,cavedave
cavedave,theninjagreg
theninjagreg,cavedave
cavedave,roger_
counterfeit_coin,cavedave
roger_,cavedave
cavedave,daithiocoinnigh
TurtleIsland,cavedave
cavedave,cwcc
cwcc,cavedave
gonzone,cavedave
cavedave,bassbin
cavedave,Tangurena
