source,sink
cavedave,myothercarisawhale
myothercarisawhale,cavedave
garrfunkel,cavedave
cavedave,garrfunkel
cavedave,RekdAnalCavity
RekdAnalCavity,cavedave
cavedave,RekdAnalCavity
RekdAnalCavity,cavedave
cavedave,RekdAnalCavity
Mini_gunslinger,cavedave
cavedave,RoscoStigson
RoscoStigson,cavedave
cavedave,RoscoStigson
RoscoStigson,cavedave
Zilpzalp,cavedave
cavedave,garrfunkel
SquareBall84,cavedave
cavedave,Han-Y0L0
cavedave,raywj1993
TweetsInCommentsBot,cavedave
AnKlondike,cavedave
cavedave,Teddie1056
galaxyrocker,cavedave
cavedave,galaxyrocker
cavedave,Soupynorman
cavedave,Uthrid
AnKlondike,cavedave
cavedave,galaxyrocker
cavedave,Uthrid
cavedave,AnKlondike
AnKlondike,cavedave
gerrowadat,cavedave
cavedave,anubis_xxv
cavedave,riomhaire
anubis_xxv,cavedave
cavedave,tommym109
cavedave,Zirgs
cavedave,PangKun
PangKun,cavedave
cavedave,eamonn33
tommym109,cavedave
cavedave,Flagyl400
cavedave,OliverSparrow
OliverSparrow,cavedave
cavedave,OliverSparrow
ObamaIsUgly,cavedave
Throwaway-1441,cavedave
cavedave,ObamaIsUgly
ObamaIsUgly,cavedave
cavedave,ObamaIsUgly
ObamaIsUgly,cavedave
cavedave,ObamaIsUgly
cavedave,electrictrad
spudnick_redux,cavedave
cavedave,CDfm
CDfm,cavedave
cavedave,CDfm
fada126,cavedave
cavedave,fada126
TRiG_Ireland,cavedave
collectiveindividual,cavedave
elmanchosdiablos,cavedave
fada126,cavedave
Jowobo,cavedave
TonyMcCarp,cavedave
peter_frankopan,cavedave
TweetsInCommentsBot,cavedave
JohnHiggs,cavedave
TaylorS1986,cavedave
cavedave,TaylorS1986
jawshuwah,cavedave
SeamusFitz67b,cavedave
Spoonshape,cavedave
lucw,cavedave
cavedave,lucw
TweetsInCommentsBot,cavedave
Jacky_Colliss_Harvey,cavedave
CDfm,cavedave
cavedave,RoscoLM
RoscoLM,cavedave
cavedave,RoscoLM
RoscoLM,cavedave
cavedave,RoscoLM
RoscoLM,cavedave
cavedave,RoscoLM
cavedave,BakersDozen
BakersDozen,cavedave
cavedave,BakersDozen
cavedave,NopeNotAnthony
cavedave,HenryHenderson
cavedave,Dirty_Socks
cavedave,9Ghillie
cavedave,cheejiayuan512
cavedave,Highly_paid_orgy_pro
cavedave,SexThrowaway1125
cavedave,wakawaq
cavedave,TheStateOfIt
cheejiayuan512,cavedave
SexThrowaway1125,cavedave
cavedave,cheejiayuan512
cavedave,SexThrowaway1125
kwidem,cavedave
Lulzorr,cavedave
cavedave,Lulzorr
cavedave,Fopenplop
SexThrowaway1125,cavedave
Alex_Rose,cavedave
cavedave,Alex_Rose
cavedave,shekib82
cavedave,dilatory_tactics
Prodigy-II,cavedave
Maja_May,cavedave
cavedave,TeaPartySilverbug
cavedave,window5
cavedave,uokaybruh
Reptile449,cavedave
cavedave,window5
cavedave,Prodigy-II
cavedave,Maja_May
cavedave,RapedBySeveral
cavedave,ny2la
cavedave,Reptile449
cavedave,PacoTaco321
DeepSouthDude,cavedave
cavedave,life_traveler
SovietXedge,cavedave
Prodigy-II,cavedave
cavedave,Prodigy-II
cavedave,SovietXedge
uTukan,cavedave
cavedave,uTukan
autourbanbot,cavedave
Prodigy-II,cavedave
uTukan,cavedave
cavedave,uTukan
uTukan,cavedave
cavedave,themaxviwe
Not_shia_labeouf,cavedave
thenichi,cavedave
themaxviwe,cavedave
cavedave,themaxviwe
redhotchiliguy,cavedave
redhotchiliguy,cavedave
cavedave,redhotchiliguy
redhotchiliguy,cavedave
cavedave,brighteyedsmile
cavedave,spitfire9107
spitfire9107,cavedave
cavedave,spitfire9107
cavedave,Rootkit9208
cavedave,PurpleSmurkle
AAAAAAAHHH,cavedave
scarfese,cavedave
cavedave,scarfese
cavedave,ButtGardener
cavedave,miraoister
cavedave,D-tron
cavedave,miraoister
cavedave,hdpq
cavedave,Xedma
miraoister,cavedave
cavedave,agent_philcoulson
cavedave,belgian_here
ClickHereForBacardi,cavedave
ClickHereForBacardi,cavedave
cavedave,ClickHereForBacardi
cavedave,ClickHereForBacardi
cavedave,miraoister
miraoister,cavedave
cavedave,shaggorama
ClickHereForBacardi,cavedave
Lyzern,cavedave
jrhii,cavedave
cavedave,ClickHereForBacardi
ClickHereForBacardi,cavedave
belgian_here,cavedave
Armenoid,cavedave
myvirginityisstrong,cavedave
ToastedSoup,cavedave
cavedave,Armenoid
whomadethis,cavedave
cavedave,AUGUST_BURNS_REDDIT
cavedave,jamiedee
cavedave,ClickHereForBacardi
cavedave,jrhii
cavedave,soundslikemayonnaise
cavedave,AnotherSmegHead
jamiedee,cavedave
AnotherSmegHead,cavedave
asphyxiate,cavedave
TeaPartySilverbug,cavedave
chilaxinman,cavedave
cavedave,milkgonewild
cavedave,MachoDagger
Hencenomore,cavedave
cavedave,Hencenomore
milkgonewild,cavedave
Hencenomore,cavedave
cavedave,milkgonewild
cavedave,Hencenomore
Hencenomore,cavedave
cavedave,Renegade_Meister
cavedave,ChuckNorrisWithEbola
yosayoran,cavedave
cavedave,Love_Science_Pasta
cavedave,mindscrambler26
cavedave,Not_A_Facehugger
morpen,cavedave
cavedave,morpen
soundslikemayonnaise,cavedave
Love_Science_Pasta,cavedave
mayonnaise_man,cavedave
mayonnaise_man,cavedave
cavedave,TheKcrimsonking
Not_A_Facehugger,cavedave
