source,sink
cavedave,amdpox
amdpox,cavedave
cavedave,modestgaloot2
modestgaloot2,cavedave
cavedave,d3fenestrator
iFuckBareback,cavedave
pmckizzle,cavedave
cavedave,pmckizzle
pmckizzle,cavedave
becauseSeattle,cavedave
HeySiri_,cavedave
Axxalon,cavedave
Plobis,cavedave
monkeyxxxx,cavedave
SenpaiSoren,cavedave
dallasdarkco,cavedave
likeneverbefore,cavedave
mrdanmarks,cavedave
IamHenryK,cavedave
SarahHeartzUnicorns,cavedave
cjdavda,cavedave
thorsbeardexpress,cavedave
cavedave,cjdavda
cavedave,dallasdarkco
cavedave,likeneverbefore
cavedave,SarahHeartzUnicorns
cavedave,IamHenryK
bliktzkrieg69,cavedave
cavedave,bliktzkrieg69
boardman2,cavedave
cavedave,boardman2
boardman2,cavedave
Treoya,cavedave
cavedave,boardman2
cavedave,Treoya
Treoya,cavedave
Warthog_A-10,cavedave
cavedave,Warthog_A-10
Warthog_A-10,cavedave
cavedave,off21z00
Direct_Democracy,cavedave
AmEirecan,cavedave
cavedave,HeySiri_
cavedave,monkeyxxxx
cavedave,Axxalon
cavedave,Plobis
cavedave,likeneverbefore
likeneverbefore,cavedave
piscli,cavedave
cavedave,piscli
cavedave,becauseSeattle
Pjones2127,cavedave
cavedave,Pjones2127
obnoxiouscarbuncle,cavedave
DavidWaldron,cavedave
Pjones2127,cavedave
cavedave,Pjones2127
cavedave,obnoxiouscarbuncle
Petroleuse,cavedave
cavedave,Petroleuse
psyche_da_mike,cavedave
becauseSeattle,cavedave
cavedave,monxi
monxi,cavedave
cavedave,monxi
cavedave,FERMAT_PRIME
cavedave,RealDealMrSeal
cavedave,pupstick
StoicJim,cavedave
cavedave,skr00ge
CLint_FLicker,cavedave
An0therk,cavedave
cavedave,An0therk
cavedave,CDfm
CDfm,cavedave
CDfm,cavedave
cavedave,KadusFUCK
mylovelyhorse101,cavedave
tseepra,cavedave
Trek7553,cavedave
cavedave,htrp
Libre2016,cavedave
cavedave,CDfm
cavedave,manowtf
cavedave,Jester252
Jester252,cavedave
trendykendy,cavedave
cavedave,trendykendy
gogo4glue,cavedave
trendykendy,cavedave
cavedave,trendykendy
trendykendy,cavedave
AtomicKoala,cavedave
dallasdarkco,cavedave
thepeck,cavedave
cavedave,thepeck
thepeck,cavedave
cavedave,biddleswarth
cavedave,nderflow
