source,sink
cavedave,sn76477
tekgnosis,cavedave
sn76477,cavedave
cavedave,grey_hex
DylanGification,cavedave
cavedave,DylanGification
Dead_Parrot,cavedave
cavedave,InternetCrank
stunt_penguin,cavedave
cavedave,stunt_penguin
TheGeneralLee83,cavedave
motrjay,cavedave
cavedave,ours
cavedave,irishbeersnob
cavedave,kristopolous
kristopolous,cavedave
BurningFox,cavedave
jblo,cavedave
munificent,cavedave
cavedave,munificent
cavedave,Nessie
cavedave,ThisIsSomebodyElse
ThisIsSomebodyElse,cavedave
ThisIsSomebodyElse,cavedave
cavedave,ThisIsSomebodyElse
ThisIsSomebodyElse,cavedave
ray_giraffe,cavedave
SeamusFitz67b,cavedave
CDfm,cavedave
Yerwun,cavedave
CDfm,cavedave
cavedave,Yerwun
-deadking-,cavedave
collectiveindividual,cavedave
CaptainPyjamaShark,cavedave
AspieDebater,cavedave
Ximitar,cavedave
cavedave,VandalsStoleMyHandle
VandalsStoleMyHandle,cavedave
nkorslund,cavedave
cavedave,nkorslund
nkorslund,cavedave
cavedave,Quouar
Quouar,cavedave
riceson,cavedave
cavedave,riceson
riceson,cavedave
cavedave,CDfm
TweetsInCommentsBot,cavedave
CDfm,cavedave
cavedave,vincentrevelations
ReasonablyBadass,cavedave
COOLSerdash,cavedave
cavedave,Feicarsinn
cavedave,justcrappedmypants
Molecular_Anagram,cavedave
Molecular_Anagram,cavedave
cavedave,Molecular_Anagram
Molecular_Anagram,cavedave
cavedave,Molecular_Anagram
Molecular_Anagram,cavedave
cavedave,Molecular_Anagram
Molecular_Anagram,cavedave
cavedave,Molecular_Anagram
Molecular_Anagram,cavedave
AprilMaria,cavedave
cavedave,AprilMaria
AprilMaria,cavedave
SeamusFitz67b,cavedave
cavedave,SeamusFitz67b
cavedave,sheepwithascarf
cavedave,BugsBunnySan
nowonmai,cavedave
cavedave,nowonmai
SnoobySnaps,cavedave
box_of_carrots,cavedave
sheepwithascarf,cavedave
cavedave,sheepwithascarf
cavedave,box_of_carrots
cavedave,oldgeeza
