source,sink
cavedave,wolowski
cavedave,ratebeer
gleapsite,cavedave
cavedave,gleapsite
cavedave,ozonesonde
cavedave,googlegoog
cortejri,cavedave
cavedave,cortejri
cavedave,dermballs
cavedave,bitherd
bitherd,cavedave
cavedave,RugerRedhawk
RugerRedhawk,cavedave
cavedave,RugerRedhawk
cavedave,Runnnnnnnnnn
cavedave,adremeaux
daithiocoinnigh,cavedave
cavedave,daithiocoinnigh
cavedave,daithiocoinnigh
lordofthejungle,cavedave
cavedave,ArcticCelt
cavedave,joedonut
qxcvr,cavedave
ArcticCelt,cavedave
joedonut,cavedave
LWRellim,cavedave
boristhebulletdodger,cavedave
cavedave,boristhebulletdodger
cavedave,Red_Inferno
cavedave,elitexero
cavedave,Skyrmir
cavedave,underthelinux
underthelinux,cavedave
cavedave,underthelinux
underthelinux,cavedave
cavedave,underthelinux
cavedave,jawbroken
jawbroken,cavedave
cavedave,jawbroken
andreasvc,cavedave
cavedave,andreasvc
cavedave,aenea
aenea,cavedave
cavedave,aenea
aenea,cavedave
cavedave,freyrs3
cavedave,slacker22
grimboy,cavedave
cavedave,grimboy
grimboy,cavedave
cavedave,deiri87
cavedave,HellSD
cavedave,temujin64
cavedave,McHoff
cavedave,eroverton
