source,sink
cavedave,CDfm
cavedave,halflings
cavedave,zigglezip
cavedave,rapmachinenodiggidy
rapmachinenodiggidy,cavedave
cavedave,rapmachinenodiggidy
rapmachinenodiggidy,cavedave
cavedave,_Mr-Skeltal_
imguralbumbot,cavedave
cavedave,_herbie
cavedave,kexrexdex
0e0e3e0e0a3a2a,cavedave
cavedave,0e0e3e0e0a3a2a
cavedave,Warthog_A-10
totesnotashinnerbot,cavedave
owd200,cavedave
cavedave,Twas_my_money_Father
totesnotashinnerbot,cavedave
Twas_my_money_Father,cavedave
cavedave,Twas_my_money_Father
Twas_my_money_Father,cavedave
vimefer,cavedave
cavedave,foxtrot1_1
foxtrot1_1,cavedave
mamaBiskothu,cavedave
mina_knallenfalls,cavedave
JamesB5446,cavedave
cavedave,SkinnyHusky
poiaze,cavedave
cavedave,Tidhe
WikiTextBot,cavedave
WikiTextBot,cavedave
cavedave,RichieFinn
Smithman,cavedave
cavedave,Smithman
Smithman,cavedave
cavedave,Smithman
Smithman,cavedave
cavedave,Smithman
SemperVenari,cavedave
CDfm,cavedave
mattkerle,cavedave
cavedave,mattkerle
cavedave,Emmanoether
Emmanoether,cavedave
Sarcon5673,cavedave
cavedave,Sarcon5673
cavedave,hymie0
cavedave,joelthelion
mattkerle,cavedave
Free_Math_Tutoring,cavedave
cavedave,mattkerle
cavedave,babeltoothe
cavedave,butwhydoesreddit
cavedave,florp_the_schmorp
cavedave,Free_Math_Tutoring
Marcassin,cavedave
butwhydoesreddit,cavedave
cavedave,Marcassin
cavedave,mainstreetmark
cavedave,Gargan_Roo
Lopsidation,cavedave
cavedave,butwhydoesreddit
cavedave,Lopsidation
NazgulXXI,cavedave
OmnipotentEntity,cavedave
cavedave,NazgulXXI
cavedave,Lopsidation
cavedave,OmnipotentEntity
nicolasap,cavedave
cavedave,nicolasap
nicolasap,cavedave
cavedave,nicolasap
nicolasap,cavedave
yawnful,cavedave
cavedave,ethansolly
cavedave,nicolasap
ethansolly,cavedave
cavedave,OmnipotentEntity
cavedave,yawnful
cavedave,nicolasap
NazgulXXI,cavedave
cavedave,NazgulXXI
nicolasap,cavedave
cavedave,nicolasap
Marcassin,cavedave
cavedave,Marcassin
nicolasap,cavedave
Ibot02,cavedave
cavedave,kokobannana
cavedave,nicolasap
cavedave,Ibot02
Ibot02,cavedave
cavedave,Ibot02
drizzyjake08,cavedave
cavedave,drizzyjake08
cavedave,up9rade
up9rade,cavedave
cavedave,up9rade
WikiTextBot,cavedave
up9rade,cavedave
Kecleon2,cavedave
cavedave,Youre_Government
mccoyn,cavedave
cavedave,mccoyn
cavedave,NotTheory
cavedave,bradygilg
bradygilg,cavedave
jlt6666,cavedave
chicomathmom,cavedave
cavedave,chicomathmom
DigitalChocobo,cavedave
cavedave,DigitalChocobo
cavedave,sigsfried
Sickysuck,cavedave
cavedave,Sickysuck
Sickysuck,cavedave
cavedave,Sickysuck
cavedave,Aix
Sickysuck,cavedave
cavedave,recklessglee
OmnipotentEntity,cavedave
ignazwrobel,cavedave
supremecrafters,cavedave
cavedave,lllluuukke
cavedave,_Artanos
cavedave,OmnipotentEntity
beerybeardybear,cavedave
cavedave,beerybeardybear
cavedave,beerybeardybear
cavedave,mamillaris
mamillaris,cavedave
cavedave,mamillaris
mamillaris,cavedave
beerybeardybear,cavedave
cavedave,mamillaris
mamillaris,cavedave
cavedave,beerybeardybear
beerybeardybear,cavedave
beerybeardybear,cavedave
cavedave,beerybeardybear
Godivine,cavedave
cavedave,homboo
cavedave,Topsrek
_Artanos,cavedave
VIII8,cavedave
DigitalChocobo,cavedave
cavedave,Noxime
cavedave,DigitalChocobo
