source,sink
autowikibot,cavedave
cavedave,thomasGK
cavedave,Bigbillyb0b
cavedave,billtipp
cavedave,ramsesniblick3rd
cavedave,Mendoza2909
cavedave,EXAX
Mendoza2909,cavedave
cavedave,Mendoza2909
cavedave,continuousQ
EXAX,cavedave
cavedave,mrbigsnot
autowikibot,cavedave
CDfm,cavedave
CDfm,cavedave
autowikibot,cavedave
gufcfan,cavedave
ninety6days,cavedave
a_complete_cock,cavedave
cavedave,a_complete_cock
CDfm,cavedave
bravezombie,cavedave
cavedave,bravezombie
bravezombie,cavedave
cavedave,bravezombie
cavedave,UnladenEUSwallow
JustinPA,cavedave
argh523,cavedave
cavedave,argh523
pm_me_free_anal_exam,cavedave
argh523,cavedave
caseyuer,cavedave
mak_marin,cavedave
cavedave,argh523
jamiefkk,cavedave
sbw2012,cavedave
curiousRabbitPants,cavedave
cavedave,sbw2012
