source,sink
sevendials,cavedave
FreshOutOfGeekistan,cavedave
cavedave,FreshOutOfGeekistan
autowikibot,cavedave
cavedave,FreshOutOfGeekistan
kb-air,cavedave
cavedave,ragica
cavedave,karpdude
cavedave,imoinda
cavedave,strawninja
FreshOutOfGeekistan,cavedave
FreshOutOfGeekistan,cavedave
cavedave,ecuadorthree
ecuadorthree,cavedave
katethree,cavedave
cavedave,katethree
cavedave,cpt_franco
cpt_franco,cavedave
cavedave,cpt_franco
cpt_franco,cavedave
cavedave,FreshOutOfGeekistan
cavedave,DjFlin
pjn5047,cavedave
katethree,cavedave
cavedave,LWRellim
LWRellim,cavedave
cavedave,LWRellim
LWRellim,cavedave
cavedave,awdcvgyjm
cavedave,ORstuff
Pajama-party,cavedave
cavedave,Jameshfisher
cavedave,marquis_of_chaos
marquis_of_chaos,cavedave
sr79,cavedave
cavedave,sr79
revocation,cavedave
cavedave,revocation
revocation,cavedave
DumbMattress,cavedave
cavedave,cpxh
cpxh,cavedave
cavedave,cpxh
cpxh,cavedave
cavedave,collectiveindividual
collectiveindividual,cavedave
cavedave,DocQuixotic
cavedave,balathustrius
cavedave,boxstabber
cavedave,CanuckinDublin
CanuckinDublin,cavedave
boxstabber,cavedave
cavedave,MrFox
cavedave,boxstabber
cavedave,ThatKidNeedsPunched
Rory_The_Faggot,cavedave
cavedave,JLord
cavedave,Fingolfiin
cavedave,nappy101
JLord,cavedave
incestuous_vampire,cavedave
Firstprime,cavedave
cavedave,Firstprime
cavedave,gfzgfx
Firstprime,cavedave
cavedave,Firstprime
Firstprime,cavedave
cavedave,msnook
gfzgfx,cavedave
cavedave,emergent_reasons
emergent_reasons,cavedave
cavedave,emergent_reasons
emergent_reasons,cavedave
cavedave,emergent_reasons
msnook,cavedave
LoveScienceMe,cavedave
cavedave,redlaWw
floridalegend,cavedave
cavedave,floridalegend
vicegrip,cavedave
usuallyskeptical,cavedave
Entaras,cavedave
cavedave,usuallyskeptical
cavedave,Entaras
cavedave,vicegrip
usuallyskeptical,cavedave
Borror0,cavedave
Entaras,cavedave
usuallyskeptical,cavedave
SasparillaTango,cavedave
bartink,cavedave
saffir,cavedave
SlyRatchet,cavedave
Scottmk4,cavedave
cavedave,Scottmk4
cavedave,Nosher
ericjs,cavedave
Calamitosity,cavedave
Scottmk4,cavedave
stoopidjonny,cavedave
friendguy13,cavedave
cavedave,friendguy13
cuteman,cavedave
cavedave,njtrafficsignshopper
njtrafficsignshopper,cavedave
DannyCosgrave,cavedave
cavedave,AAAAAAAHHH
autowikibot,cavedave
Jeqk,cavedave
cavedave,bluewolfcub
Kelticfox,cavedave
cavedave,seanbeag
cavedave,DannyCosgrave
Ftumsh,cavedave
DannyCosgrave,cavedave
cavedave,Ftumsh
Ftumsh,cavedave
seanbeag,cavedave
cavedave,DannyCosgrave
