source,sink
cavedave,oska
llimllib,cavedave
cavedave,cecilkorik
degustibus,cavedave
cavedave,diatribal2
cweaver,cavedave
cavedave,cweaver
cavedave,braindrane
baltoo,cavedave
braindrane,cavedave
cavedave,zhokuai
lmao,cavedave
zhokuai,cavedave
cavedave,zhokuai
georgefrick,cavedave
cavedave,Battleloser
cavedave,yoda17
cavedave,pietro
dacat,cavedave
cavedave,dacat
cavedave,cot6mur3
ChrisOz,cavedave
cot6mur3,cavedave
cavedave,Nate_W
cavedave,shuael
shuael,cavedave
Fountainhead,cavedave
Nate_W,cavedave
cavedave,Fountainhead
Fountainhead,cavedave
cavedave,floodyberry
floodyberry,cavedave
cavedave,floodyberry
cavedave,BestServedCold
cavedave,ratzero
cavedave,rednukleus
cavedave,indigoshift
indigoshift,cavedave
cavedave,indigoshift
indigoshift,cavedave
cavedave,indigoshift
indigoshift,cavedave
cavedave,indigoshift
indigoshift,cavedave
cavedave,60secs
asciilifeform,cavedave
cavedave,NoMoreNicksLeft
NoMoreNicksLeft,cavedave
markansoul,cavedave
cavedave,markansoul
cavedave,notor
bastardo,cavedave
pintachio,cavedave
cavedave,pintachio
hen,cavedave
cavedave,jrandom
pskomoroch,cavedave
jrandom,cavedave
cavedave,bithead
aposter,cavedave
parla,cavedave
beohbe,cavedave
KillerAngel7,cavedave
cavedave,hopeless_case
hopeless_case,cavedave
cavedave,bananahead
bananahead,cavedave
MadMark,cavedave
cavedave,MadMark
cavedave,abw
