source,sink
cavedave,afatsumcha
cavedave,huddlahuddla
cavedave,Tidhe
Tidhe,cavedave
cavedave,bhannam
cavedave,CDfm
CDfm,cavedave
cavedave,KarateCop
WikiTextBot,cavedave
cavedave,collectiveindividual
cavedave,s1nk13
s1nk13,cavedave
cavedave,s1nk13
s1nk13,cavedave
Cycloneblaze,cavedave
i-am-boi,cavedave
cavedave,tisashambles
cavedave,KnightsOfCidona
VotingElephant,cavedave
stunt_penguin,cavedave
cavedave,Arbane
HelperBot_,cavedave
hughcullen,cavedave
video_descriptionbot,cavedave
WikiTextBot,cavedave
cavedave,oishay
oishay,cavedave
cavedave,oishay
djaxial,cavedave
cavedave,djaxial
mynameipaul,cavedave
djaxial,cavedave
cavedave,djaxial
cavedave,StampMcGowan
WikiTextBot,cavedave
StampMcGowan,cavedave
cavedave,StampMcGowan
StampMcGowan,cavedave
cavedave,StampMcGowan
StampMcGowan,cavedave
cavedave,StampMcGowan
slamagusb,cavedave
cavedave,slamagusb
slamagusb,cavedave
Feynization,cavedave
cavedave,Feynization
WikiTextBot,cavedave
cavedave,slamagusb
StampMcGowan,cavedave
DangerBurger,cavedave
cavedave,DangerBurger
slamagusb,cavedave
cavedave,geniice
CDfm,cavedave
SullyJim,cavedave
WikiTextBot,cavedave
dls2016,cavedave
ZxZxchoc,cavedave
cavedave,dls2016
jacobolus,cavedave
cavedave,AlexAndThunder
rmc,cavedave
cavedave,rmc
WikiTextBot,cavedave
cavedave,SeamusHeaneysGhost
BigManWithABigBeard,cavedave
Driveby_Dogboy,cavedave
cavedave,BigManWithABigBeard
FeikSneik,cavedave
cavedave,BakersDozen
BakersDozen,cavedave
Sofa_King_Randy,cavedave
rmc,cavedave
cormacwanderers,cavedave
cavedave,EmmBeeOhh
cavedave,totesnotashinnerbot
totesnotashinnerbot,cavedave
cavedave,totesnotashinnerbot
cavedave,totesnotashinnerbot
BenCoughlan15,cavedave
The_Screaming_Ninja,cavedave
CDfm,cavedave
madigan94,cavedave
IrishHuman,cavedave
cavedave,s251572
CDfm,cavedave
cavedave,Cool_Hand_Lucan
cavedave,amethystrockstar
box_of_carrots,cavedave
BoardsSycophant,cavedave
feedthebear,cavedave
cavedave,feedthebear
oscar-dighton12,cavedave
cavedave,oscar-dighton12
WikiTextBot,cavedave
oscar-dighton12,cavedave
