source,sink
b0gg3r,cavedave
cavedave,bbcslave92
cavedave,ptar86
ptar86,cavedave
bbcslave92,cavedave
karma-toes,cavedave
headondesk,cavedave
cavedave,headondesk
cavedave,CDfm
CDfm,cavedave
cavedave,CDfm
CDfm,cavedave
cavedave,CDfm
CDfm,cavedave
RedditIsAShitehole,cavedave
CaisLaochach,cavedave
cavedave,barmaley_exe
paddypadpad,cavedave
cavedave,paddypadpad
postdarwin,cavedave
paddypadpad,cavedave
cavedave,paddypadpad
paddypadpad,cavedave
cavedave,paddypadpad
paddypadpad,cavedave
cavedave,paddypadpad
paddypadpad,cavedave
cavedave,AppleCandyCane
abstractcontrol,cavedave
cavedave,abstractcontrol
darkmighty,cavedave
cavedave,darkmighty
Jinoc,cavedave
cavedave,Vergehat
cavedave,elktamer
elktamer,cavedave
Grogie,cavedave
cavedave,elktamer
cavedave,DarkSkyz
Shadakh,cavedave
pyort,cavedave
ERIKER1,cavedave
cavedave,PythagorasJones
irish_lad_edi,cavedave
donovan_rossa,cavedave
cavedave,CDfm
CDfm,cavedave
cavedave,CDfm
darkmighty,cavedave
pranv,cavedave
cavedave,darkmighty
cavedave,pranv
cavedave,CDfm
XYcritic,cavedave
CDfm,cavedave
BeatLeJuce,cavedave
cavedave,XYcritic
cavedave,BeatLeJuce
cavedave,CDfm
XYcritic,cavedave
karma-toes,cavedave
CDfm,cavedave
cavedave,CDfm
CDfm,cavedave
cavedave,OpenTheBorders
peon47,cavedave
needlzor,cavedave
MrBrightside503,cavedave
cavedave,needlzor
tnbd,cavedave
OpenTheBorders,cavedave
Eurchus,cavedave
CDfm,cavedave
cavedave,gborroughs
AintNoFortunateSon,cavedave
cavedave,AintNoFortunateSon
AintNoFortunateSon,cavedave
cavedave,AintNoFortunateSon
