source,sink
cavedave,Asmodeus
malcontent,cavedave
cavedave,malcontent
cavedave,0wnagetime
malcontent,cavedave
0wnagetime,cavedave
cavedave,malcontent
malcontent,cavedave
cavedave,malcontent
cavedave,bobshush
malcontent,cavedave
cavedave,martincmartin
jerf,cavedave
cavedave,jerf
cavedave,theantirobot
fuzzybunn,cavedave
cavedave,roconnor
roconnor,cavedave
cavedave,tangentstorm
cavedave,timo1023
cavedave,taejo
taejo,cavedave
cavedave,taejo
jjdmol,cavedave
cavedave,jjdmol
taejo,cavedave
cavedave,spelunker
cavedave,synthpop
cavedave,SonD
cavedave,l0l
arvid,cavedave
cavedave,jcmcbeth
jcmcbeth,cavedave
cavedave,thecoolestcow
cavedave,dabizi
cavedave,MarkByers
cavedave,sjf
cavedave,konataizumi
konataizumi,cavedave
konataizumi,cavedave
doliorules,cavedave
bobbyi,cavedave
cavedave,Eugi
taejo,cavedave
Eugi,cavedave
