source,sink
cavedave,ruesdedr
ruesdedr,cavedave
cavedave,itsame_mario
Nate_W,cavedave
cavedave,Nate_W
cavedave,bbstucco
jotaroh,cavedave
cavedave,insert-meme
cavedave,gooopil
cavedave,monkey166
cavedave,pap3rw8
cavedave,mrchak
cavedave,Xhippie
thevoid,cavedave
monkey166,cavedave
cavedave,monkey166
agapelust,cavedave
cavedave,agapelust
Xhippie,cavedave
monkey166,cavedave
a1k0n,cavedave
cavedave,argoff
cavedave,mkwiat
cavedave,BurnTees
cavedave,Tomasfoolery
Tomasfoolery,cavedave
cavedave,Tomasfoolery
gensek,cavedave
cavedave,gensek
Rsardinia,cavedave
Rsardinia,cavedave
cavedave,Rsardinia
Rsardinia,cavedave
cavedave,Rsardinia
Rsardinia,cavedave
cavedave,Rsardinia
cavedave,esparza74
esparza74,cavedave
cavedave,esparza74
cavedave,burke
esparza74,cavedave
Rsardinia,cavedave
cavedave,Rsardinia
Rsardinia,cavedave
