source,sink
cavedave,goltrpoat
goltrpoat,cavedave
cavedave,FireDemon
cavedave,spotta
cavedave,FunnyMan3595
FunnyMan3595,cavedave
cavedave,FunnyMan3595
cavedave,LogicalParadox
yoda17,cavedave
cavedave,gunnm27
gunnm27,cavedave
monxcracy,cavedave
cavedave,monxcracy
cavedave,monosyllabix
cavedave,strafefire
cavedave,Hermel
jmmcd,cavedave
simonjw,cavedave
blubloblu,cavedave
Sovereign2142,cavedave
cavedave,Sovereign2142
dontgoatsemebro,cavedave
cavedave,altie
cavedave,StringentTurkey
StringentTurkey,cavedave
cavedave,LWRellim
cavedave,Svennig
cavedave,asw66
cavedave,CoastOfYemen
cavedave,bunchathrees
Tekmo,cavedave
sniper1rfa,cavedave
cavedave,sniper1rfa
cavedave,mikaelhg
mmm_burrito,cavedave
cavedave,nmcyall
felzix,cavedave
allhere,cavedave
Plainview,cavedave
shevegen,cavedave
