source,sink
cavedave,Default_blah
Blackfire853,cavedave
cavedave,Blackfire853
Default_blah,cavedave
cavedave,ApolloCarmb
cavedave,Yooklid
WikiTextBot,cavedave
WikiTextBot,cavedave
Adderkleet,cavedave
cavedave,Adderkleet
Adderkleet,cavedave
joinville_x,cavedave
gnorrn,cavedave
cavedave,gnorrn
cavedave,paulins
Jester252,cavedave
cavedave,Jester252
red_concrete,cavedave
cavedave,red_concrete
WikiTextBot,cavedave
cavedave,Declaration14C
CDfm,cavedave
cavedave,CDfm
CDfm,cavedave
cavedave,CDfm
CDfm,cavedave
markpb,cavedave
cavedave,markpb
markpb,cavedave
cavedave,markpb
cavedave,MaesterMagoo
MaesterMagoo,cavedave
cavedave,MaesterMagoo
MaesterMagoo,cavedave
cavedave,lanzaa
lanzaa,cavedave
cavedave,lanzaa
cavedave,Farmbot26
cavedave,Oilosity12356
cavedave,rozzer
cavedave,justarandomyoke
Qaswerqwer,cavedave
cavedave,Qaswerqwer
Qaswerqwer,cavedave
cavedave,Qaswerqwer
Qaswerqwer,cavedave
cavedave,Qaswerqwer
thesraid,cavedave
cavedave,thesraid
jerkymacface,cavedave
cavedave,jerkymacface
jerkymacface,cavedave
cavedave,stevothepedo
stevothepedo,cavedave
Murphler,cavedave
cavedave,ashstronge
CDfm,cavedave
cavedave,guanothan
whollymoly,cavedave
CDfm,cavedave
thesraid,cavedave
cavedave,thesraid
cavedave,Reiinakano
cavedave,truchisoft
truchisoft,cavedave
cavedave,smerity
trashacount12345,cavedave
cavedave,trashacount12345
trashacount12345,cavedave
cavedave,kungspermis
cavedave,jame_retief_
cavedave,CDfm
cavedave,fuckinghelldad
fuckinghelldad,cavedave
cavedave,fuckinghelldad
fuckinghelldad,cavedave
cavedave,fuckinghelldad
fuckinghelldad,cavedave
cavedave,shmel39
cavedave,MrB_23
sohetellsme,cavedave
cavedave,sohetellsme
CodsworthMcAuley,cavedave
cavedave,dreevessf
cavedave,CodsworthMcAuley
stunt_penguin,cavedave
cavedave,louiseber
louiseber,cavedave
cavedave,louiseber
louiseber,cavedave
rixuraxu,cavedave
cavedave,rixuraxu
avonbarksday,cavedave
hatrickpatrick,cavedave
hatrickpatrick,cavedave
cavedave,avonbarksday
cavedave,cruiscinlan
cavedave,StoneCypher
StoneCypher,cavedave
cavedave,StoneCypher
DarlingBri,cavedave
cruiscinlan,cavedave
cavedave,cruiscinlan
cavedave,DarlingBri
DarlingBri,cavedave
cavedave,DarlingBri
DarlingBri,cavedave
cavedave,DarlingBri
DarlingBri,cavedave
cavedave,DarlingBri
