source,sink
cavedave,sfgeek
sfgeek,cavedave
cavedave,bumped
cavedave,aveceasar
cavedave,uassholes
cavedave,pepparkaka
cavedave,samdude1400
cavedave,duus
duus,cavedave
mindbleach,cavedave
daysi,cavedave
rogueman999,cavedave
aveceasar,cavedave
cavedave,aveceasar
aveceasar,cavedave
cavedave,aveceasar
cavedave,sosueme
aveceasar,cavedave
cavedave,aveceasar
aveceasar,cavedave
cavedave,aveceasar
aveceasar,cavedave
cavedave,tadrinth
cavedave,toonces
toonces,cavedave
cavedave,gthank
john_b,cavedave
cavedave,api
cavedave,fivre
cavedave,smsc
cavedave,MrKlaatu
cavedave,ch00f
MrKlaatu,cavedave
queus,cavedave
cavedave,queus
queus,cavedave
cavedave,queus
cavedave,spidermite
cavedave,casaubon
cavedave,spidermite
cavedave,casaubon
cavedave,vortmeester
cavedave,h0dg3s
h0dg3s,cavedave
cavedave,h0dg3s
cavedave,leed25d
Amendmen7,cavedave
h0dg3s,cavedave
cavedave,h0dg3s
cavedave,gnudarve
cavedave,leoc
leoc,cavedave
cavedave,leoc
leoc,cavedave
cavedave,cbucket
howars,cavedave
cavedave,howars
howars,cavedave
cavedave,radix2
radix2,cavedave
cavedave,radix2
radix2,cavedave
cavedave,netsql
cavedave,nkktwotwozero
cavedave,joyork
cavedave,D3ADBOLT
cavedave,paro
zac79,cavedave
b34nz,cavedave
cavedave,b34nz
cavedave,ipeev
b34nz,cavedave
cavedave,danweber
danweber,cavedave
cavedave,danweber
danweber,cavedave
darkstate,cavedave
cavedave,SohumB
cavedave,liminaltimes
liminaltimes,cavedave
cavedave,liminaltimes
liminaltimes,cavedave
cavedave,liminaltimes
liminaltimes,cavedave
cavedave,liminaltimes
liminaltimes,cavedave
SohumB,cavedave
cavedave,hsfrey
theeth,cavedave
acornwa,cavedave
cavedave,acornwa
cavedave,Ono-Sendai
