source,sink
cavedave,kolm
BlackStrain,cavedave
davidreiss666,cavedave
cavedave,NoMoreNicksLeft
NoMoreNicksLeft,cavedave
cavedave,LWRellim
LWRellim,cavedave
cavedave,mycall
cavedave,webnrrd2k
Vithar,cavedave
cavedave,transim
slaphappyhubris,cavedave
Yuushi,cavedave
cavedave,Yuushi
Yuushi,cavedave
Taladar,cavedave
transim,cavedave
thesunmaster,cavedave
cavedave,catmoon
cavedave,buckrogers1965_2
cavedave,kilimanjaro
cavedave,relix
cavedave,sysop073
cavedave,B-Con
B-Con,cavedave
B-Con,cavedave
cavedave,jonbro
cavedave,dons
cavedave,Xaro
cavedave,omnilynx
omnilynx,cavedave
cavedave,railrulez
Liar_tuck,cavedave
cavedave,underthelinux
Wyrm,cavedave
underthelinux,cavedave
cavedave,underthelinux
underthelinux,cavedave
cavedave,Wyrm
cavedave,mombakkie
notgiven,cavedave
cavedave,joris78
joris78,cavedave
cavedave,joris78
joris78,cavedave
joris78,cavedave
cavedave,joris78
joris78,cavedave
cavedave,QaSpel
astern,cavedave
internet_badass,cavedave
cavedave,internet_badass
cavedave,DashingLeech
cavedave,regul
