source,sink
cavedave,Adderkleet
cavedave,CaisLaochach
CaisLaochach,cavedave
cavedave,fedupofbrick
cavedave,richshaugh
innealtoir_meicniuil,cavedave
Warthog_A-10,cavedave
cavedave,Warthog_A-10
Warthog_A-10,cavedave
Jigsus,cavedave
cavedave,DocSaturday
cavedave,psimony91
NewsCuntIreland,cavedave
cavedave,louiseber
louiseber,cavedave
cavedave,NewsCuntIreland
benkkelly,cavedave
NewsCuntIreland,cavedave
A_TRIPLE,cavedave
cavedave,NewsCuntIreland
slamagusb,cavedave
raspberry_smoothie,cavedave
cavedave,slamagusb
cavedave,justarandomyoke
psimony91,cavedave
cavedave,SeamusFitz67b
Cadroc,cavedave
cavedave,Cadroc
lorcantc,cavedave
Cadroc,cavedave
cavedave,Cadroc
Cadroc,cavedave
KarlPlays,cavedave
ConorMcNinja,cavedave
cavedave,ConorMcNinja
cavedave,KarlPlays
cavedave,Ditches101
KarlPlays,cavedave
cavedave,Cadroc
cavedave,KarlPlays
KarlPlays,cavedave
cavedave,KarlPlays
KarlPlays,cavedave
ConorMcNinja,cavedave
cavedave,KarlPlays
KarlPlays,cavedave
Cadroc,cavedave
shanemitchell,cavedave
cavedave,duff2duff2duff
TeoKajLibroj,cavedave
cavedave,TeoKajLibroj
Lanky_Giraffe,cavedave
Slenderauss,cavedave
FiachB7,cavedave
cavedave,Slenderauss
cavedave,Qaswerqwer
cavedave,SurvivingMissPrism
SurvivingMissPrism,cavedave
cavedave,SurvivingMissPrism
tragamin,cavedave
moonbyul707,cavedave
Qaswerqwer,cavedave
cavedave,moonbyul707
cavedave,Qaswerqwer
SurvivingMissPrism,cavedave
Berrocca_Addict,cavedave
SurvivingMissPrism,cavedave
Qaswerqwer,cavedave
cavedave,DalekPenguin
cavedave,michaelirishred
michaelirishred,cavedave
cavedave,Niall_Faraiste
Niall_Faraiste,cavedave
niamhish,cavedave
tontoto,cavedave
cavedave,lasagnwich
lasagnwich,cavedave
cavedave,lasagnwich
igyigyigy,cavedave
cavedave,igyigyigy
ram-ok,cavedave
Your-Ma,cavedave
cavedave,unsureguy2015
CaisLaochach,cavedave
cavedave,CaisLaochach
CaisLaochach,cavedave
cavedave,CaisLaochach
CaisLaochach,cavedave
eatthepinky,cavedave
cavedave,eatthepinky
eatthepinky,cavedave
cavedave,eatthepinky
unsureguy2015,cavedave
cavedave,unsureguy2015
unsureguy2015,cavedave
eatthepinky,cavedave
cavedave,UROBONAR
UROBONAR,cavedave
cavedave,MickyBangBang
Seravia,cavedave
cavedave,twotall88
