source,sink
Tigger_87,cavedave
cavedave,Jahoby
looeee,cavedave
cavedave,looeee
cavedave,quincebolis
quincebolis,cavedave
Barro247,cavedave
cavedave,Barro247
cavedave,swimmingbelle
swimmingbelle,cavedave
In_rod_we__trust,cavedave
BakersDozen,cavedave
cavedave,CDfm
CDfm,cavedave
CaisLaochach,cavedave
cavedave,CaisLaochach
CaisLaochach,cavedave
cavedave,Shock-Trooper
TweetsInCommentsBot,cavedave
cavedave,Nefilim777
cavedave,DeDeluded
cavedave,Done2me
cavedave,oppositeofbatman
Done2me,cavedave
cavedave,Done2me
cavedave,charlyrunkle
d4rch0n,cavedave
cavedave,d4rch0n
cavedave,throw-away-constable
cavedave,MyKungFuIsCat
lord_addictus,cavedave
cavedave,lord_addictus
lord_addictus,cavedave
cavedave,lord_addictus
lord_addictus,cavedave
cavedave,lord_addictus
lord_addictus,cavedave
cavedave,CanucksFanInDublin
DogPawHat,cavedave
Lavamancer,cavedave
cavedave,Lavamancer
karma-toes,cavedave
cavedave,DuxBelisarius
cavedave,tha_real_stabulous
cavedave,Patch86UK
cavedave,yourdrunkirishfriend
cavedave,Pratchett
Pratchett,cavedave
cavedave,CDfm
cavedave,Pratchett
CDfm,cavedave
Patch86UK,cavedave
FuckYourLicenseFee,cavedave
TheStalkerFang,cavedave
Jeqk,cavedave
cavedave,Jeqk
cavedave,FuckYourLicenseFee
cavedave,Whatstaunt
cavedave,Jeqk
Jeqk,cavedave
Not_Bull_Crap,cavedave
cavedave,dj0
cavedave,Clambulance1
cavedave,democritusparadise
democritusparadise,cavedave
cavedave,democritusparadise
democritusparadise,cavedave
rozzer,cavedave
cavedave,rozzer
