source,sink
cavedave,restthewicked
cavedave,KFCNyanCat
cavedave,killboy
cavedave,Swichts
cavedave,jeepdave
cavedave,raging_dope_fiend
cavedave,j-shonk
giggsy664,cavedave
cavedave,BobbyDafro
cavedave,VivaLaEmpire
j-shonk,cavedave
cavedave,j-shonk
j-shonk,cavedave
cavedave,Kier_C
cavedave,CDfm
TeutorixAleria,cavedave
VivaLaEmpire,cavedave
CDfm,cavedave
cavedave,TeutorixAleria
TeutorixAleria,cavedave
cavedave,TeutorixAleria
TeutorixAleria,cavedave
cavedave,TeutorixAleria
TeutorixAleria,cavedave
davsheep,cavedave
Kier_C,cavedave
cavedave,Kier_C
cavedave,neujersey
kilomcorrido,cavedave
BadSmash4,cavedave
cavedave,Arozst
cavedave,sartres-shart
MaebhCon,cavedave
TheChonk,cavedave
cavedave,TheChonk
Pointlessillism,cavedave
cavedave,Schnozberryz
cavedave,cavedave
Tom_Stall,cavedave
cavedave,redburnel
Twisted-Biscuit,cavedave
CaisLaochach,cavedave
cavedave,CaisLaochach
CaisLaochach,cavedave
redburnel,cavedave
thestandardtoaster,cavedave
karma-toes,cavedave
MageToLight,cavedave
CaisLaochach,cavedave
Bbrhuft,cavedave
cavedave,CaisLaochach
cavedave,Bbrhuft
CaisLaochach,cavedave
SorryButThis,cavedave
karma-toes,cavedave
doddmatic,cavedave
cavedave,SorryButThis
stonekiller,cavedave
cavedave,SuperMajesticMan
cavedave,TheCollectorsShop
Quouar,cavedave
cavedave,trigger_m
trigger_m,cavedave
cavedave,DeathcampEnthusiast
DeathcampEnthusiast,cavedave
cavedave,Soupynorman
Adderkleet,cavedave
brim4brim,cavedave
cavedave,Adderkleet
cavedave,cruiscinlan
reprazant,cavedave
cruiscinlan,cavedave
cavedave,singhgurjeet
singhgurjeet,cavedave
cavedave,singhgurjeet
sir_wiggum,cavedave
cavedave,sir_wiggum
cavedave,perrygeo
gufcfan,cavedave
TweetsInCommentsBot,cavedave
cavedave,TroubledChris
TroubledChris,cavedave
-THE_BIG_BOSS-,cavedave
Bromskloss,cavedave
cavedave,Bromskloss
cavedave,-THE_BIG_BOSS-
BinaryHerder,cavedave
cavedave,BinaryHerder
BinaryHerder,cavedave
iorgfeflkd,cavedave
cavedave,mink_man
Bromskloss,cavedave
laxatives,cavedave
cavedave,Bromskloss
cavedave,laxatives
Irishwarrior,cavedave
cavedave,half_pregnant
half_pregnant,cavedave
cavedave,drooobie
cavedave,unsureguy2015
AprilMaria,cavedave
cavedave,Shock-Trooper
cavedave,Vergehat
CDfm,cavedave
Vergehat,cavedave
cavedave,Vergehat
flanflinger,cavedave
I_I-I,cavedave
cavedave,TheRawSharkTexts
cionn,cavedave
LtLabcoat,cavedave
cavedave,LtLabcoat
cavedave,emul8ter25
cavedave,VoteAlanKelly
VoteAlanKelly,cavedave
Stegasaurus_Wrecks,cavedave
cavedave,VoteAlanKelly
cavedave,Stegasaurus_Wrecks
VoteAlanKelly,cavedave
cavedave,VoteAlanKelly
VoteAlanKelly,cavedave
cavedave,VoteAlanKelly
VoteAlanKelly,cavedave
Stegasaurus_Wrecks,cavedave
cavedave,VoteAlanKelly
VoteAlanKelly,cavedave
