source,sink
beerybeardybear,cavedave
cavedave,beerybeardybear
beerybeardybear,cavedave
cavedave,beerybeardybear
beerybeardybear,cavedave
WikiTextBot,cavedave
cavedave,primepatterns
nucleomancer,cavedave
cavedave,nucleomancer
WikiTextBot,cavedave
FoxyBastard,cavedave
functor7,cavedave
cavedave,functor7
cavedave,TheKing01
Sandalman3000,cavedave
cavedave,Sandalman3000
palordrolap,cavedave
cavedave,palordrolap
cavedave,12remember
cavedave,mnp
12remember,cavedave
cavedave,palordrolap
mnp,cavedave
TheKing01,cavedave
cavedave,palordrolap
SultanLaxeby,cavedave
v12a12,cavedave
cavedave,MotionKing
cavedave,mbhound_
cavedave,Sandalman3000
mbhound_,cavedave
cavedave,Uncerious
Uncerious,cavedave
cavedave,Uncerious
Uncerious,cavedave
cavedave,Uncerious
MotionKing,cavedave
CDfm,cavedave
cavedave,numbuh-0
cavedave,MotionKing
cavedave,bifurcafe
cavedave,CDfm
CDfm,cavedave
cavedave,box_of_carrots
cavedave,Stuck_In_the_Matrix
cavedave,mccannan
mccannan,cavedave
cavedave,khashei
cavedave,grenouille_vert
grenouille_vert,cavedave
cavedave,grenouille_vert
aYANKinEIRE,cavedave
cavedave,Grock23
cavedave,602Zoo
Grock23,cavedave
cavedave,Grock23
PhuckThat,cavedave
cavedave,PhuckThat
cavedave,GiuseppeODonnell
magicmance,cavedave
seaders,cavedave
cavedave,TheBloodyMummers
TheBloodyMummers,cavedave
cavedave,good_one_dickhead
cavedave,Facepalm2infinity
cavedave,sohetellsme
Facepalm2infinity,cavedave
Facepalm2infinity,cavedave
cavedave,Facepalm2infinity
Facepalm2infinity,cavedave
cavedave,Facepalm2infinity
Facepalm2infinity,cavedave
cavedave,Satoyama_Will
cavedave,Satoyama_Will
Satoyama_Will,cavedave
Satoyama_Will,cavedave
6beesknees,cavedave
cavedave,Satoyama_Will
Satoyama_Will,cavedave
cavedave,Satoyama_Will
Satoyama_Will,cavedave
cavedave,FrankieFrisco
stevenglansbergalone,cavedave
rmc,cavedave
MeAsking,cavedave
cavedave,MeAsking
cavedave,CaisLaochach
CaisLaochach,cavedave
cavedave,CaisLaochach
CaisLaochach,cavedave
cavedave,vjaf24
cavedave,totesnotashinnerbot
totesnotashinnerbot,cavedave
cavedave,totesnotashinnerbot
totesnotashinnerbot,cavedave
lbcbtc,cavedave
cavedave,lbcbtc
lbcbtc,cavedave
jkfgrynyymuliyp,cavedave
cavedave,jkfgrynyymuliyp
jkfgrynyymuliyp,cavedave
GeorgieCaseyUnbanned,cavedave
cavedave,GeorgieCaseyUnbanned
Declaration14C,cavedave
cavedave,Declaration14C
Declaration14C,cavedave
cavedave,poolnallinnit
WikiTextBot,cavedave
poolnallinnit,cavedave
cavedave,Waldinian
cavedave,Yerwun
cavedave,Waldinian
cavedave,kris220b
kris220b,cavedave
oneonetwooneonetwo,cavedave
cavedave,N_Johnston
