source,sink
cavedave,pclogos
cavedave,3atcat
3atcat,cavedave
cavedave,syuk
cavedave,maroon_sky
cavedave,radaway
DoorsofPerceptron,cavedave
cavedave,DoorsofPerceptron
cavedave,zenogantner
cavedave,AddemF
cavedave,talkloud
AddemF,cavedave
zenogantner,cavedave
cavedave,AddemF
cavedave,zenogantner
cavedave,talkloud
cavedave,freedomgeek
cavedave,jungisdead
cavedave,shustrik
bad_neighbor,cavedave
cavedave,bad_neighbor
cavedave,harlows_monkeys
bad_neighbor,cavedave
cavedave,TimmyBx
Lakerman,cavedave
HerculePoirot,cavedave
chemistry_teacher,cavedave
zer000,cavedave
cavedave,rigotech
cavedave,ChicagoBurdman
cavedave,blokhead
cavedave,Kragma
cavedave,dmm219
stingray85,cavedave
cavedave,SoPoOneO
forsoothsayi,cavedave
cavedave,forsoothsayi
astrolabe,cavedave
cavedave,astrolabe
DoorsofPerceptron,cavedave
cavedave,DoorsofPerceptron
DoorsofPerceptron,cavedave
cavedave,big_nah
big_nah,cavedave
cavedave,procrastinating_PhD
cavedave,ebolaRETURNS
procrastinating_PhD,cavedave
cavedave,procrastinating_PhD
procrastinating_PhD,cavedave
Theropissed,cavedave
cavedave,Theropissed
cavedave,procrastinating_PhD
cavedave,dontstalkmebro
cavedave,zach_will
cavedave,sendmealink
Theropissed,cavedave
ebolaRETURNS,cavedave
cavedave,ctabone
lordofthejungle,cavedave
cavedave,lordofthejungle
cavedave,ABabyAteMyDingo
lordofthejungle,cavedave
ABabyAteMyDingo,cavedave
cavedave,ABabyAteMyDingo
cavedave,poliphilo
poliphilo,cavedave
theramon,cavedave
cavedave,theramon
theramon,cavedave
cavedave,theramon
theramon,cavedave
corneliusrobot,cavedave
irgs,cavedave
cavedave,jerf
jerf,cavedave
cavedave,jerf
jerf,cavedave
cavedave,jerf
cavedave,herpthederpable
mudkippers,cavedave
cavedave,mudkippers
mantra,cavedave
mudkippers,cavedave
cavedave,mudkippers
cavedave,mantra
cavedave,divor
mcguire150,cavedave
cavedave,mcguire150
mcguire150,cavedave
Hyperion5,cavedave
bradwheeler,cavedave
cavedave,rooktakesqueen
rooktakesqueen,cavedave
cavedave,rooktakesqueen
rooktakesqueen,cavedave
paulydavis,cavedave
cavedave,uncreative_name
uncreative_name,cavedave
cavedave,uncreative_name
uncreative_name,cavedave
contrarianism,cavedave
cavedave,contrarianism
cavedave,contrarianism
cavedave,mayonesa
mayonesa,cavedave
cavedave,Gaelach
dermballs,cavedave
cavedave,Owwmykneecap
cavedave,funhaps
boot20,cavedave
keeklesandwich,cavedave
cavedave,khafra
Boson220,cavedave
khafra,cavedave
cavedave,khafra
cavedave,dabhaid
cavedave,safe_work_for_naught
safe_work_for_naught,cavedave
