source,sink
cavedave,altheahouse
cavedave,mdickw
cavedave,smsc
insert-meme,cavedave
cavedave,Independent
cavedave,insert-meme
aletoledo,cavedave
axord,cavedave
axord,cavedave
cavedave,aletoledo
cavedave,axord
axord,cavedave
cavedave,axord
aletoledo,cavedave
axord,cavedave
cavedave,aletoledo
cavedave,robosatan
Stellato21,cavedave
cavedave,batasrki
batasrki,cavedave
cavedave,batasrki
cavedave,wageslave
cecilkorik,cavedave
cavedave,rednukleus
cavedave,rednukleus
cavedave,sigzero
cavedave,thepipirate
thepipirate,cavedave
cavedave,thepipirate
cavedave,au5lander
rednukleus,cavedave
cavedave,RugerRedhawk
cavedave,rednukleus
cavedave,millstone
rednukleus,cavedave
cavedave,rednukleus
rednukleus,cavedave
cavedave,atlacatl
atlacatl,cavedave
cavedave,atlacatl
atlacatl,cavedave
cavedave,atlacatl
atlacatl,cavedave
cavedave,atlacatl
atlacatl,cavedave
OriginalSyn,cavedave
ryanx27,cavedave
bryn,cavedave
cryogen,cavedave
cavedave,brianchester666
brianchester666,cavedave
Clothos,cavedave
cavedave,Clothos
cavedave,davidw
Clothos,cavedave
cavedave,Clothos
Clothos,cavedave
cavedave,innocentbystander
innocentbystander,cavedave
cavedave,skay
skay,cavedave
cavedave,Mortikhi
Homunculiheaded,cavedave
cavedave,Homunculiheaded
cavedave,turkourjurbs
Reliant,cavedave
panic,cavedave
deepcleansingguffaw,cavedave
cavedave,freshone
cavedave,KiddieFiddler
67tim07crews11,cavedave
r2002,cavedave
Nwallins,cavedave
wk2x,cavedave
cavedave,polyGone
polyGone,cavedave
cavedave,christianjb
paro,cavedave
cavedave,paro
matts2,cavedave
paro,cavedave
cavedave,matts2
toonces,cavedave
splim,cavedave
matts2,cavedave
cavedave,matts2
matts2,cavedave
cavedave,ayrnieu
cavedave,gbacon
cavedave,klyde
klyde,cavedave
cavedave,hex
thrakhath,cavedave
cavedave,thrakhath
cavedave,AnarchoCapitalist
cavedave,craigiest
thrakhath,cavedave
daedpid1,cavedave
cavedave,daedpid1
daedpid1,cavedave
cavedave,daedpid1
NoMoreNicksLeft,cavedave
cavedave,NoMoreNicksLeft
NoMoreNicksLeft,cavedave
cavedave,NoMoreNicksLeft
NoMoreNicksLeft,cavedave
cavedave,NoMoreNicksLeft
NoMoreNicksLeft,cavedave
cavedave,NoMoreNicksLeft
NoMoreNicksLeft,cavedave
cavedave,NoMoreNicksLeft
NoMoreNicksLeft,cavedave
cavedave,NoMoreNicksLeft
NoMoreNicksLeft,cavedave
questionmark,cavedave
6f6,cavedave
cavedave,turkourjurbs
xinhoj,cavedave
cavedave,xinhoj
cavedave,faloose
wutzurproblem,cavedave
cavedave,wutzurproblem
dagfari,cavedave
cavedave,Rhoomba
econous,cavedave
yters,cavedave
cavedave,ferdinand
cavedave,submanifold
