source,sink
cavedave,Minority_of_One
Minority_of_One,cavedave
cavedave,Minority_of_One
cavedave,CDfm
EulerMcEinstein,cavedave
CDfm,cavedave
cavedave,EulerMcEinstein
CDfm,cavedave
TopcatTomki,cavedave
cavedave,PasswordIsntHAMSTER
PasswordIsntHAMSTER,cavedave
cavedave,DitkasMoustache
cavedave,TopcatTomki
cavedave,thrashmetal
cavedave,MrFunkhouser
MrFunkhouser,cavedave
cavedave,Soupynorman
peck3277,cavedave
cavedave,peck3277
peck3277,cavedave
cavedave,Zifnab25
dynamicweight,cavedave
cavedave,dynamicweight
cavedave,scudy-doo
cavedave,Dovienya
Dovienya,cavedave
cavedave,Dovienya
cavedave,aphid43
cavedave,Buckiller
curlyspartan,cavedave
cavedave,bostonvaulter
cavedave,CDfm
CDfm,cavedave
cavedave,CDfm
CDfm,cavedave
cavedave,omegian
CDfm,cavedave
BLUNTYEYEDFOOL,cavedave
cavedave,BLUNTYEYEDFOOL
cavedave,Allthathewrote
pmm314,cavedave
lampshade69,cavedave
cavedave,pmm314
cavedave,lampshade69
pmm314,cavedave
cavedave,pmm314
