source,sink
cavedave,ngroot
ngroot,cavedave
cavedave,Mad_Gouki
Mad_Gouki,cavedave
cavedave,Mad_Gouki
cavedave,Grue
cavedave,godhammre
torrent1337,cavedave
cavedave,torrent1337
cavedave,shaurz
cavedave,LWRellim
Urbatect,cavedave
cavedave,Urbatect
trowserwowser,cavedave
Arguron,cavedave
cavedave,Arguron
Urbatect,cavedave
I_LOVE_IE6,cavedave
cavedave,uzimonkey
slenderdog,cavedave
cavedave,The_Idiot
The_Idiot,cavedave
cavedave,The_Idiot
pubjames,cavedave
cavedave,pubjames
Inspired,cavedave
cavedave,Inspired
mrsolutions,cavedave
cavedave,mrsolutions
shaolingod,cavedave
evrae,cavedave
cavedave,pretz
cavedave,oconostota
cavedave,FrancisC
SaltyBoatr,cavedave
FiL-dUbz,cavedave
JulianMorrison,cavedave
cavedave,lunchladydoris2
cavedave,kurin
kurin,cavedave
cavedave,pozorvlak
pozorvlak,cavedave
cavedave,ChrisRathman
hiffy,cavedave
cavedave,hiffy
hiffy,cavedave
cypherx,cavedave
cavedave,cypherx
shenglong,cavedave
cavedave,Seele
Seele,cavedave
CuntSmellersMegaCorp,cavedave
queus,cavedave
cavedave,queus
queus,cavedave
cavedave,eoliveri
cavedave,winstonsmith
cavedave,joelthelion
joelthelion,cavedave
cavedave,baconn
cavedave,Kijamon
Kijamon,cavedave
Grokmoo,cavedave
cavedave,Grokmoo
Grokmoo,cavedave
Achalemoipas,cavedave
cavedave,Achalemoipas
Achalemoipas,cavedave
cavedave,Achalemoipas
the-wise-fool,cavedave
wozer,cavedave
gregny2002,cavedave
asdfgasf2ds22,cavedave
Korollary,cavedave
