source,sink
cavedave,l2daless
cavedave,furyg3
tablog,cavedave
newliberty,cavedave
cavedave,mordaunt0
mordaunt0,cavedave
cavedave,Tomble
cavedave,_red
cavedave,heptadecagram
cavedave,Psy-Kosh
Psy-Kosh,cavedave
cavedave,another_user_name
cwcc,cavedave
cavedave,cwcc
cavedave,pandemik
cavedave,klavierspieler21
snissn,cavedave
cavedave,snissn
snissn,cavedave
cavedave,jhaluska
jhaluska,cavedave
ffualo,cavedave
cavedave,braclayrab
cavedave,TheCoelacanth
braclayrab,cavedave
cavedave,braclayrab
bonzinip,cavedave
cavedave,bonzinip
braclayrab,cavedave
cavedave,braclayrab
cavedave,Sealbhach
TheOutlawJoseyWales,cavedave
cavedave,TheOutlawJoseyWales
TheOutlawJoseyWales,cavedave
cavedave,TheOutlawJoseyWales
TheOutlawJoseyWales,cavedave
cavedave,TheOutlawJoseyWales
TheOutlawJoseyWales,cavedave
MITchick,cavedave
cavedave,MITchick
cavedave,TheOutlawJoseyWales
cavedave,LambTaco
cavedave,WCJ
cavedave,agconway
agconway,cavedave
d07c0m,cavedave
cavedave,d07c0m
underthelinux,cavedave
cavedave,underthelinux
cavedave,PhilxBefore
cavedave,PhilxBefore
PhilxBefore,cavedave
cavedave,PhilxBefore
