source,sink
WikiTextBot,cavedave
itah,cavedave
AllahAqua,cavedave
cavedave,AllahAqua
TheFreemanLIVES,cavedave
cavedave,uughwhatever
GloriousLeaderBeans,cavedave
cavedave,GloriousLeaderBeans
ResidentMario,cavedave
cavedave,ResidentMario
cavedave,InTheMotherland
cavedave,unsureguy2015
cavedave,SemolinaPilchards
Incindos,cavedave
WBuffet,cavedave
Jokkizlolol,cavedave
cavedave,Jokkizlolol
cavedave,WBuffet
WBuffet,cavedave
cavedave,WBuffet
gianacakos,cavedave
cavedave,gianacakos
SirRedditsALot56,cavedave
gianacakos,cavedave
mattgoldsmith,cavedave
cavedave,gianacakos
gianacakos,cavedave
cavedave,SirRedditsALot56
Manwithyourlamps,cavedave
SirRedditsALot56,cavedave
cavedave,Manwithyourlamps
Manwithyourlamps,cavedave
cavedave,ghostnet
cavedave,thedabking123
cavedave,ChuckieArUrlar
cavedave,sugarhilldt2
cavedave,BathshebaJones
cavedave,mintgreenstrat
mintgreenstrat,cavedave
cavedave,mintgreenstrat
cavedave,ClitDoctorMD
ClitDoctorMD,cavedave
anustretch,cavedave
cavedave,east_lisp_junk
cavedave,countessmeemee
cavedave,DasAutoAsphyxiaVW
DasAutoAsphyxiaVW,cavedave
countessmeemee,cavedave
DasAutoAsphyxiaVW,cavedave
cavedave,countessmeemee
cavedave,raspberry_smoothie
cavedave,uughwhatever
cavedave,perigon
countessmeemee,cavedave
uughwhatever,cavedave
cavedave,countessmeemee
cavedave,uughwhatever
uughwhatever,cavedave
cavedave,uughwhatever
uughwhatever,cavedave
cavedave,Flick_My_Bean_Geoff
WikiTextBot,cavedave
Flick_My_Bean_Geoff,cavedave
cavedave,Flick_My_Bean_Geoff
WikiTextBot,cavedave
Flick_My_Bean_Geoff,cavedave
thepeck,cavedave
cavedave,MrEmeralddragon
cavedave,thepeck
MrEmeralddragon,cavedave
thepeck,cavedave
MrEmeralddragon,cavedave
cavedave,MrEmeralddragon
MrEmeralddragon,cavedave
cavedave,MrEmeralddragon
raspberry_smoothie,cavedave
cavedave,raspberry_smoothie
cavedave,raspberry_smoothie
raspberry_smoothie,cavedave
cavedave,raspberry_smoothie
raspberry_smoothie,cavedave
cavedave,raspberry_smoothie
MisplacedCanadian,cavedave
MrEmeralddragon,cavedave
Scumbag__,cavedave
everywhere_anyhow,cavedave
cavedave,Scumbag__
EJ88,cavedave
cavedave,EJ88
EJ88,cavedave
cavedave,clintworth
cavedave,EJ88
EJ88,cavedave
cavedave,EJ88
IMLOOKINGINYOURDOOR,cavedave
cavedave,IMLOOKINGINYOURDOOR
cavedave,CountBiscuits
jdgood,cavedave
cavedave,jdgood
DasAutoAsphyxiaVW,cavedave
DasAutoAsphyxiaVW,cavedave
cavedave,Gawino
cavedave,perifery
cavedave,MisplacedCanadian
commmander_fox,cavedave
ToTooThenThan,cavedave
nemedmbled,cavedave
cavedave,nemedmbled
cavedave,andyantrim
box_of_carrots,cavedave
andyantrim,cavedave
cavedave,laighneach
billy_of_baskerville,cavedave
cavedave,billy_of_baskerville
WikiTextBot,cavedave
cavedave,zigglezip
stoabstoab,cavedave
cavedave,stoabstoab
cavedave,An_Daghda
collectiveindividual,cavedave
StanleyRiver,cavedave
cavedave,StanleyRiver
cavedave,StanleyRiver
UnconventionalRasp,cavedave
