source,sink
cavedave,small_far_away
small_far_away,cavedave
sweetafton,cavedave
HaroldSeldon,cavedave
Kaiserlicher-Ritter,cavedave
cavedave,Kaiserlicher-Ritter
TheI3east,cavedave
TheI3east,cavedave
cavedave,TheI3east
feedthetroller,cavedave
murphk59,cavedave
cavedave,murphk59
BlackMageMario,cavedave
cavedave,tristes_tigres
TheI3east,cavedave
cavedave,TheI3east
TheI3east,cavedave
cavedave,TheI3east
SamSlate,cavedave
cavedave,SamSlate
TheI3east,cavedave
SamSlate,cavedave
DrXaos,cavedave
cavedave,TheI3east
cavedave,datadotworld
datadotworld,cavedave
CDfm,cavedave
cavedave,Ruxini
ijhnv,cavedave
Ruxini,cavedave
cavedave,Ruxini
Ruxini,cavedave
cheetah7,cavedave
cavedave,ArmCollector
cavedave,Destructor1701
cavedave,lamahorses
cavedave,redproxy
johnydarko,cavedave
johnydarko,cavedave
cavedave,johnydarko
johnydarko,cavedave
grambell789,cavedave
cavedave,grambell789
cavedave,IsThisAllThatIsLeft
cavedave,noelbuttersworth
mattindustries,cavedave
