source,sink
cavedave,lolcats
cavedave,Independent
Independent,cavedave
cavedave,redditcensoredme
cavedave,erebus
evilnight,cavedave
cavedave,coldwarrior
llimllib,cavedave
cavedave,llimllib
llimllib,cavedave
cavedave,llimllib
llimllib,cavedave
cavedave,theundersigned
theundersigned,cavedave
coldwarrior,cavedave
redditcensoredme,cavedave
morner,cavedave
cavedave,coldwarrior
cavedave,GetToTheKarateChoppa
GetToTheKarateChoppa,cavedave
cavedave,GetToTheKarateChoppa
cavedave,GetToTheKarateChoppa
polyparadigm,cavedave
cavedave,jugalator
cavedave,Rsardinia
cavedave,Whisper
cavedave,HeroicLife
cavedave,fjhqjv
fjhqjv,cavedave
cavedave,psogle
cavedave,stcredzero
cavedave,MaximumBob
stcredzero,cavedave
cavedave,stcredzero
stcredzero,cavedave
cavedave,stcredzero
stcredzero,cavedave
cavedave,benjamincanfly
cavedave,mindslight
cavedave,carac
carac,cavedave
cavedave,carac
cavedave,moriquendo
bluGill,cavedave
cavedave,bluGill
moriquendo,cavedave
cavedave,hillahilla
cavedave,snifty
cavedave,NoMoreNicksLeft
NoMoreNicksLeft,cavedave
cavedave,Lucretius
redrover,cavedave
moxiepuff,cavedave
linuxlass,cavedave
uriel,cavedave
cavedave,uriel
uriel,cavedave
cavedave,NoMoreNicksLeft
turkourjurbs,cavedave
NoMoreNicksLeft,cavedave
cavedave,cstoner
azimuth,cavedave
ChunkyLaFunga,cavedave
