source,sink
cavedave,madsravn
tel,cavedave
AlbertEinstim,cavedave
sweetafton,cavedave
cavedave,sweetafton
sweetafton,cavedave
webby_mc_webberson,cavedave
cavedave,CDfm
ropers,cavedave
CDfm,cavedave
happyblanchy,cavedave
cavedave,happyblanchy
cavedave,Choppa790
Choppa790,cavedave
cavedave,Choppa790
cavedave,flodjo
CDfm,cavedave
cavedave,CDfm
CDfm,cavedave
lil_cain,cavedave
lil_cain,cavedave
cavedave,lil_cain
cavedave,lil_cain
lil_cain,cavedave
cavedave,lil_cain
lil_cain,cavedave
ferfecksakes,cavedave
cavedave,lil_cain
evilmaus,cavedave
ferfecksakes,cavedave
cavedave,ferfecksakes
ferfecksakes,cavedave
cavedave,ferfecksakes
ferfecksakes,cavedave
cavedave,ferfecksakes
ferfecksakes,cavedave
CDfm,cavedave
linderspace,cavedave
cavedave,linderspace
linderspace,cavedave
DoTheDew,cavedave
cavedave,linderspace
aaaieee,cavedave
CDfm,cavedave
cavedave,shadowlands339
cavedave,EasternEuropean
kniteli,cavedave
cavedave,my_cat_joe
struckanerve88,cavedave
cavedave,tel
tel,cavedave
cavedave,tel
MurrayBozinski,cavedave
cavedave,MurrayBozinski
MurrayBozinski,cavedave
cavedave,MurrayBozinski
tel,cavedave
cavedave,tel
MurrayBozinski,cavedave
cavedave,MurrayBozinski
statguy,cavedave
tel,cavedave
rottenborough,cavedave
cavedave,rottenborough
efrique,cavedave
cavedave,tel
tel,cavedave
cavedave,YoohooCthulhu
cavedave,LBwayward
YoohooCthulhu,cavedave
cavedave,whatisnanda
cavedave,great-pumpkin
cavedave,froghead123
great-pumpkin,cavedave
cavedave,great-pumpkin
great-pumpkin,cavedave
cavedave,great-pumpkin
cavedave,propaglandist
propaglandist,cavedave
cavedave,propaglandist
cavedave,eleitl
eleitl,cavedave
cavedave,troller10
cavedave,DuckTruck
DuckTruck,cavedave
kapolk,cavedave
cavedave,kapolk
cavedave,AlexFromOmaha
