source,sink
cavedave,rolfr
xtc46,cavedave
cavedave,xtc46
xtc46,cavedave
cavedave,armitages
CDfm,cavedave
cavedave,CDfm
CDfm,cavedave
cavedave,ItsTyrrellYo
Bruncvik,cavedave
cavedave,Bruncvik
plajjer,cavedave
LadyTim,cavedave
CDfm,cavedave
grania17,cavedave
box_of_carrots,cavedave
cavedave,cavedave
cavedave,Wiblert
cavedave,cupofteafather
cupofteafather,cavedave
cavedave,cupofteafather
cupofteafather,cavedave
cavedave,cupofteafather
rmc,cavedave
cavedave,rmc
Mindrust,cavedave
cavedave,Mindrust
cavedave,demechman
demechman,cavedave
Krystof_,cavedave
cavedave,Krystof_
cavedave,AIMMS
cavedave,pojems
ImHalfAwake,cavedave
CDfm,cavedave
cavedave,finyacluck
cdr1122334455,cavedave
Lakehaus,cavedave
cavedave,Lakehaus
cavedave,jmmcd
Lakehaus,cavedave
