source,sink
perigon,cavedave
cavedave,perigon
Warthog_A-10,cavedave
FrHankTree,cavedave
cavedave,FrHankTree
cavedave,Baldybogman
Baldybogman,cavedave
cavedave,Baldybogman
CDfm,cavedave
cavedave,zonination
zonination,cavedave
cavedave,zonination
zonination,cavedave
cavedave,zonination
zonination,cavedave
cavedave,hypd09
hypd09,cavedave
TubasAreFun,cavedave
cavedave,TubasAreFun
cavedave,flashman
cavedave,gurq
cavedave,Civ4ever
cavedave,kellermeyer14
cavedave,Renegade_Meister
cavedave,sleepytoday
sleepytoday,cavedave
cavedave,Renegade_Meister
cavedave,Deplorable_Old_Gregg
Deplorable_Old_Gregg,cavedave
makemusicguitar5150,cavedave
4ndersC,cavedave
RyanAlready,cavedave
cavedave,RyanAlready
cavedave,jbrittles
burf,cavedave
masasuka,cavedave
cavedave,Notaverygoodredditor
4_bit_forever,cavedave
cavedave,MelianErios
cavedave,MelianErios
paerb,cavedave
aeroartist,cavedave
cavedave,aeroartist
AcidFapper,cavedave
ConfusedMoose,cavedave
The_Vyso,cavedave
piyudi,cavedave
polished_iconoclast,cavedave
sensationally,cavedave
cavedave,Dynamiklol
cavedave,SamsAdams
cavedave,plsms
HelperBot_,cavedave
WikiTextBot,cavedave
cavedave,HairyEyebrows
fimari,cavedave
thomasdublin,cavedave
cavedave,thomasdublin
cavedave,ZetaEtaTheta
Nicklefickle,cavedave
SpaceColony,cavedave
cavedave,SpaceColony
dunandoras,cavedave
LordNiebs,cavedave
smurfpiss,cavedave
MagathaMay,cavedave
cavedave,cavedave
CDfm,cavedave
cavedave,CDfm
CDfm,cavedave
cavedave,Nicklefickle
cavedave,MagathaMay
cavedave,dunandoras
dunandoras,cavedave
cavedave,justarandomyoke
heavy_petting,cavedave
cavedave,heavy_petting
cavedave,here2dare
lance812,cavedave
cavedave,louiseber
louiseber,cavedave
cavedave,Iolar7000
Iolar7000,cavedave
cavedave,Iolar7000
Iolar7000,cavedave
cavedave,aintnohooker
Versk,cavedave
Vergehat,cavedave
cavedave,Vergehat
Vergehat,cavedave
CDfm,cavedave
seomra_an_ti,cavedave
CDfm,cavedave
cavedave,CaisLaochach
WikiTextBot,cavedave
