source,sink
cavedave,jezmck
quaternion,cavedave
cavedave,quaternion
cavedave,me0w
quaternion,cavedave
cavedave,quaternion
cavedave,dbabbitt
databuff,cavedave
cavedave,databuff
cavedave,le_chevalier
cavedave,jeanlucpikachu
quail_bird,cavedave
cavedave,christianjb
zck,cavedave
cavedave,dfranke
dfranke,cavedave
databuff,cavedave
halogen1212,cavedave
cavedave,monxcracy
monxcracy,cavedave
cavedave,monxcracy
monxcracy,cavedave
cavedave,monxcracy
monxcracy,cavedave
cavedave,avocadro
avocadro,cavedave
KTBFFH,cavedave
cavedave,27182818284
cavedave,avocadro
cavedave,malarie
NewbieProgrammerMan,cavedave
cavedave,NewbieProgrammerMan
NewbieProgrammerMan,cavedave
cavedave,NewbieProgrammerMan
cavedave,cpdomina
Yelonek,cavedave
cavedave,Yelonek
tst__,cavedave
cavedave,tst__
cavedave,yiyus
cavedave,Hookhand
lukipela,cavedave
MindStalker,cavedave
cavedave,MindStalker
I_divided_by_0-,cavedave
cavedave,eadem_mutata_resurgo
eadem_mutata_resurgo,cavedave
puppiesandjesus,cavedave
cavedave,pixpop
cavedave,hhh333
mynoduesp,cavedave
cavedave,jaggederest
jaggederest,cavedave
cavedave,jaggederest
psychguy,cavedave
drmarcj,cavedave
cavedave,drmarcj
drmarcj,cavedave
cavedave,hughk
cavedave,avocadro
dearsomething,cavedave
SporkOfThor,cavedave
cavedave,dearsomething
cavedave,SporkOfThor
cybersphere9,cavedave
gabgoh,cavedave
sherman42,cavedave
cavedave,gabgoh
cavedave,sherman42
gabgoh,cavedave
cavedave,gabgoh
cavedave,czernebog
cavedave,asdfman123
cavedave,f4hy
cavedave,21echoes
dbconnect,cavedave
demimoore,cavedave
Versk,cavedave
f4hy,cavedave
21echoes,cavedave
cavedave,demimoore
cavedave,Versk
rross,cavedave
cavedave,Aegeus
sonoli,cavedave
cavedave,sonoli
cavedave,Aegeus
cavedave,mrbonglord
swiz0r,cavedave
cavedave,mynoduesp
cavedave,sonoli
mynoduesp,cavedave
sonoli,cavedave
stunt_penguin,cavedave
cavedave,stunt_penguin
cavedave,stunt_penguin
AdShea,cavedave
BlueRock,cavedave
cavedave,BlueRock
BlueRock,cavedave
cavedave,BlueRock
BlueRock,cavedave
cavedave,Guy_Buttersnaps
hoboballs,cavedave
toolman89,cavedave
d07c0m,cavedave
shelbygt500,cavedave
cavedave,shelbygt500
shelbygt500,cavedave
Girldlesproof,cavedave
Kllian,cavedave
cavedave,unkz
cavedave,khafra
khafra,cavedave
cavedave,khafra
khafra,cavedave
cavedave,forever_erratic
howlin,cavedave
