source,sink
cavedave,ChocolateGiddyUppp
ChocolateGiddyUppp,cavedave
cavedave,kingscrusher-youtube
kingscrusher-youtube,cavedave
cavedave,kingscrusher-youtube
kingscrusher-youtube,cavedave
cavedave,albertjrich
cavedave,kingscrusher-youtube
albertjrich,cavedave
ga-p,cavedave
cavedave,greymutt
I_tend_to_correct_u,cavedave
cavedave,hypd09
cavedave,ga-p
cavedave,are_you_being_served
cavedave,nkrera
nkrera,cavedave
DardaniaIE,cavedave
finigian,cavedave
cavedave,sweetafton
cavedave,ebolanurse
ebolanurse,cavedave
cavedave,ebolanurse
dwf,cavedave
visarga,cavedave
cavedave,evc123
evc123,cavedave
cavedave,dyspnea
cavedave,dyspnea
cavedave,cuntais_eile
cuntais_eile,cavedave
cavedave,AgedAardvark
AgedAardvark,cavedave
cavedave,rmlrn
cavedave,AgedAardvark
rmlrn,cavedave
cavedave,kzei
cavedave,dada_
dada_,cavedave
cavedave,dada_
tornato7,cavedave
cavedave,tornato7
TolOfGreatness,cavedave
rzet,cavedave
LatuSensu,cavedave
cavedave,LatuSensu
LatuSensu,cavedave
Ironstien,cavedave
cavedave,Ironstien
UncleBawnya,cavedave
CDfm,cavedave
