source,sink
cavedave,I_Win_Again
I_Win_Again,cavedave
box_of_carrots,cavedave
cavedave,box_of_carrots
box_of_carrots,cavedave
cavedave,box_of_carrots
box_of_carrots,cavedave
xcforlife,cavedave
cavedave,stunt_penguin
cavedave,CUNTBERT_RAPINGTON
eroana,cavedave
drgradus,cavedave
cavedave,ynohoo
ynohoo,cavedave
BoltzmansBrain,cavedave
plassma,cavedave
CDfm,cavedave
tonypotenza,cavedave
cavedave,ion-tom
ion-tom,cavedave
cavedave,dkey1983
dkey1983,cavedave
cavedave,dkey1983
dkey1983,cavedave
cavedave,dkey1983
dkey1983,cavedave
narwi,cavedave
cavedave,narwi
narwi,cavedave
cavedave,narwi
narwi,cavedave
cavedave,gnuvince
CDfm,cavedave
Cenobite,cavedave
khafra,cavedave
cavedave,khafra
khafra,cavedave
brugaltheelder,cavedave
cavedave,brugaltheelder
brugaltheelder,cavedave
cavedave,brugaltheelder
yawnz0r,cavedave
cavedave,yawnz0r
yawnz0r,cavedave
cavedave,yawnz0r
yawnz0r,cavedave
mooglor,cavedave
cavedave,mooglor
mooglor,cavedave
cavedave,ImHalfAwake
cavedave,skytomorrownow
BoltzmansBrain,cavedave
iLEZ,cavedave
colinq,cavedave
smooshypoo,cavedave
cavedave,smooshypoo
cavedave,HarryStrange
HarryStrange,cavedave
