source,sink
cavedave,VindictiveJudge
cavedave,Yuli-Ban
Yuli-Ban,cavedave
superbad,cavedave
cavedave,Yuli-Ban
cavedave,High_Pitch_Eric_
High_Pitch_Eric_,cavedave
Birdinhandandbush,cavedave
CDfm,cavedave
cavedave,Pimealukko
cavedave,ashtray9000
ashtray9000,cavedave
DrOddcat,cavedave
Baldybogman,cavedave
cavedave,Baldybogman
oh_jonas,cavedave
MirkoCroCop,cavedave
cavedave,MirkoCroCop
MirkoCroCop,cavedave
CDfm,cavedave
cavedave,CDfm
CDfm,cavedave
cavedave,oh_jonas
cavedave,JonesyIE_VS
cavedave,Cluecidity
phyneas,cavedave
cavedave,phyneas
KeveK0,cavedave
cavedave,datadotworld
datadotworld,cavedave
idle-,cavedave
datadotworld,cavedave
BrOscarM,cavedave
cavedave,BrOscarM
CDfm,cavedave
pitcairn78,cavedave
cavedave,Tech46
cavedave,Tech46
RealNightshade,cavedave
cavedave,BillionTonsHyperbole
