source,sink
cavedave,Jeqk
cavedave,FuckTheLeftieCunts
james_rockford,cavedave
cavedave,james_rockford
james_rockford,cavedave
cavedave,james_rockford
joealarson,cavedave
cavedave,purewexford
cavedave,joealarson
purewexford,cavedave
joealarson,cavedave
zem,cavedave
cavedave,zem
ninjawasp,cavedave
cavedave,ninjawasp
cavedave,Asurnasurpal
cavedave,Khaaannnnn
strategosInfinitum,cavedave
cavedave,strategosInfinitum
cavedave,Huandil
cavedave,ronnierosenthal
ronnierosenthal,cavedave
strategosInfinitum,cavedave
HacksawJimDGN,cavedave
cavedave,Smokeitout
cavedave,Leviosaugh
Leviosaugh,cavedave
Charyku,cavedave
weezer3989,cavedave
cavedave,weezer3989
sulumits-retsambew,cavedave
foulpudding,cavedave
websnarf,cavedave
cavedave,LuvMeBitch
cavedave,garyspeedjnr
cavedave,Dimethyltrip_to_mars
cavedave,SpaceDetective
