source,sink
Iratus,cavedave
cavedave,Iratus
Iratus,cavedave
voltsampslabs,cavedave
dvs,cavedave
cavedave,dvs
cavedave,Seawolf87
Seawolf87,cavedave
sanity,cavedave
cavedave,sanity
mrgatorboy,cavedave
cavedave,mrgatorboy
mrgatorboy,cavedave
cavedave,mrgatorboy
Andrew-Ryan,cavedave
cavedave,Andrew-Ryan
cavedave,Apocrathia
cavedave,samprimary
Peaker,cavedave
heiferly,cavedave
redditisforsheep,cavedave
cavedave,Peaker
cavedave,duinn
cavedave,ProbablyBelievesIt
ProbablyBelievesIt,cavedave
cavedave,thecrotch
thecrotch,cavedave
cavedave,burketo
burketo,cavedave
cavedave,burketo
sron,cavedave
cavedave,TotoTheDog
cavedave,DSchmitt
cavedave,NitsujTPU
Linlea,cavedave
cavedave,Linlea
cavedave,Guillane
cavedave,Canopy
asdjfsjhfkdjs,cavedave
Imsomniland,cavedave
DSchmitt,cavedave
cavedave,DSchmitt
Canopy,cavedave
DeathBySamson,cavedave
Guillane,cavedave
DSchmitt,cavedave
NitsujTPU,cavedave
cavedave,NitsujTPU
NitsujTPU,cavedave
cavedave,NitsujTPU
Mr_Smartypants,cavedave
NitsujTPU,cavedave
cavedave,NitsujTPU
cavedave,NewsMom
cavedave,temujin64
cavedave,temujin64
cavedave,Turbojelly
Turbojelly,cavedave
cavedave,igor420
cavedave,randomfate
frenchphrasebook,cavedave
cavedave,frenchphrasebook
cavedave,temujin64
Gaelach,cavedave
temujin64,cavedave
ruaidhri,cavedave
cavedave,ruaidhri
cavedave,mehum
ruaidhri,cavedave
oofoe,cavedave
cavedave,oofoe
