source,sink
Ezekiel375,cavedave
fbahr,cavedave
cavedave,JohnMatt
cavedave,gmansilla
cavedave,jlmarr1622
cavedave,prattja8
prattja8,cavedave
cavedave,porkchop_d_clown
Nomikos,cavedave
cavedave,Nomikos
cavedave,B_Provisional
cavedave,Lambda_Rail
cavedave,Jabberwockey
Jabberwockey,cavedave
cavedave,smacksaw
smacksaw,cavedave
cavedave,TheSlinky
cavedave,mesmereyes
cavedave,ialsohaveadobro
chaosfox,cavedave
cavedave,reddell
InfiniteImagination,cavedave
valeriepieris,cavedave
cavedave,valeriepieris
reddell,cavedave
fat_squirrel,cavedave
cavedave,fat_squirrel
cavedave,warrior_king
cavedave,VisIxR
cavedave,throwaway29816234128
happyknownothing,cavedave
RedRebel,cavedave
cavedave,RedRebel
RedRebel,cavedave
VisIxR,cavedave
cavedave,VisIxR
throwaway29816234128,cavedave
cavedave,throwaway29816234128
throwaway29816234128,cavedave
cavedave,throwaway29816234128
cavedave,spilk
cavedave,TheFreemanLIVES
overcaesar,cavedave
cavedave,pauric
cavedave,Hi_Kate
cavedave,segonius
AllenDowney,cavedave
cavedave,Lochmon
cavedave,Starnois
Starnois,cavedave
cavedave,Starnois
Starnois,cavedave
cavedave,Starnois
