source,sink
cavedave,rm999
cavedave,Hwee
cavedave,ultimatt42
ultimatt42,cavedave
cavedave,nccwarp9
btl,cavedave
broohaha,cavedave
cavedave,Omikron
cavedave,broohaha
mangodrunk,cavedave
deinst,cavedave
Slawekk,cavedave
cavedave,mjd
cavedave,mjd
cavedave,Psy-Kosh
Psy-Kosh,cavedave
ealf,cavedave
cavedave,kubalaa
cavedave,chime
Jinbuhuan,cavedave
Jinbuhuan,cavedave
cavedave,pointman
pastanoose,cavedave
cavedave,pastanoose
pastanoose,cavedave
cavedave,pastanoose
cavedave,taejo
cavedave,etoipi
eerock,cavedave
cavedave,HextorFreebish
frutiger,cavedave
cavedave,charlatan
photokeith,cavedave
NoMoreNicksLeft,cavedave
cavedave,NoMoreNicksLeft
thebigbradwolf,cavedave
eleitl,cavedave
cavedave,eleitl
cavedave,thebigbradwolf
eleitl,cavedave
cavedave,Snoron
ultimatt42,cavedave
Antebios,cavedave
cavedave,Shuck
cavedave,Shuck
Shuck,cavedave
kolm,cavedave
Shuck,cavedave
cavedave,kolm
cavedave,bradshawz
cavedave,elemenohpee
bradshawz,cavedave
cavedave,bradshawz
cavedave,NoMoreNicksLeft
NoMoreNicksLeft,cavedave
cavedave,NoMoreNicksLeft
cavedave,randomb0y
randomb0y,cavedave
lolomfgkthxbai,cavedave
cavedave,lolomfgkthxbai
cavedave,jayokay
cavedave,jmmcd
OlympicPirate,cavedave
cavedave,djrocksteady
zem,cavedave
daniels220,cavedave
cavedave,daniels220
daniels220,cavedave
cavedave,daniels220
daniels220,cavedave
cavedave,daniels220
daniels220,cavedave
cavedave,daniels220
daniels220,cavedave
BravoLima,cavedave
one010101,cavedave
