source,sink
jdgood,cavedave
cavedave,doobeedoob
cavedave,jdgood
ZxZxchoc,cavedave
kingofthecrows,cavedave
cartesian_square,cavedave
Doylerps3,cavedave
cavedave,cartesian_square
cavedave,Doylerps3
heiseigo,cavedave
cartesian_square,cavedave
cavedave,cartesian_square
cartesian_square,cavedave
cavedave,cartesian_square
cartesian_square,cavedave
cavedave,cartesian_square
cavedave,Tidhe
Scarr725,cavedave
cartesian_square,cavedave
cavedave,cartesian_square
cavedave,Scarr725
cavedave,N0RTH_K0REA
N0RTH_K0REA,cavedave
cartesian_square,cavedave
cartesian_square,cavedave
cavedave,cartesian_square
cartesian_square,cavedave
cavedave,cartesian_square
mamaBiskothu,cavedave
CaisLaochach,cavedave
cavedave,CaisLaochach
Tescovaluebread,cavedave
cavedave,Tescovaluebread
cavedave,nim_opet
cavedave,tau_tau1234
cavedave,kaphi
cavedave,Pochel
tau_tau1234,cavedave
Revolver512,cavedave
cavedave,tau_tau1234
Zork96,cavedave
cavedave,Zork96
Zork96,cavedave
cavedave,Zork96
vivaldibot,cavedave
cavedave,Dix_x
cavedave,Ed-Dee
Dix_x,cavedave
cavedave,Forvalaka
cavedave,Dix_x
Ed-Dee,cavedave
juronich,cavedave
Dirish,cavedave
Fatortu,cavedave
Carcharodon_literati,cavedave
cavedave,VarysIsAMermaid69
VarysIsAMermaid69,cavedave
cavedave,dodgerh8ter
cavedave,VarysIsAMermaid69
InspectorFuck,cavedave
cavedave,tinyp
cavedave,InspectorFuck
tinyp,cavedave
cavedave,MC_Dickie
cavedave,tinyp
cavedave,kaizervonmaanen
cavedave,op4arcticfox
MC_Dickie,cavedave
cavedave,MC_Dickie
mloclam1444,cavedave
MC_Dickie,cavedave
cavedave,MC_Dickie
FlaviusStilicho,cavedave
WhovianMuslim,cavedave
og_nichander,cavedave
cavedave,Carthagefield
CDfm,cavedave
cavedave,CDfm
CDfm,cavedave
cavedave,fleadh12
cavedave,CDfm
CDfm,cavedave
cavedave,LesEscargots
cavedave,Shy_Misfit
cavedave,Coast2CoastAssBlast
ScofieldM,cavedave
cavedave,ScofieldM
Coast2CoastAssBlast,cavedave
cavedave,Coast2CoastAssBlast
ScofieldM,cavedave
cavedave,sumilkra
cavedave,sumilkra
cavedave,potawatome
potawatome,cavedave
cavedave,potawatome
potawatome,cavedave
sumilkra,cavedave
cavedave,Lanky_Giraffe
HelperBot_,cavedave
cavedave,justarandomyoke
justarandomyoke,cavedave
cavedave,justarandomyoke
GupnZup,cavedave
cavedave,GupnZup
GupnZup,cavedave
Fantastipotomus,cavedave
aidentity,cavedave
cavedave,Fantastipotomus
cavedave,aidentity
aidentity,cavedave
cavedave,aidentity
cavedave,stunt_penguin
stunt_penguin,cavedave
DrCiabatta,cavedave
cavedave,DrCiabatta
DrCiabatta,cavedave
cavedave,decredico
iLauraawr,cavedave
lsdinc,cavedave
cavedave,lsdinc
lsdinc,cavedave
zigglezip,cavedave
cavedave,Satoyama_Will
cavedave,Thelomen_Toblakai
cavedave,Waterboarding4Jesus
Waterboarding4Jesus,cavedave
cavedave,Waterboarding4Jesus
waves-of-the-water,cavedave
cavedave,waves-of-the-water
waves-of-the-water,cavedave
cavedave,bobama123
bobama123,cavedave
cavedave,bobama123
cavedave,SwiftOryx
cavedave,UndauntableThought
cavedave,tau_tau1234
rsynnott2,cavedave
cavedave,rsynnott2
rsynnott2,cavedave
tau_tau1234,cavedave
armagin,cavedave
TheMulattoMaker,cavedave
PythagorasJones,cavedave
raicopk,cavedave
cavedave,PythagorasJones
cavedave,BlitzkriegSock
PythagorasJones,cavedave
cavedave,PythagorasJones
FrHankTree,cavedave
Jester252,cavedave
cavedave,Jester252
Jester252,cavedave
cavedave,Jester252
Jester252,cavedave
cavedave,Jester252
cavedave,Jester252
Jester252,cavedave
Jester252,cavedave
cavedave,Jester252
cavedave,Jester252
Jester252,cavedave
cavedave,Jester252
cavedave,qwazerx
qwazerx,cavedave
cavedave,dudeofedud
cavedave,biggamax
Fritz46,cavedave
cavedave,ThePowerOfFarts
starshitter,cavedave
cavedave,Flick_My_Bean_Geoff
Flick_My_Bean_Geoff,cavedave
cavedave,Flick_My_Bean_Geoff
Flick_My_Bean_Geoff,cavedave
speaksonlythetruth,cavedave
cavedave,speaksonlythetruth
Jester252,cavedave
cavedave,Jester252
Jester252,cavedave
diamondmovement,cavedave
cavedave,cavedave
