source,sink
cavedave,roboduck
cavedave,Rain12913
Rain12913,cavedave
lutusp,cavedave
cavedave,lutusp
whatsheon,cavedave
cavedave,whatsheon
whatsheon,cavedave
cavedave,whatsheon
whatsheon,cavedave
cavedave,whatsheon
cavedave,acornalert
acornalert,cavedave
cavedave,acornalert
acornalert,cavedave
cavedave,dhusk
cavedave,tikhonov
tikhonov,cavedave
ImHalfAwake,cavedave
cavedave,ImHalfAwake
cavedave,exclown
saxly,cavedave
AllDesperadoStation,cavedave
cavedave,saxly
cavedave,AllDesperadoStation
thedeclineirl,cavedave
cavedave,thedeclineirl
thedeclineirl,cavedave
cavedave,thedeclineirl
thedeclineirl,cavedave
cavedave,willis77
the_cat_kittles,cavedave
cavedave,Bucklesman
Bucklesman,cavedave
cavedave,danbhala
cavedave,wydeyes
wydeyes,cavedave
cavedave,wydeyes
cavedave,burning_witch
Scriptorius,cavedave
cavedave,Scriptorius
Scriptorius,cavedave
AerialAmphibian,cavedave
cavedave,AerialAmphibian
godisbacon,cavedave
AerialAmphibian,cavedave
Shrubber,cavedave
cavedave,Shrubber
cassander,cavedave
cavedave,bluegerm
cavedave,MikeHowitzer
cavedave,CodeandOptics
CodeandOptics,cavedave
cavedave,adamwho
cavedave,plumpynutt
TeletextPear,cavedave
cavedave,funnynoveltyaccount
cavedave,BreatheEasyy
cavedave,RockofStrength
agconway,cavedave
cavedave,agconway
