source,sink
cavedave,mostlyemptyspace
data_wombat,cavedave
cavedave,data_wombat
data_wombat,cavedave
elmanchosdiablos,cavedave
JasonVII,cavedave
data_wombat,cavedave
eucr1d,cavedave
cavedave,vili
cavedave,dastram
dastram,cavedave
jkfgrynyymuliyp,cavedave
cavedave,jkfgrynyymuliyp
Nazi_Marxist,cavedave
PabloSeshcobar,cavedave
cavedave,mydogatemyfootwork
_Diskreet_,cavedave
misshirley,cavedave
jauchey,cavedave
cavedave,_Diskreet_
Eddievetters,cavedave
fish-fingered,cavedave
_Diskreet_,cavedave
buster2222,cavedave
Thedarknight1611,cavedave
ParanoidQ,cavedave
DoomMonster,cavedave
cavedave,thatguyfromnewyork
bfmb,cavedave
Tiffany_is_that_you,cavedave
thatguyfromnewyork,cavedave
cavedave,thatguyfromnewyork
thatguyfromnewyork,cavedave
cavedave,thatguyfromnewyork
burstolava,cavedave
cavedave,burstolava
Nuclear_F0x,cavedave
Isdatajointman,cavedave
cavedave,Isdatajointman
htrp,cavedave
danwin,cavedave
WaterSickle,cavedave
JMuells_,cavedave
scayne,cavedave
Transocialist,cavedave
cavedave,scayne
cavedave,JMuells_
cavedave,Transocialist
scayne,cavedave
Deeviant,cavedave
Transocialist,cavedave
Xanny,cavedave
reaperindoctrination,cavedave
kerrigor3,cavedave
cavedave,Xanny
pikk,cavedave
cavedave,kerrigor3
xeonicus,cavedave
cavedave,reaperindoctrination
mostacks,cavedave
cavedave,pikk
cavedave,mostacks
A_Flamboyant_Warlock,cavedave
mannyrav,cavedave
dinglebarry9,cavedave
jkmonty94,cavedave
ponieslovekittens,cavedave
RosemaryFocaccia,cavedave
mostacks,cavedave
Gomonkeyrun,cavedave
memystic,cavedave
Kylesmithers,cavedave
thelostcause8432,cavedave
TwistedRonin,cavedave
FrenchFryCattaneo,cavedave
coupdetacos,cavedave
blindcomet,cavedave
PeeUrPantsNews,cavedave
fatduebz,cavedave
TwilightVulpine,cavedave
Anathos117,cavedave
Complaingeleno,cavedave
brazilliandanny,cavedave
ScrithWire,cavedave
kerrigor3,cavedave
Daxx22,cavedave
RagingSatyr,cavedave
cavedave,RagingSatyr
RagingSatyr,cavedave
SunSh4dow,cavedave
oldneckbeard,cavedave
DrixlRey,cavedave
DrixlRey,cavedave
cavedave,DrixlRey
DrixlRey,cavedave
cleavethebeav,cavedave
cavedave,RagingSatyr
cavedave,SunSh4dow
cavedave,PeeUrPantsNews
cavedave,Complaingeleno
cavedave,DrixlRey
cavedave,kerrigor3
cavedave,brazilliandanny
cavedave,TwilightVulpine
cavedave,FrenchFryCattaneo
cavedave,TwistedRonin
cavedave,memystic
DrixlRey,cavedave
cavedave,RosemaryFocaccia
RagingSatyr,cavedave
cavedave,ponieslovekittens
cavedave,RagingSatyr
RagingSatyr,cavedave
cavedave,DrixlRey
cavedave,RagingSatyr
RagingSatyr,cavedave
DrixlRey,cavedave
cavedave,DrixlRey
DrixlRey,cavedave
stuntaneous,cavedave
yourbodyisapoopgun,cavedave
pm_mba,cavedave
WhiteOutMashups,cavedave
bigfacemedia3,cavedave
thatguy2526,cavedave
punaisetpimpulat,cavedave
Yasea,cavedave
cavedave,Yasea
cavedave,punaisetpimpulat
skyniteVRinsider,cavedave
punaisetpimpulat,cavedave
cavedave,kriskroskris
cavedave,Baldybogman
WikiTextBot,cavedave
cavedave,4_5_6
grogipher,cavedave
cavedave,grogipher
grogipher,cavedave
cavedave,grogipher
grogipher,cavedave
DarrenGrey,cavedave
cavedave,DarrenGrey
DarrenGrey,cavedave
TheJungleVIP,cavedave
cavedave,TruePrimal
Amb_12,cavedave
cavedave,Amb_12
cavedave,MyWifeDontKnowItsMe
jkellz592,cavedave
cavedave,jkellz592
jkellz592,cavedave
cavedave,jkellz592
jkellz592,cavedave
cavedave,jkellz592
jkellz592,cavedave
cavedave,SemperVenari
DTF_20170515,cavedave
cavedave,DTF_20170515
cavedave,gaslightjoe
Nameless_Archon,cavedave
cavedave,Nameless_Archon
WikiTextBot,cavedave
kikimaru024,cavedave
Disappointed_Echoes,cavedave
canigetamilkshakeplz,cavedave
Jean-Porte,cavedave
cavedave,Disappointed_Echoes
cavedave,OnlyWallsOfText
cavedave,canigetamilkshakeplz
eleitl,cavedave
cavedave,eleitl
eleitl,cavedave
vintermann,cavedave
keviniswrong,cavedave
Nameless_Archon,cavedave
Nameless_Archon,cavedave
Nameless_Archon,cavedave
cavedave,BigOneEyedPurpleEmu
cavedave,jh440020
jaredtobin,cavedave
BigOneEyedPurpleEmu,cavedave
cavedave,Vergehat
InfinitelyThirsting,cavedave
JanneJM,cavedave
CDfm,cavedave
cavedave,FJLyons
cavedave,CDfm
eleitl,cavedave
CDfm,cavedave
Refefer,cavedave
Tadhg,cavedave
red_grace,cavedave
cavedave,CaisLaochach
CaisLaochach,cavedave
cavedave,CaisLaochach
CaisLaochach,cavedave
cavedave,CaisLaochach
iamaquantumcomputer,cavedave
cavedave,iamaquantumcomputer
julian88888888,cavedave
cavedave,julian88888888
gabjuasfijwee,cavedave
Revrak,cavedave
oxenoxygen,cavedave
julian88888888,cavedave
shaggorama,cavedave
beeskness420,cavedave
Kautiontape,cavedave
cavedave,Kautiontape
cavedave,julian88888888
CaisLaochach,cavedave
cavedave,CaisLaochach
MyWifeDontKnowItsMe,cavedave
CaisLaochach,cavedave
cavedave,PaleWolf
cavedave,Randomthoughtssss
PaleWolf,cavedave
MagentaSpammer,cavedave
cavedave,MagentaSpammer
ScaldyOnionBag,cavedave
cionn,cavedave
cavedave,SorryWhat
SorryWhat,cavedave
