source,sink
cavedave,DictatorshipWorks
totes_meta_bot,cavedave
DictatorshipWorks,cavedave
cavedave,DictatorshipWorks
cavedave,Stelith61
cavedave,Bloatus2000
Bloatus2000,cavedave
cavedave,Bloatus2000
cavedave,monkeyleavings
lucasfish,cavedave
interactionbill,cavedave
llordlloyd,cavedave
cavedave,Yerwun
cavedave,barafundlebumbler
autowikibot,cavedave
Yerwun,cavedave
cavedave,Yerwun
Yerwun,cavedave
Mary_Mulvihill,cavedave
cavedave,riteturnclyde
cavedave,jeat86
cavedave,TheAnarchitect
cavedave,KimmoS
KimmoS,cavedave
cavedave,severance3
Yerwun,cavedave
cavedave,Moral_Gutpunch
cavedave,siego
cavedave,swhall72
cavedave,Lyteshift
cavedave,Myteus
cavedave,AnotherThroneAway
carbolicsmoke,cavedave
cavedave,Tayto2000
cavedave,KimmoS
cavedave,carbolicsmoke
cavedave,mjaeltbrand
CDfm,cavedave
cavedave,CDfm
AnnMatthews,cavedave
AnnMatthews,cavedave
cavedave,AnnMatthews
AnnMatthews,cavedave
cavedave,AnnMatthews
cavedave,CDfm
CDfm,cavedave
cavedave,ehmaleh
gufcfan,cavedave
cavedave,WhackAMoleE
cavedave,ruaidhri
WhackAMoleE,cavedave
cavedave,WhackAMoleE
WhackAMoleE,cavedave
cavedave,WhackAMoleE
RedPandaDan,cavedave
cavedave,RedPandaDan
ruaidhri,cavedave
cavedave,ruaidhri
cormacocom,cavedave
Banko,cavedave
cavedave,cormacocom
cavedave,robodialer
Glazu,cavedave
cavedave,caffarelli
caffarelli,cavedave
cavedave,caffarelli
cavedave,mylovelyhorse101
Aegeus,cavedave
cavedave,karmanaut
cavedave,FRONTBUM
cavedave,s0phiasays
cavedave,Lastofthemojitoes
s0phiasays,cavedave
cavedave,s0phiasays
cavedave,tashmoo
stamosface,cavedave
cavedave,dieyoubastards
cavedave,awstin
awstin,cavedave
cavedave,TheSewerTank
Yerwun,cavedave
TheSewerTank,cavedave
cavedave,Yerwun
cavedave,knightarnaud
cavedave,TheSewerTank
cavedave,infinitezero8
infinitezero8,cavedave
TheSewerTank,cavedave
cavedave,TheSewerTank
TheSewerTank,cavedave
looeee,cavedave
cavedave,looeee
UnAmerican_Idol,cavedave
yoda43,cavedave
cavedave,brockthesock
brockthesock,cavedave
cavedave,brockthesock
brockthesock,cavedave
cavedave,brockthesock
fezzo,cavedave
cavedave,fezzo
KevZero,cavedave
cavedave,belbivfreeordie
autowikibot,cavedave
CodePervert,cavedave
cavedave,CodePervert
cavedave,Rory_The_Faggot
Rory_The_Faggot,cavedave
cavedave,CanucksFanInDublin
CanucksFanInDublin,cavedave
cavedave,jsunburn
jsunburn,cavedave
Rindfleisch,cavedave
cavedave,Rindfleisch
jsunburn,cavedave
Rindfleisch,cavedave
cavedave,Rindfleisch
cavedave,CDfm
CDfm,cavedave
cavedave,geoffsshorts
cavedave,rwall0105
rwall0105,cavedave
cavedave,rwall0105
geoffsshorts,cavedave
jsunburn,cavedave
cavedave,jsunburn
cavedave,here2dare
ferdbags,cavedave
dee8905,cavedave
cavedave,dee8905
prelsidente,cavedave
cavedave,ImLivingAmongYou
edzillion,cavedave
cavedave,edzillion
edzillion,cavedave
film_guy01,cavedave
cavedave,film_guy01
film_guy01,cavedave
cavedave,film_guy01
cavedave,goltrpoat
cavedave,ItsAConspiracy
roastbeeftacohat,cavedave
cavedave,roastbeeftacohat
roastbeeftacohat,cavedave
cavedave,roastbeeftacohat
roastbeeftacohat,cavedave
cavedave,roastbeeftacohat
roastbeeftacohat,cavedave
