source,sink
cavedave,eamonn33
eamonn33,cavedave
cavedave,Whoopska
cavedave,danwin
cavedave,I2obiN
I2obiN,cavedave
aarondoyle,cavedave
cavedave,jackkerouac81
cavedave,k918
Fudgms,cavedave
cavedave,Fudgms
cavedave,alexmlamb
Fudgms,cavedave
cavedave,Fudgms
DubsNC,cavedave
cavedave,Strawberry_Chores
garrfunkel,cavedave
cavedave,breadandbuttercreek
cavedave,bee_rad
cavedave,GNDHoney
cavedave,Big_Dancer
Big_Dancer,cavedave
Stegasaurus_Wrecks,cavedave
cavedave,99beckett99
cavedave,ZenDragon
thecrazing,cavedave
Mr_Intransigent,cavedave
cavedave,DublinMDThrowaway
CaisLaochach,cavedave
cavedave,CaisLaochach
CaisLaochach,cavedave
cavedave,irishinit
cavedave,anniedejesus87
Eanna5,cavedave
cavedave,Stuck_In_the_Matrix
Stuck_In_the_Matrix,cavedave
JoshfromNazareth,cavedave
cavedave,Leitirmgurl
Leitirmgurl,cavedave
cavedave,finigian
cavedave,TurntSyndrome
the107thcaller,cavedave
cavedave,the107thcaller
cavedave,MagicWade
ogliver,cavedave
cavedave,DiaperBreath
aggressive_serve,cavedave
cavedave,furyousferret
cavedave,Ontain
cavedave,qa2
cavedave,qa2
DiaperBreath,cavedave
cavedave,Lordvaughn92
repetitionofalie,cavedave
cavedave,repetitionofalie
Schlopez,cavedave
