source,sink
cavedave,mycl
catmalogen,cavedave
WhyIsThatImportant,cavedave
cavedave,stubborn_icecube
cavedave,MitchellSalad
Gr1fter,cavedave
cavedave,Gr1fter
cavedave,VandalsStoleMyHandle
cavedave,ItsTyrrellYo
cavedave,Tyrconnel
Tyrconnel,cavedave
cavedave,shovelingtom
quantumsheep,cavedave
fia_bui,cavedave
ClitDoctorMD,cavedave
strategosInfinitum,cavedave
cavedave,CDfm
CDfm,cavedave
zixx,cavedave
heartosay,cavedave
cavedave,Dongface
cavedave,essjay71
RelevantJew,cavedave
cavedave,RelevantJew
monkeyfudge,cavedave
cavedave,monkeyfudge
gapmunky,cavedave
cavedave,gapmunky
