source,sink
cavedave,JoseJimeniz
xkcd_transcriber,cavedave
vanquish46,cavedave
CyberByte,cavedave
mikaandfriends,cavedave
cavedave,Damazein
cogra23,cavedave
Baldybogman,cavedave
ItsTyrrellYo,cavedave
cavedave,ItsTyrrellYo
Shanksdoodlehonkster,cavedave
cavedave,ngenda79
ngenda79,cavedave
TurMoiL911,cavedave
cavedave,ngenda79
cavedave,FoodBeerBikesMusic
mrkopalj,cavedave
Intense_introvert,cavedave
outrider567,cavedave
CDfm,cavedave
cavedave,PurelyApplied
sunpeace,cavedave
collectiveindividual,cavedave
cavedave,bradfordmaster
cavedave,petepuskas
cavedave,gufcfan
cavedave,Famousoriginalme
cavedave,Hey-Bo-bandy
Creabhain,cavedave
cavedave,Creabhain
Stegasaurus_Wrecks,cavedave
gahane,cavedave
cavedave,mamaBiskothu
mamaBiskothu,cavedave
cavedave,mamaBiskothu
cavedave,Histidine
Histidine,cavedave
JonnyRoger,cavedave
cavedave,thestandardtoaster
paddypadpad,cavedave
cavedave,mungoflago
myothercarisawhale,cavedave
cavedave,NewRedditAccount15
NewRedditAccount15,cavedave
cavedave,petepuskas
vodkagoodmeatrotten,cavedave
BlueGrenades,cavedave
cogra23,cavedave
OpportunisticCat,cavedave
BiPolarBulls,cavedave
cavedave,surpy
cavedave,EndlesslyRotatingNed
EndlesslyRotatingNed,cavedave
cavedave,raywj1993
cavedave,ninjawasp
MullerReus,cavedave
cavedave,Velicopher
cavedave,GrifffGreeen
cavedave,n4r9
n4r9,cavedave
cavedave,n4r9
n4r9,cavedave
cavedave,n4r9
Kai_Daigoji,cavedave
