source,sink
cavedave,not_not_sure
not_not_sure,cavedave
cavedave,not_not_sure
not_not_sure,cavedave
cavedave,DarthSpeed
cavedave,not_not_sure
not_not_sure,cavedave
cavedave,not_not_sure
matchewfitz,cavedave
JohnnyMax,cavedave
cavedave,JohnnyMax
cavedave,alexbhill
cavedave,Pwntheon
fedsneighbor,cavedave
cavedave,fedsneighbor
fedsneighbor,cavedave
TriggerTX,cavedave
tedcooke,cavedave
cavedave,sionnach
sionnach,cavedave
cavedave,sionnach
stevengg,cavedave
cavedave,stevengg
cavedave,CDfm
CDfm,cavedave
DarthSpeed,cavedave
