source,sink
CDfm,cavedave
feighery,cavedave
TheCaptainR,cavedave
cavedave,RightWing4Downvotes
cavedave,ShitLordXurious
ShitLordXurious,cavedave
cavedave,ShitLordXurious
ShitLordXurious,cavedave
cavedave,ShitLordXurious
ShitLordXurious,cavedave
cavedave,ShitLordXurious
heath185,cavedave
mavnorman,cavedave
slfnflctd,cavedave
cavedave,coppawallap3
novayazemlya,cavedave
davef,cavedave
WilliamLooby,cavedave
gearlinkage,cavedave
cavedave,hughwphamill
hughwphamill,cavedave
cavedave,hughwphamill
hughwphamill,cavedave
bluest_steel,cavedave
hughwphamill,cavedave
cavedave,hughwphamill
cavedave,bluest_steel
cavedave,hughwphamill
bluest_steel,cavedave
cavedave,bluest_steel
cavedave,midletonics
midletonics,cavedave
cavedave,RedRebel
ShaneQful,cavedave
silver_medalist,cavedave
cavedave,ShaneQful
cavedave,silver_medalist
Jaculate,cavedave
cavedave,Jaculate
pmckizzle,cavedave
silver_medalist,cavedave
cavedave,silver_medalist
silver_medalist,cavedave
cavedave,RickRussellTX
RickRussellTX,cavedave
cavedave,RickRussellTX
autowikibot,cavedave
jctruman,cavedave
RickRussellTX,cavedave
cavedave,RickRussellTX
cavedave,jctruman
bluest_steel,cavedave
cavedave,bluest_steel
Fudgms,cavedave
Seizure_Salad_,cavedave
cavedave,dude142
TweetsInCommentsBot,cavedave
cavedave,gruasty
cavedave,sonic_tower
centralwinger,cavedave
cavedave,centralwinger
cavedave,redsoxaa
cavedave,MiddyMcPinnerson
cavedave,Dawkinist
MiddyMcPinnerson,cavedave
cavedave,MiddyMcPinnerson
Sararil,cavedave
cavedave,_0o0_
Geek0id,cavedave
cavedave,Geek0id
quantumlizard,cavedave
cavedave,quantumlizard
cavedave,UnceasingAnguish
UnceasingAnguish,cavedave
cavedave,UnceasingAnguish
cavedave,Don_Kehote
UnceasingAnguish,cavedave
cavedave,UnceasingAnguish
UnceasingAnguish,cavedave
cavedave,rwbombc
he_must_workout,cavedave
cavedave,WKHR
cavedave,he_must_workout
WKHR,cavedave
cavedave,_garret_
rixuraxu,cavedave
cavedave,rixuraxu
BakersDozen,cavedave
cavedave,BakersDozen
rixuraxu,cavedave
BakersDozen,cavedave
_garret_,cavedave
Adderkleet,cavedave
cavedave,_garret_
cavedave,conormatthews98
Adderkleet,cavedave
conormatthews98,cavedave
cavedave,conormatthews98
conormatthews98,cavedave
abductedabdul,cavedave
n3ver3nder88,cavedave
cavedave,n3ver3nder88
cavedave,nimbuscile
PMmeYourEyewear,cavedave
cavedave,IceBean
IceBean,cavedave
fishsticks40,cavedave
cavedave,ActuallyNot
ActuallyNot,cavedave
Flacid_Fun69,cavedave
cavedave,Burnrate
Ramesses_Deux,cavedave
Bosco_is_a_prick,cavedave
grubberlang,cavedave
Azeroth7,cavedave
autowikibot,cavedave
karlwhitney,cavedave
ninjawasp,cavedave
DrWallowitz,cavedave
cavedave,winstonsmith7
winstonsmith7,cavedave
cavedave,winstonsmith7
winstonsmith7,cavedave
QuestionableEcon,cavedave
cavedave,QuestionableEcon
cavedave,52ndsurvivor
cavedave,DarkSayed
cavedave,moklick
cavedave,techsin101
exatorp,cavedave
SkankinPickle,cavedave
cavedave,Asparagus64
Asparagus64,cavedave
cavedave,Asparagus64
Asparagus64,cavedave
Defengar,cavedave
cavedave,Defengar
Defengar,cavedave
IIIII-----IIIII,cavedave
