source,sink
cavedave,iosjdfla4afsgc2
uriel,cavedave
cavedave,Gusfoo
cavedave,chrisdamato
cavedave,Softcode
Softcode,cavedave
cavedave,CFHQYH
CFHQYH,cavedave
cavedave,CFHQYH
CFHQYH,cavedave
cavedave,zushiba
cavedave,derb
derb,cavedave
zushiba,cavedave
bhal123,cavedave
cavedave,rothbardmises
cavedave,captainthor
cavedave,permaculture
cavedave,khafra
cavedave,neonsphinx
cavedave,jeff0
duus,cavedave
Chandon,cavedave
cavedave,xnormajeanx
monxcracy,cavedave
cavedave,MaxK
cavedave,luster
cavedave,CiXeL
CiXeL,cavedave
cavedave,CiXeL
CiXeL,cavedave
