source,sink
luciansolaris,cavedave
cavedave,luciansolaris
cavedave,taejo
omargard,cavedave
schizobullet,cavedave
taejo,cavedave
cavedave,schizobullet
schizobullet,cavedave
cavedave,schizobullet
Figs,cavedave
cavedave,Figs
taejo,cavedave
Figs,cavedave
cavedave,taejo
jsh,cavedave
cavedave,jperras
bananahead,cavedave
cavedave,bananahead
rz2000,cavedave
ninguem,cavedave
cavedave,ninguem
cavedave,silverionmox
ythomas,cavedave
ardenr,cavedave
ngroot,cavedave
cavedave,ngroot
willis77,cavedave
cavedave,willis77
ninguem,cavedave
jfredett,cavedave
cavedave,Johny5
taejo,cavedave
cavedave,kafka0622
mantra,cavedave
cavedave,mantra
cavedave,hatekillpuke
cavedave,mantra
movzx,cavedave
cavedave,dsl_man
dsl_man,cavedave
cavedave,dsl_man
cavedave,lekahe
cavedave,skimmer
cavedave,kkrev
kkrev,cavedave
Johny5,cavedave
ayrnieu,cavedave
Atomics,cavedave
cavedave,Atomics
cavedave,earthboundkid
earthboundkid,cavedave
USAF_NCO,cavedave
daisy0808,cavedave
cavedave,zem
zem,cavedave
cavedave,zem
cavedave,glmory
cavedave,dmhouse
cavedave,Kcck
spinlock,cavedave
d_ahura,cavedave
cavedave,spinlock
d_ahura,cavedave
Shorel,cavedave
cavedave,Shorel
cavedave,pohart
pohart,cavedave
cavedave,cartooncorpse
aardvarkious,cavedave
cavedave,aardvarkious
joelthelion,cavedave
cavedave,flyafly1
cavedave,think3737
cavedave,deadmantizwalking
deadmantizwalking,cavedave
cavedave,deadmantizwalking
deadmantizwalking,cavedave
cavedave,unrealious
unrealious,cavedave
cavedave,unrealious
unrealious,cavedave
m1ss1ontomars2k4,cavedave
