source,sink
cavedave,johnwallis42
johnwallis42,cavedave
cavedave,satx
barryicide,cavedave
cavedave,jacobiconstant
iamverycanadian,cavedave
redditcensoredme,cavedave
cavedave,redditcensoredme
redditcensoredme,cavedave
cavedave,redditcensoredme
cavedave,OsakaWilson
cavedave,dieselmachine
api,cavedave
cavedave,pahncrd
cavedave,ayrnieu
ayrnieu,cavedave
dabhaid,cavedave
cavedave,Zebby
Zebby,cavedave
cavedave,Zebby
Zebby,cavedave
cavedave,tehxaton
Etab,cavedave
cavedave,Filmore
DoorFrame,cavedave
donaldrobertsoniii,cavedave
cavedave,donaldrobertsoniii
ThisIsDave,cavedave
cavedave,ThisIsDave
brainburger,cavedave
yellowking,cavedave
cavedave,elasticsoul
elasticsoul,cavedave
cavedave,elasticsoul
cavedave,evilwombat
cavedave,shoesbuttback
shoesbuttback,cavedave
cavedave,shoesbuttback
elasticsoul,cavedave
cavedave,robodale
DaDibbel,cavedave
Bloodlustt,cavedave
cavedave,Th3_C0bra
redditcensoredme,cavedave
rsmoling,cavedave
generic_handle,cavedave
base736,cavedave
tfm,cavedave
cavedave,el_jeffe
cavedave,alllie
alllie,cavedave
cavedave,alllie
cavedave,LaurieCheers
LaurieCheers,cavedave
funktio,cavedave
cavedave,funktio
cavedave,vplatt
vplatt,cavedave
cavedave,vplatt
cavedave,awb
pkhuong,cavedave
cavedave,ayrnieu
ayrnieu,cavedave
cavedave,ayrnieu
cavedave,ropers
ropers,cavedave
cavedave,ropers
marthirial,cavedave
cavedave,marthirial
marthirial,cavedave
hukedonfonix,cavedave
ropers,cavedave
ph0rque,cavedave
mturk,cavedave
fnord123,cavedave
eegreg,cavedave
cavedave,GarageMc
