source,sink
cavedave,Packiesla
Packiesla,cavedave
cavedave,Packiesla
Spoonshape,cavedave
CUNTBERT_RAPINGTON,cavedave
Inoku,cavedave
cavedave,Inoku
cavedave,CUNTBERT_RAPINGTON
Inoku,cavedave
pumpkincat,cavedave
cavedave,Inoku
cavedave,pumpkincat
Inoku,cavedave
pumpkincat,cavedave
cavedave,Inoku
Inoku,cavedave
cavedave,pumpkincat
cavedave,Inoku
fc3s,cavedave
cavedave,fc3s
cavedave,OxfordTheCat
CUNTBERT_RAPINGTON,cavedave
cavedave,CUNTBERT_RAPINGTON
CUNTBERT_RAPINGTON,cavedave
LightningGeek,cavedave
cavedave,LightningGeek
pumpkincat,cavedave
jyper,cavedave
cavedave,nukefudge
nukefudge,cavedave
cavedave,nukefudge
daveirl,cavedave
cavedave,daveirl
nukefudge,cavedave
daveirl,cavedave
cavedave,bradamantium92
cavedave,spacedruid
Taenk,cavedave
towerofterror,cavedave
cavedave,matrixor
cavedave,SplinterOfChaos
cavedave,SheepsFanny
SheepsFanny,cavedave
cavedave,SheepsFanny
SheepsFanny,cavedave
cavedave,thedeclineirl
cavedave,magicmance
magicmance,cavedave
mooglor,cavedave
mrsamsa,cavedave
cavedave,mrsamsa
mrsamsa,cavedave
cavedave,mrsamsa
mrsamsa,cavedave
cavedave,mrsamsa
mrsamsa,cavedave
cavedave,MusikPolice
cavedave,fairstranger
fairstranger,cavedave
icekiller22,cavedave
cavedave,icekiller22
cavedave,SpanishAys
icekiller22,cavedave
Lycur,cavedave
VorpalAuroch,cavedave
johnyma22,cavedave
cavedave,johnyma22
TheLeaderIsGood,cavedave
cavedave,TheLeaderIsGood
TheLeaderIsGood,cavedave
cavedave,ineedmoresleep
ineedmoresleep,cavedave
cavedave,ineedmoresleep
cavedave,NorbertDupner
NorbertDupner,cavedave
cavedave,NorbertDupner
cavedave,austenite
