source,sink
cavedave,artman
cavedave,peaty2
cavedave,CoastOfYemen
cavedave,SventheWonderDog
cavedave,mombakkie
zedvaint,cavedave
cavedave,angry_racist_guy
cavedave,pseudosciencepeddler
pseudosciencepeddler,cavedave
cavedave,Jasper1984
Jasper1984,cavedave
cavedave,Jasper1984
cavedave,spelunker
cavedave,mykdavies
mykdavies,cavedave
mantra,cavedave
ropers,cavedave
cavedave,boredparalegal
cavedave,demeteloaf
cavedave,thefugue
cavedave,ertaisi
ertaisi,cavedave
cavedave,ertaisi
ertaisi,cavedave
Skyrmir,cavedave
cavedave,Skyrmir
cavedave,b0b0tiken
b0b0tiken,cavedave
thefugue,cavedave
cavedave,thefugue
Zeurpiet,cavedave
cavedave,Zeurpiet
cavedave,adremeaux
adremeaux,cavedave
thefugue,cavedave
Zeurpiet,cavedave
cavedave,thefugue
cavedave,adremeaux
thefugue,cavedave
cavedave,thefugue
thefugue,cavedave
adremeaux,cavedave
cavedave,adremeaux
Megasphaera,cavedave
adremeaux,cavedave
cavedave,adremeaux
adremeaux,cavedave
cavedave,lutusp
lutusp,cavedave
cavedave,alakazan
cavedave,cwcc
cwcc,cavedave
cavedave,Walls
ScottMeyer,cavedave
cavedave,Mr_Smartypants
cavedave,TheLeaderIsGood
TheLeaderIsGood,cavedave
cavedave,TheLeaderIsGood
TheLeaderIsGood,cavedave
cavedave,abeliangrape
cavedave,Cartosys
cavedave,yoda17
cavedave,mogadsheu
cavedave,surfnsound
cavedave,Solima
hlipschitz,cavedave
Ferrofluid,cavedave
cavedave,kenlubin
swiz0r,cavedave
cavedave,bamfb2
cavedave,iolothebard
iolothebard,cavedave
cavedave,iolothebard
chollida1,cavedave
cavedave,charbo187
charbo187,cavedave
ChristianAAJ,cavedave
cavedave,ChristianAAJ
cavedave,AndrewKemendo
funkygreenthing,cavedave
