source,sink
HotChocies,cavedave
cavedave,HotChocies
Hititandquit,cavedave
DKoala,cavedave
Quebe,cavedave
I2obiN,cavedave
cavedave,Rectangular_Vagina
cavedave,dopplerdog
CDfm,cavedave
EdwardCoffin,cavedave
cavedave,CDfm
philly_fan_in_chi,cavedave
cavedave,EdwardCoffin
CDfm,cavedave
scaevolus,cavedave
cavedave,scaevolus
drummeur,cavedave
cogman10,cavedave
cavedave,mybeard
mybeard,cavedave
cavedave,mybeard
mybeard,cavedave
cavedave,mybeard
cavedave,jackcreambun
relevantusername-,cavedave
cavedave,relevantusername-
khafra,cavedave
RAEpstein,cavedave
kfrei,cavedave
BullNiro,cavedave
EdwardCoffin,cavedave
cavedave,EdwardCoffin
cavedave,EdwardCoffin
CDfm,cavedave
EdwardCoffin,cavedave
cavedave,EdwardCoffin
davef,cavedave
cavedave,Swoopily
Swoopily,cavedave
cavedave,Swoopily
cavedave,valeriekeefe
elmer_the_arse,cavedave
cavedave,elmer_the_arse
alexbro001,cavedave
cavedave,svipdaugr
cavedave,Maukeb
Maukeb,cavedave
Gazz1016,cavedave
cavedave,iamayam
iamayam,cavedave
cavedave,iamayam
newreaderaccount,cavedave
Certhas,cavedave
cavedave,enalios
cavedave,newreaderaccount
Bromskloss,cavedave
cavedave,Bromskloss
