source,sink
cavedave,Maxcactus
whitnone,cavedave
cavedave,whitnone
Phazon,cavedave
cavedave,joelthelion
cavedave,mstoehr
mccoyn,cavedave
kiwidave,cavedave
cavedave,kiwidave
cavedave,alllie
alllie,cavedave
xyphus,cavedave
cavedave,lubricious
cavedave,Rickler
NSMike,cavedave
finisterra,cavedave
cavedave,finisterra
finisterra,cavedave
cavedave,finisterra
cavedave,shitcovereddick
kermityfrog,cavedave
Eugi,cavedave
cavedave,lubricious
cavedave,mysticreddit
mysticreddit,cavedave
cavedave,ferdinand
cavedave,asokoloski
asokoloski,cavedave
cavedave,kru5h
cavedave,0_o
0_o,cavedave
ferdinand,cavedave
cavedave,RugerRedhawk
RugerRedhawk,cavedave
cavedave,RugerRedhawk
FiestaJunction,cavedave
cavedave,mccoyn
cavedave,aceinthehole
locke2002,cavedave
eleitl,cavedave
cavedave,Golfo
pheel_more,cavedave
jlks,cavedave
daveyboy22,cavedave
Golfo,cavedave
cavedave,caknuckle
cavedave,WhoKilledTeddyBear
caknuckle,cavedave
cavedave,surajbarkale
cavedave,rm999
cavedave,glaster
cavedave,dlwh
fragilemachinery,cavedave
cavedave,fragilemachinery
fragilemachinery,cavedave
redditcensoredme,cavedave
redditcensoredme,cavedave
cavedave,redditcensoredme
fingers,cavedave
redditcensoredme,cavedave
cavedave,redditcensoredme
redditcensoredme,cavedave
cavedave,redditcensoredme
MarshallBanana,cavedave
redditcensoredme,cavedave
cavedave,dave_L
cavedave,hynkle
cavedave,shiva777
Nikola_S,cavedave
cavedave,Nikola_S
Nikola_S,cavedave
cavedave,Nikola_S
RedDyeNumber4,cavedave
MarlonBain,cavedave
willis77,cavedave
cov,cavedave
cavedave,MarlonBain
cavedave,willis77
cavedave,cov
JulianMorrison,cavedave
cavedave,JulianMorrison
MarlonBain,cavedave
cavedave,spaceghoti
spaceghoti,cavedave
cavedave,spaceghoti
spaceghoti,cavedave
cavedave,spaceghoti
spaceghoti,cavedave
inigo_montoya,cavedave
cavedave,spaceghoti
spaceghoti,cavedave
cavedave,spaceghoti
spaceghoti,cavedave
cavedave,doyoulikeworms
Subway,cavedave
cavedave,Subway
Subway,cavedave
Shaper_pmp,cavedave
The_Ultimate_Reality,cavedave
cavedave,ooutland
andrew1184,cavedave
cavedave,andrew1184
llanor,cavedave
cavedave,blorg
