source,sink
CDfm,cavedave
cavedave,CDfm
CDfm,cavedave
cogra23,cavedave
cavedave,lost_in_life_34
It_Is1-24PM,cavedave
cavedave,GastonBoykins
GastonBoykins,cavedave
cavedave,GastonBoykins
GastonBoykins,cavedave
cavedave,GastonBoykins
bbqroast,cavedave
cavedave,bbqroast
bbqroast,cavedave
cavedave,bbqroast
GastonBoykins,cavedave
cavedave,GastonBoykins
GastonBoykins,cavedave
cavedave,The_RagingCaucasian
The_RagingCaucasian,cavedave
cavedave,The_RagingCaucasian
Latent_space,cavedave
cavedave,CDfm
CDfm,cavedave
Driveby_Dogboy,cavedave
cavedave,sinshallah
cavedave,kkastner
cavedave,YouAintGotToLieCraig
Lord_Trajan,cavedave
cavedave,Lord_Trajan
cavedave,Lord_Trajan
Lord_Trajan,cavedave
Lord_Trajan,cavedave
cavedave,I_have_arms
cavedave,thestandardtoaster
I_have_arms,cavedave
CDfm,cavedave
cavedave,jmite
cdc143,cavedave
jmite,cavedave
cavedave,jmite
cdc143,cavedave
cavedave,SamplePop
CunningAllusionment,cavedave
abcxyd,cavedave
cavedave,cuspred
cavedave,aminok
aminok,cavedave
cavedave,aminok
sparafucilee,cavedave
Watercrystal,cavedave
Fizzlerr,cavedave
cavedave,Fizzlerr
cavedave,Watercrystal
Fizzlerr,cavedave
