source,sink
linuxlass,cavedave
cavedave,linuxlass
linuxlass,cavedave
cavedave,linuxlass
xsvfan,cavedave
cavedave,xsvfan
xsvfan,cavedave
zeke690,cavedave
cavedave,ferfecksakes
SLDeviant,cavedave
ferfecksakes,cavedave
rmc,cavedave
cavedave,klync
cavedave,dmdude
cavedave,Dev__
cavedave,PilotInspektor
randomb0y,cavedave
PilotInspektor,cavedave
thecastorpastor,cavedave
cavedave,hsfrey
cavedave,CowWithBeef
cavedave,orinocoflow
ImHalfAwake,cavedave
blackstar9000,cavedave
cavedave,blackstar9000
blackstar9000,cavedave
cavedave,blackstar9000
crackalack,cavedave
roodammy44,cavedave
cavedave,crackalack
crackalack,cavedave
cavedave,roger_
cavedave,j-bolt
cavedave,EndOnAnyRoll
irokie,cavedave
b0b0tiken,cavedave
cavedave,b0b0tiken
Chive,cavedave
b0b0tiken,cavedave
cavedave,b0b0tiken
cavedave,bluecoffee
cavedave,ferfecksakes
davef,cavedave
pxsloot,cavedave
cavedave,pxsloot
pxsloot,cavedave
gonzo11,cavedave
cavedave,gonzo11
jcdyer3,cavedave
gonzo11,cavedave
cavedave,Paynekiller
