source,sink
chewxy,cavedave
cavedave,chewxy
dsabeti,cavedave
cavedave,notaquote
cavedave,Enginerd
cavedave,Ingenium21
mynoduesp,cavedave
cavedave,Chive
Orphe,cavedave
cavedave,garretta
cavedave,garretta
cavedave,pedleyr
rsynnott,cavedave
cavedave,rajulkabir
rajulkabir,cavedave
cavedave,rajulkabir
cavedave,mantra
LWRellim,cavedave
ReiToei,cavedave
cavedave,evilpoptart3412
cavedave,patapizza
evilpoptart3412,cavedave
cavedave,scarredwaits
OMouse,cavedave
chadillac83,cavedave
jasonthe,cavedave
otakucode,cavedave
cavedave,duplico
cavedave,HeyItsAge
duplico,cavedave
crocodile32,cavedave
cavedave,norwegiangeek
Pylly,cavedave
cavedave,yogsototh
petewilko,cavedave
cavedave,petewilko
petewilko,cavedave
cavedave,petewilko
cavedave,watoad
cavedave,robeph
robeph,cavedave
cavedave,robeph
cavedave,TheSummarizer
cavedave,engineer_girl
rm999,cavedave
cavedave,rm999
cavedave,blackkettle
blackkettle,cavedave
engineer_girl,cavedave
yermanno,cavedave
cavedave,kleinbl00
brokenearth02,cavedave
kleinbl00,cavedave
cavedave,kleinbl00
LWRellim,cavedave
LWRellim,cavedave
cavedave,PasswordIS09876
cavedave,LWRellim
LWRellim,cavedave
cavedave,mhkaiser
m4caque,cavedave
cavedave,m4caque
m4caque,cavedave
Mr_Smartypants,cavedave
h2omanjace,cavedave
cavedave,h2omanjace
databuff,cavedave
cavedave,SharmaK
SharmaK,cavedave
cavedave,SharmaK
CuilRunnings,cavedave
cavedave,CuilRunnings
SharmaK,cavedave
cavedave,vintermann
cavedave,chillage
cavedave,amesolaire
amesolaire,cavedave
cavedave,amesolaire
vladimirc,cavedave
cavedave,ericarlen
cavedave,catdogg
JulianMorrison,cavedave
cavedave,JohnDunstable
JohnDunstable,cavedave
cavedave,zhivota
cavedave,elus
cavedave,AndrewKemendo
cavedave,yelnatz
xamdam,cavedave
cavedave,nullbot
cavedave,WastedTruth
