source,sink
cavedave,mjk1093
dermballs,cavedave
cavedave,dermballs
solarnexus,cavedave
cavedave,solarnexus
jestinjoy,cavedave
blubloblu,cavedave
cavedave,blubloblu
blubloblu,cavedave
cavedave,motley2
cavedave,AldousHuxley
cavedave,wookietrader
cavedave,xMxSx
cavedave,Jordo141
xMxSx,cavedave
cavedave,xMxSx
cavedave,Dexiro
lazydictionary,cavedave
DoorsofPerceptron,cavedave
xMxSx,cavedave
RunRobotRun,cavedave
cavedave,RunRobotRun
RunRobotRun,cavedave
collidge,cavedave
cavedave,collidge
Dundragon79,cavedave
cavedave,nallar
nallar,cavedave
cavedave,nallar
cavedave,xtc46
cavedave,beej71
rasilvas,cavedave
cavedave,flanflinger
RunRobotRun,cavedave
cavedave,RunRobotRun
flanflinger,cavedave
rivalius13,cavedave
cavedave,zem
cavedave,jellicle
