source,sink
cavedave,Cxan
cavedave,campion_gentian
campion_gentian,cavedave
cavedave,campion_gentian
campion_gentian,cavedave
cavedave,carc
ReMO451,cavedave
cavedave,Tafkas
cavedave,kunjaan
cavedave,zahlman
zahlman,cavedave
implausibleusername,cavedave
cavedave,implausibleusername
implausibleusername,cavedave
cavedave,implausibleusername
cavedave,cavedave
implausibleusername,cavedave
cavedave,cavedave
cavedave,anonemouse2010
cavedave,s7aind
Nebu,cavedave
cavedave,Nebu
redheadjessica,cavedave
dukephoenix,cavedave
cavedave,robinhoode
ellemnopee,cavedave
cavedave,ellemnopee
cavedave,TeamDisrespect
cavedave,HotelCoralEssex
HotelCoralEssex,cavedave
HotelCoralEssex,cavedave
HotelCoralEssex,cavedave
TeamDisrespect,cavedave
cavedave,HotelCoralEssex
cavedave,cavedave
TeamDisrespect,cavedave
TeamDisrespect,cavedave
cavedave,TeamDisrespect
cavedave,deadsnailsociety
cavedave,night_owl
cavedave,wanderingjew
Itisme129,cavedave
cavedave,KineticTheory
urish,cavedave
fraun,cavedave
cavedave,fraun
cavedave,hobbified
cavedave,joshdick
stunt_penguin,cavedave
cavedave,stunt_penguin
stunt_penguin,cavedave
cavedave,grigri
grigri,cavedave
cavedave,khafra
cavedave,chengiz
JStarx,cavedave
cavedave,JStarx
cavedave,Qjet
Qjet,cavedave
