source,sink
cavedave,mythstified
cavedave,JensenUVA
JensenUVA,cavedave
cavedave,whorunit
cavedave,BLUNTYEYEDFOOL
BLUNTYEYEDFOOL,cavedave
marcioapm,cavedave
cavedave,hungry4nuns
my_walls,cavedave
cavedave,my_walls
my_walls,cavedave
hungry4nuns,cavedave
cavedave,stephir0th
cavedave,hungry4nuns
CUNTBERT_RAPINGTON,cavedave
cavedave,my_walls
cavedave,CUNTBERT_RAPINGTON
CUNTBERT_RAPINGTON,cavedave
cavedave,CUNTBERT_RAPINGTON
cavedave,Leet_Noob
JohnTDouche,cavedave
cavedave,Leer10
terafunker,cavedave
cavedave,VM1138
terafunker,cavedave
cavedave,terafunker
Beasty_Glanglemutton,cavedave
cavedave,thewimsey
IvyGold,cavedave
Bodiwire,cavedave
cavedave,Bodiwire
Bodiwire,cavedave
cavedave,grauenwolf
cavedave,viajante31
angstud,cavedave
autowikibot,cavedave
cavedave,jaxbotme
jaxbotme,cavedave
cavedave,Bossman1086
Bossman1086,cavedave
cavedave,Bossman1086
Bossman1086,cavedave
anothertor,cavedave
cavedave,anothertor
cavedave,MonkeyTails33
MonkeyTails33,cavedave
cavedave,MonkeyTails33
adamrgisom,cavedave
anothertor,cavedave
cavedave,adamrgisom
Megatron_McLargeHuge,cavedave
cavedave,Megatron_McLargeHuge
cavedave,mockbalkbawk
cavedave,k-uke
cavedave,johnnywacko
cavedave,CanadianHoser
cavedave,984812
984812,cavedave
cavedave,984812
984812,cavedave
cavedave,984812
cavedave,e2dx
autowikibot,cavedave
cavedave,Versk
Versk,cavedave
cavedave,Versk
Bucklesman,cavedave
cavedave,Bucklesman
ronnierosenthal,cavedave
Bucklesman,cavedave
cavedave,Bucklesman
thesilverpig,cavedave
cavedave,ProGamerGov
cavedave,thesilverpig
thesilverpig,cavedave
HappyGrrl,cavedave
EndOnAnyRoll,cavedave
cavedave,EndOnAnyRoll
Liambp,cavedave
cavedave,Liambp
Gis_A_Maul,cavedave
cavedave,Gis_A_Maul
cavedave,BlueJoshi
cavedave,doubleColJustified
doubleColJustified,cavedave
cavedave,Doozer
cavedave,fstraat
JBlitzen,cavedave
Haversoe,cavedave
cavedave,Haversoe
cavedave,WaitThisIsntDigg
cavedave,mrdeadsniper
mrdeadsniper,cavedave
Haversoe,cavedave
cavedave,Haversoe
RetraRoyale,cavedave
cavedave,RetraRoyale
RetraRoyale,cavedave
RetraRoyale,cavedave
cavedave,RetraRoyale
RetraRoyale,cavedave
cavedave,RetraRoyale
RetraRoyale,cavedave
HeraclitusX,cavedave
mrnovember5,cavedave
mrnovember5,cavedave
cavedave,senti
in_the_fresh,cavedave
cavedave,in_the_fresh
autowikibot,cavedave
autowikibot,cavedave
cavedave,justfuknkillurself
FolkSong,cavedave
cavedave,FolkSong
