source,sink
aidrocsid,cavedave
cavedave,aidrocsid
CDfm,cavedave
cavedave,0rangecoffee
0rangecoffee,cavedave
cavedave,VenusEye
spotlab,cavedave
cavedave,Vercingetorix88
Baron_Benite,cavedave
cavedave,Baron_Benite
Baron_Benite,cavedave
kehoeman,cavedave
cavedave,Baron_Benite
cavedave,kehoeman
Baron_Benite,cavedave
kehoeman,cavedave
maddlabber829,cavedave
cavedave,swimtwobird
swimtwobird,cavedave
cavedave,swimtwobird
mrborgen86,cavedave
cavedave,forcevacum
ReverseWindmill,cavedave
-jute-,cavedave
issmkc,cavedave
shitbird,cavedave
Netgeek-UK,cavedave
cavedave,Netgeek-UK
Netgeek-UK,cavedave
CDfm,cavedave
DelXV,cavedave
cavedave,lirannl
cavedave,DelXV
El_Del_Borgo,cavedave
cavedave,El_Del_Borgo
cavedave,TheBlumBlum
cavedave,Cogswobble
Cosmologicon,cavedave
dopplerdilemma,cavedave
cavedave,dopplerdilemma
bman214,cavedave
cavedave,LeroyWatkins
dopplerdilemma,cavedave
lucy99654,cavedave
AWebDeveloper,cavedave
cavedave,kanhawk
cavedave,lucy99654
Repatriation,cavedave
cavedave,Repatriation
cavedave,RatherBurnThanFade
cavedave,NelsonianB
cavedave,Harkoncito
cavedave,nilhilustfrederi
cavedave,Nato-jenkins
lc_freeze,cavedave
Nato-jenkins,cavedave
cavedave,danubian1
cavedave,neovulcan
DelXV,cavedave
RatherBurnThanFade,cavedave
Ax3m4n,cavedave
cavedave,Chefhole
neovulcan,cavedave
cavedave,redjd777
cavedave,chemspiderthrow
cavedave,JohnTravoltasHair
cavedave,steezy_kap
Fuckenjames,cavedave
geeked_outHyperbagel,cavedave
cavedave,iamrob15
chemspiderthrow,cavedave
cavedave,briansomething
cavedave,jawbuck
cavedave,javahawk
cavedave,booble_dooble
briansomething,cavedave
cavedave,stormguy03
cavedave,Dudley_DoRight__
cavedave,runed_golem
cavedave,BrendamusPrime
cavedave,BabyNapoleons
cavedave,EAnotCPA
cavedave,Srz2
cavedave,EuroTrash69
EuroTrash69,cavedave
cavedave,vin97
cavedave,ghost00013
SkyClap,cavedave
ghost00013,cavedave
iamrob15,cavedave
EAnotCPA,cavedave
BrendamusPrime,cavedave
meatduck12,cavedave
stormguy03,cavedave
javahawk,cavedave
vin97,cavedave
3hackg,cavedave
hakubarudo,cavedave
cavedave,Adamba17
cavedave,SHADOW6
cavedave,NotCharmander
MathLiftingMan,cavedave
cavedave,Sploitspiller
cavedave,Invisible_Light
cavedave,MathLiftingMan
cavedave,PaxTharka
mLalush,cavedave
PaxTharka,cavedave
cavedave,mLalush
cavedave,Moleculartony
cavedave,CharCharGabor
mLalush,cavedave
cavedave,FactsAndData
cavedave,iamonlyoneman
iamonlyoneman,cavedave
cavedave,iamonlyoneman
iamonlyoneman,cavedave
cavedave,iamonlyoneman
cavedave,Friday169
cavedave,courir123
cavedave,4343528
steezy_kap,cavedave
courir123,cavedave
cavedave,gildster
Sploitspiller,cavedave
quantum-quetzal,cavedave
nav13eh,cavedave
cavedave,I_SMELL_A_KARMAWHORE
cavedave,Wittmeister
cavedave,witzerdog
cavedave,vivalarevoluciones
cavedave,ironspyder13
cavedave,NOT_A_NICE_PENGUIN
vivalarevoluciones,cavedave
cavedave,vivalarevoluciones
witzerdog,cavedave
cavedave,witzerdog
witzerdog,cavedave
cavedave,mherr77m
cavedave,BoD80
cavedave,witzerdog
I_SMELL_A_KARMAWHORE,cavedave
BoD80,cavedave
witzerdog,cavedave
mherr77m,cavedave
cavedave,FanOfGoodMovies
cavedave,mherr77m
FanOfGoodMovies,cavedave
cavedave,FanOfGoodMovies
CDfm,cavedave
cavedave,javahawk
cavedave,lost_in_life_34
cavedave,spencer_714
cavedave,rightsaidfred5
cavedave,4343528
intellidumb,cavedave
FanOfGoodMovies,cavedave
cavedave,Lankerway5
rightsaidfred5,cavedave
CovertMonkey,cavedave
Lankerway5,cavedave
luke_in_the_sky,cavedave
cavedave,Uthorr
DrSandbags,cavedave
Uthorr,cavedave
Eireann_Ascendant,cavedave
CDfm,cavedave
cavedave,nukz0r
nukz0r,cavedave
cavedave,nukz0r
nukz0r,cavedave
Eireann_Ascendant,cavedave
cavedave,erg62
erg62,cavedave
cavedave,erg62
chickensandwiche,cavedave
OpenTheBorders,cavedave
