source,sink
summane,cavedave
cavedave,summane
cavedave,CDfm
CDfm,cavedave
Soupynorman,cavedave
Flagyl400,cavedave
cavedave,Flagyl400
CDfm,cavedave
incompetentrobot,cavedave
cavedave,incompetentrobot
cavedave,Rory_The_Faggot
TeutorixAleria,cavedave
cavedave,TeutorixAleria
TeutorixAleria,cavedave
Rory_The_Faggot,cavedave
dan987ie,cavedave
cavedave,Celtinarius
Celtinarius,cavedave
cavedave,Celtinarius
CDfm,cavedave
ramblerandgambler,cavedave
dr_gf,cavedave
cavedave,tom_c
JimmyDeanKNVB,cavedave
CDfm,cavedave
C8-H10-N4-O2,cavedave
I_am_salad,cavedave
alwaysonesmaller,cavedave
mflood,cavedave
cavedave,KirillM
some_q,cavedave
al-assad,cavedave
autowikibot,cavedave
