source,sink
cavedave,Pelusteriano
cavedave,jonpul
theunderstoodsoul,cavedave
Im_English,cavedave
cavedave,Im_English
meson456,cavedave
ValentinWFP,cavedave
thomaswint,cavedave
cavedave,Senno_Ecto_Gammat
cavedave,MAULFURION
kaumaron,cavedave
cavedave,kaumaron
Mizuo___,cavedave
cavedave,coltajerone
cavedave,abmac
Baraboo,cavedave
cavedave,Baraboo
cavedave,mjpenslitbooksgalore
oh-jcb,cavedave
aqj,cavedave
schapman22,cavedave
cavedave,schapman22
cavedave,aqj
cavedave,schapman22
cavedave,oh-jcb
schapman22,cavedave
aqj,cavedave
cavedave,aqj
WorldOfInfinite,cavedave
cavedave,schapman22
aqj,cavedave
cavedave,WorldOfInfinite
schapman22,cavedave
cavedave,aqj
cavedave,emtwo1950
K1nsey6,cavedave
WorldOfInfinite,cavedave
Underbelly,cavedave
EvanLIX,cavedave
Flabsie,cavedave
cavedave,Flabsie
pbskidsgo3,cavedave
serialinterface,cavedave
karatelemon,cavedave
chickenprince92,cavedave
cavedave,Lahmater
cavedave,astrogirl
Senno_Ecto_Gammat,cavedave
Origaminick,cavedave
ggbbttd,cavedave
cavedave,ggbbttd
WikiTextBot,cavedave
ggbbttd,cavedave
cavedave,FRONTBUM
comebackwithmybike,cavedave
cavedave,comebackwithmybike
FRONTBUM,cavedave
comebackwithmybike,cavedave
cavedave,comebackwithmybike
ATR72,cavedave
cavedave,CDfm
cavedave,likeAdrug
CDfm,cavedave
Flick_My_Bean_Geoff,cavedave
cavedave,Flick_My_Bean_Geoff
Flick_My_Bean_Geoff,cavedave
Still_Game,cavedave
cavedave,Flick_My_Bean_Geoff
cavedave,Still_Game
Flick_My_Bean_Geoff,cavedave
cavedave,Flick_My_Bean_Geoff
Still_Game,cavedave
comebackwithmybike,cavedave
Flick_My_Bean_Geoff,cavedave
feedthebear,cavedave
Leitirmgurl,cavedave
Takseen,cavedave
BadGoyWithAGun,cavedave
cavedave,BadGoyWithAGun
BadGoyWithAGun,cavedave
cavedave,BadGoyWithAGun
cavedave,heiseigo
heiseigo,cavedave
adj0nt47,cavedave
topologyrulz,cavedave
Mahat,cavedave
efatih55,cavedave
cavedave,efatih55
MdeGrasseBison,cavedave
efatih55,cavedave
cavedave,efatih55
efatih55,cavedave
cavedave,efatih55
cavedave,theoldkitbag
theoldkitbag,cavedave
cavedave,theoldkitbag
theoldkitbag,cavedave
cavedave,theoldkitbag
theoldkitbag,cavedave
cavedave,theoldkitbag
theoldkitbag,cavedave
cavedave,theoldkitbag
theoldkitbag,cavedave
Yerwun,cavedave
Vergehat,cavedave
