source,sink
cavedave,fourteatoo
fourteatoo,cavedave
cavedave,fourteatoo
cavedave,eleitl
eleitl,cavedave
Dante2005,cavedave
cavedave,Dante2005
cavedave,anonemouse2010
anonemouse2010,cavedave
cavedave,anonemouse2010
cavedave,anonemouse2010
cavedave,anonemouse2010
cavedave,anonemouse2010
HaMMeReD,cavedave
fourteatoo,cavedave
cavedave,rm999
cavedave,tepidpond
rm999,cavedave
cavedave,mrgames2
cavedave,TheWalruss
TheWalruss,cavedave
borick,cavedave
cavedave,Chive
cavedave,jamesallen74
StabsWithBricks,cavedave
cavedave,arkanus
RichKatz,cavedave
cityofpurp,cavedave
arkanus,cavedave
cavedave,arkanus
cavedave,cityofpurp
arkanus,cavedave
cavedave,arkanus
arkanus,cavedave
cavedave,loltrader
loltrader,cavedave
cavedave,loltrader
cavedave,elelias
cavedave,cavedave
elelias,cavedave
Skyrmir,cavedave
cavedave,Skyrmir
loltrader,cavedave
neondei,cavedave
cavedave,loltrader
cavedave,neondei
loltrader,cavedave
neuromonkey,cavedave
Skyrmir,cavedave
dhbanes,cavedave
cavedave,dhbanes
Metacognition,cavedave
cavedave,Metacognition
Metacognition,cavedave
cavedave,enkiam
enkiam,cavedave
choad,cavedave
cavedave,choad
cavedave,enkiam
enkiam,cavedave
dhbanes,cavedave
cavedave,dhbanes
cavedave,enkiam
wtfftw,cavedave
enkiam,cavedave
cavedave,enkiam
enkiam,cavedave
cavedave,enkiam
enkiam,cavedave
cavedave,thorgodofthunder
christianjb,cavedave
thorgodofthunder,cavedave
cavedave,visarga
cavedave,SomeIrishGuy
cavedave,adrianix
cavedave,G_Morgan
G_Morgan,cavedave
CharlieDancey,cavedave
skurk,cavedave
cavedave,skurk
SomeIrishGuy,cavedave
captainly_obvious,cavedave
cavedave,SomeIrishGuy
cavedave,GreenStrong
gfixler,cavedave
GrokThis,cavedave
cavedave,TopRamen713
cavedave,booc0mtaco
night_owl,cavedave
cavedave,BobHHowell
Pr4370r1u5,cavedave
cavedave,Pr4370r1u5
cavedave,Turil
Turil,cavedave
mycleverusername,cavedave
slapchopsuey,cavedave
cavedave,slapchopsuey
szopin,cavedave
cavedave,budalicious
eoinmadden,cavedave
ruaidhri,cavedave
cavedave,ruaidhri
ruaidhri,cavedave
cavedave,ruaidhri
cavedave,kolm
kolm,cavedave
cavedave,kolm
cavedave,Burbulous
cavedave,jojoko
kolm,cavedave
deadapostle,cavedave
jojoko,cavedave
cavedave,jojoko
ST2K,cavedave
US_Hiker,cavedave
cavedave,Arnoldsideways
cavedave,khafra
cavedave,astrange
Pyroguy,cavedave
andyhefner,cavedave
cavedave,andyhefner
SarahC,cavedave
SarahC,cavedave
supersauce,cavedave
cavedave,supersauce
cavedave,desmondo
folkTheory,cavedave
cavedave,folkTheory
trisweb,cavedave
khafra,cavedave
cavedave,FallingSnowAngel
FallingSnowAngel,cavedave
dunmalg,cavedave
cavedave,dunmalg
venicerocco,cavedave
JStarx,cavedave
cavedave,bluecoffee
willis77,cavedave
cavedave,Metacognition
Metacognition,cavedave
cavedave,ItsAConspiracy
dioltas,cavedave
cavedave,caks
caks,cavedave
cavedave,incredulitor
cavedave,SleepingSheeple
electromarsch,cavedave
hadhubhi,cavedave
cavedave,Jasper1984
Jasper1984,cavedave
cavedave,Jasper1984
Jasper1984,cavedave
cavedave,lucasvb
cavedave,brainiac256
cavedave,Tatsu23456
cavedave,aaaxxxlll
cavedave,kiwidrew
HMG-CoAReductase,cavedave
cavedave,HMG-CoAReductase
TheMovement,cavedave
cavedave,brownbear
