source,sink
Dara17,cavedave
flanflinger,cavedave
cavedave,Dara17
thelepo,cavedave
shneakynaggin,cavedave
cavedave,thelepo
cavedave,shneakynaggin
ntxhhf,cavedave
timpidiot,cavedave
cavedave,timpidiot
cavedave,ntxhhf
Dev__,cavedave
Flagyl400,cavedave
cavedave,Dev__
cavedave,Flagyl400
Flagyl400,cavedave
cavedave,Flagyl400
Flagyl400,cavedave
cavedave,Flagyl400
Flagyl400,cavedave
kinseyeire,cavedave
cavedave,Flagyl400
cavedave,kinseyeire
ObsessiveMathsFreak,cavedave
cavedave,ObsessiveMathsFreak
Flagyl400,cavedave
Ioun,cavedave
cavedave,Ioun
Benji_Walton,cavedave
Benji_Walton,cavedave
cavedave,Benji_Walton
cavedave,Benji_Walton
Benji_Walton,cavedave
irish_joker,cavedave
cavedave,irish_joker
cavedave,eire1228
Rory_The_Faggot,cavedave
larjew,cavedave
cavedave,larjew
cavedave,phyzome
phyzome,cavedave
cavedave,phyzome
Yearlaren,cavedave
cavedave,Migeycan87
cavedave,500Rads
anon338,cavedave
Pylons,cavedave
Sanfranci,cavedave
cavedave,Sanfranci
DrXaos,cavedave
Sanfranci,cavedave
cavedave,Sanfranci
Sanfranci,cavedave
cavedave,Bob9999999999999
Bob9999999999999,cavedave
randomfact8472,cavedave
cavedave,randomfact8472
randomfact8472,cavedave
cavedave,clive892
cavedave,TexasLonghornz
swiftb3,cavedave
cavedave,swiftb3
CDfm,cavedave
cavedave,CDfm
CDfm,cavedave
cavedave,corathus59
cavedave,EvilRobotUsses
IDontOwnReddit,cavedave
IDontOwnReddit,cavedave
cavedave,IDontOwnReddit
Precursor2552,cavedave
cavedave,Precursor2552
mixturemash,cavedave
Thecna2,cavedave
TheFreeYankee,cavedave
OPDelivery_Service,cavedave
MUHAHAHA55,cavedave
cavedave,MUHAHAHA55
cavedave,CDfm
sarcasticmrfox,cavedave
cavedave,ramsesniblick3rd
cavedave,SemolinaChessNut
DrJohnFever,cavedave
ramsesniblick3rd,cavedave
cavedave,DrJohnFever
golyadkin,cavedave
cavedave,golyadkin
finigian,cavedave
cavedave,finigian
calm00,cavedave
calm00,cavedave
cavedave,ronnierosenthal
cavedave,calm00
davef,cavedave
CanuckinDublin,cavedave
aarong9224,cavedave
FRONTBUM,cavedave
cavedave,Number_28
DatJazz,cavedave
cavedave,FRONTBUM
rymenocerous,cavedave
cavedave,rymenocerous
cavedave,canausernamebetoolon
Telionis,cavedave
cavedave,Telionis
cavedave,kenetha65
cavedave,ruaidhri
Silence_Dobad,cavedave
cavedave,ModeofAction
cavedave,satori1289
cavedave,TheSpoofFairy
KapiTod,cavedave
satori1289,cavedave
cavedave,KapiTod
KapiTod,cavedave
cavedave,KapiTod
DaithiOMaolmhuaidh,cavedave
cavedave,rydan
autowikibot,cavedave
BeatlesForSale,cavedave
cavedave,NullVar
strawmannequin,cavedave
Astrum91,cavedave
CDfm,cavedave
cavedave,Astrum91
cavedave,ContiGhostwood
cavedave,rmc
JohnOO,cavedave
silver_medalist,cavedave
cavedave,silver_medalist
gerrowadat,cavedave
cavedave,gerrowadat
gerrowadat,cavedave
cavedave,gerrowadat
cavedave,Astrum91
cavedave,FlamingNipplesOfFire
FlamingNipplesOfFire,cavedave
cavedave,FlamingNipplesOfFire
FlamingNipplesOfFire,cavedave
cavedave,theodorAdorno
Graspar,cavedave
neutralinostar,cavedave
cavedave,neutralinostar
cavedave,BugbearsRUs
theodorAdorno,cavedave
jphamlore,cavedave
cavedave,jphamlore
cavedave,throwawayp1zza
