source,sink
cavedave,DRMacIver
cstross,cavedave
tebee,cavedave
towo,cavedave
cavedave,horsepills
cavedave,Monkey_Town
Monkey_Town,cavedave
cavedave,CDfm
CDfm,cavedave
cavedave,protagonic
cavedave,goltrpoat
goltrpoat,cavedave
cavedave,goltrpoat
cavedave,strategosInfinitum
CaisLaochach,cavedave
cavedave,CaisLaochach
mwtalbert,cavedave
cavedave,mwtalbert
CaisLaochach,cavedave
cavedave,CaisLaochach
CaisLaochach,cavedave
Atyzze,cavedave
cavedave,Atyzze
MiEsAmericano,cavedave
cavedave,MiEsAmericano
protagonic,cavedave
cavedave,ploucroux
ploucroux,cavedave
cavedave,ploucroux
ploucroux,cavedave
GoodLuckAir,cavedave
Arges,cavedave
cavedave,Arges
Arges,cavedave
Arges,cavedave
Salamosam,cavedave
cavedave,Homo_sapiens
Homo_sapiens,cavedave
cavedave,GoodLuckAir
cavedave,hctet
cavedave,vanoccupanther
hctet,cavedave
Verify_23,cavedave
cavedave,Verify_23
Rory_The_Faggot,cavedave
cavedave,latebaroque
latebaroque,cavedave
starlinguk,cavedave
rakista,cavedave
cavedave,cavedave
cavedave,acegibson
acegibson,cavedave
cavedave,simpleuser
freespace,cavedave
ameoba,cavedave
Platypuskeeper,cavedave
scu42,cavedave
cavedave,thefuturist1337
cavedave,TooSmalley
thefuturist1337,cavedave
TooSmalley,cavedave
cavedave,TooSmalley
WhiteGhost,cavedave
cavedave,WhiteGhost
cavedave,xtc46
xtc46,cavedave
pintsofguinness,cavedave
cavedave,pintsofguinness
pintsofguinness,cavedave
cavedave,pintsofguinness
cavedave,sje46
cavedave,Accelerator
rocketman0739,cavedave
rocketman0739,cavedave
cavedave,rocketsocks
MestR,cavedave
cavedave,eoin2017
eoin2017,cavedave
cavedave,eoin2017
eoin2017,cavedave
