source,sink
cavedave,glitchbent
cavedave,anonemouse2010
anonemouse2010,cavedave
cavedave,anonemouse2010
anonemouse2010,cavedave
cavedave,AndrewKemendo
mmmmmmmike,cavedave
ferfecksakes,cavedave
cavedave,ferfecksakes
Fjordo,cavedave
cavedave,Fjordo
ronopotamus,cavedave
cavedave,ronopotamus
visarga,cavedave
cavedave,visarga
badlarry001,cavedave
cavedave,badlarry001
badlarry001,cavedave
cavedave,borez
cavedave,cavedave
cavedave,Ivashkin
Ivashkin,cavedave
Chive,cavedave
porlov,cavedave
theswedishshaft,cavedave
cavedave,theswedishshaft
U747,cavedave
cavedave,le_squiggle
cavedave,Skilbride
lackofoxygen,cavedave
cavedave,lackofoxygen
cavedave,RogueEagle
cavedave,Wapook
Wapook,cavedave
makemeking706,cavedave
cavedave,ofsinope
cavedave,otakucode
cavedave,whatgoodisaroad
cavedave,UberGimp
UberGimp,cavedave
cavedave,_defunkt_
_defunkt_,cavedave
cavedave,_defunkt_
VitaminP,cavedave
cavedave,VitaminP
VitaminP,cavedave
cavedave,VitaminP
cavedave,farful
cavedave,FuzzzWuzzz
lackofoxygen,cavedave
cavedave,lackofoxygen
cavedave,ComradePotato
cavedave,frownyface
g33n,cavedave
cavedave,g33n
cavedave,xeriscaped
otakucode,cavedave
cavedave,otakucode
cavedave,otakucode
cavedave,harrisonbeaker
harrisonbeaker,cavedave
otakucode,cavedave
cavedave,AkumaBajen
AkumaBajen,cavedave
cavedave,danny
theswedishshaft,cavedave
cavedave,Slartibartfastibast
mikro2nd,cavedave
lispchainsawmassacre,cavedave
cavedave,mikro2nd
cavedave,Democritus477
wnoise,cavedave
cavedave,wnoise
mikro2nd,cavedave
cavedave,mikro2nd
mikro2nd,cavedave
