source,sink
cavedave,ZorbaTHut
ZorbaTHut,cavedave
cavedave,ZorbaTHut
ZorbaTHut,cavedave
cavedave,ZorbaTHut
cavedave,dirtyuncleron69
Legollama,cavedave
cavedave,R3g
cavedave,R3g
Lordaj92,cavedave
cavedave,derwisch
cavedave,ruaidhri
cavedave,bautin
bautin,cavedave
cavedave,bautin
bautin,cavedave
cavedave,bautin
barsoap,cavedave
Independent,cavedave
cavedave,Independent
Independent,cavedave
ReiToei,cavedave
cavedave,JakDrako
lil_cain,cavedave
cavedave,nuttyalmond
nuttyalmond,cavedave
cavedave,nuttyalmond
kaggle,cavedave
cavedave,mrgatorboy
cavedave,kaggle
kaggle,cavedave
cavedave,clumma
kaggle,cavedave
kungfulkoder,cavedave
sionnach,cavedave
elvisliveson,cavedave
ChaosBeast,cavedave
ContentWithOurDecay,cavedave
cavedave,irokie
cavedave,so_hologramic
cavedave,frambles
so_hologramic,cavedave
cavedave,so_hologramic
ironiridis,cavedave
cavedave,reddilada
kpw1179,cavedave
cavedave,rchase
chmown,cavedave
cavedave,chmown
chmown,cavedave
hrafnkell,cavedave
cavedave,hrafnkell
epicmoustache,cavedave
cavedave,himynameistony
cavedave,heather-in-ca
Iratus,cavedave
jplvhp,cavedave
