source,sink
cavedave,travisA
cavedave,chub79
cavedave,Hebejebelus
Hebejebelus,cavedave
cavedave,elus
cavedave,mooglor
cavedave,alllie
cavedave,Zorak
cavedave,Brank_Manderbeak
cavedave,internet_celebrity
chiphead2332,cavedave
cavedave,j1mb0
cavedave,HawkUK
j1mb0,cavedave
cavedave,j1mb0
cavedave,kilimanjaro
j1mb0,cavedave
cavedave,xmnstr
cavedave,adamwho
adamwho,cavedave
cavedave,adamwho
cavedave,decisionstats
cavedave,spencewah
cavedave,gwern
cavedave,urish
cavedave,level1
level1,cavedave
cavedave,MrTypie
waxpoet,cavedave
cavedave,waxpoet
cavedave,Ardentfrost
cavedave,xamdam
highlanderheavy,cavedave
cavedave,offtoChile
cavedave,binix
binix,cavedave
thecrotch,cavedave
cavedave,binix
binix,cavedave
cavedave,binix
binix,cavedave
