source,sink
cavedave,lexxed
cavedave,AnythingApplied
cavedave,cavedave
AnythingApplied,cavedave
cavedave,AnythingApplied
cavedave,Duck_Avenger
Duck_Avenger,cavedave
cavedave,SLDeviant
rudie48,cavedave
cavedave,rudie48
cavedave,rudie48
lil_cain,cavedave
cavedave,lil_cain
rudie48,cavedave
cavedave,rudie48
cavedave,georedd
SubsSoFastuFreak,cavedave
cavedave,SubsSoFastuFreak
SubsSoFastuFreak,cavedave
cavedave,SubsSoFastuFreak
SubsSoFastuFreak,cavedave
cavedave,SubsSoFastuFreak
cavedave,arnedh
greg94080,cavedave
cavedave,greg94080
cavedave,daydreamdrunk
mantra,cavedave
cavedave,mantra
MuncherOfSpleens,cavedave
cavedave,MuncherOfSpleens
cavedave,TerraByte
cavedave,Hebejebelus
Hebejebelus,cavedave
TerraByte,cavedave
cavedave,Hebejebelus
Hebejebelus,cavedave
cavedave,Hebejebelus
cavedave,lagayascienza
cavedave,blackkettle
jhaluska,cavedave
Gusfoo,cavedave
cavedave,Gusfoo
Gusfoo,cavedave
cavedave,adamwho
cavedave,BlackSquirrel
KBPrinceO,cavedave
cavedave,wnoise
Doctor,cavedave
cavedave,Jack9
Jack9,cavedave
orangepotion,cavedave
cavedave,orangepotion
orangepotion,cavedave
cavedave,nickem
Avagad,cavedave
cavedave,Avagad
Avagad,cavedave
cavedave,Avagad
Avagad,cavedave
cavedave,Avagad
Avagad,cavedave
cavedave,Avagad
noPENGSinALASKA,cavedave
cavedave,rockinchizel
rockinchizel,cavedave
cavedave,rockinchizel
roknir,cavedave
rockinchizel,cavedave
cavedave,roknir
cavedave,rockinchizel
cavedave,blubloblu
cavedave,Catten
Catten,cavedave
sweetafton,cavedave
cavedave,sweetafton
cavedave,Mikey129
cavedave,noob09
msghmr,cavedave
cavedave,ipha
cavedave,omega2079
cavedave,G_Morgan
ipha,cavedave
cavedave,oorza
elbekko,cavedave
cavedave,TheNewAndy
cavedave,Supersnazz
Supersnazz,cavedave
cavedave,Supersnazz
tinou,cavedave
Supersnazz,cavedave
cavedave,tinou
cavedave,Supersnazz
cavedave,troelskn
cavedave,Bhima
khafra,cavedave
80b,cavedave
Supersnazz,cavedave
cavedave,denimboy
cavedave,denimboy
