source,sink
DublinBen,cavedave
discogravy,cavedave
matts2,cavedave
cavedave,The3rdWorld
The3rdWorld,cavedave
cavedave,The3rdWorld
cavedave,thedrew
thedrew,cavedave
Silly_Hats_Only,cavedave
cavedave,Silly_Hats_Only
Silly_Hats_Only,cavedave
The3rdWorld,cavedave
Premislaus,cavedave
cavedave,deborahdelong
cavedave,Cosmologicon
Rhomnousia,cavedave
cavedave,Frencil
julesjacobs,cavedave
cavedave,julesjacobs
julesjacobs,cavedave
cavedave,ridik_ulass
ridik_ulass,cavedave
cavedave,ridik_ulass
ridik_ulass,cavedave
cavedave,ridik_ulass
shigawire,cavedave
cavedave,shigawire
noroom,cavedave
cavedave,noroom
barnacle-station,cavedave
mordecailee,cavedave
KevinJD,cavedave
cavedave,drakeg4
cavedave,ivosaurus
cavedave,KevZero
cavedave,rotzooi
manliness,cavedave
cavedave,manliness
cavedave,U747
cionn,cavedave
manliness,cavedave
cavedave,yawnz0r
eoin2000,cavedave
cavedave,TheLeaderIsGood
TheLeaderIsGood,cavedave
davebees,cavedave
cavedave,davebees
cavedave,couvre
cavedave,mooglor
DKoala,cavedave
cavedave,KontraMantra
KontraMantra,cavedave
cavedave,KontraMantra
cavedave,Mute2120
Mute2120,cavedave
cavedave,Mute2120
broadcloak,cavedave
Anonymous_Bosch,cavedave
alanpost,cavedave
cavedave,alanpost
