source,sink
cavedave,kunjaan
kunjaan,cavedave
hajk,cavedave
cavedave,tekwrecfix
tekwrecfix,cavedave
cavedave,tekwrecfix
tekwrecfix,cavedave
cavedave,counterfeit_coin
cavedave,prof_hobart
rainman_104,cavedave
cavedave,rainman_104
prof_hobart,cavedave
cavedave,prof_hobart
cavedave,bloxxom
prof_hobart,cavedave
cavedave,prof_hobart
cavedave,googletrickedme
prof_hobart,cavedave
cavedave,prof_hobart
prof_hobart,cavedave
cavedave,prof_hobart
rainman_104,cavedave
prof_hobart,cavedave
cavedave,Shadowhand
cavedave,Mark4483
cavedave,HardwareLust
cavedave,Mark4483
cavedave,mossblaser
mossblaser,cavedave
cavedave,JimH10
cavedave,czntix05
cavedave,ranscot
chaconne,cavedave
cavedave,chaconne
cavedave,commonlawadmin
cavedave,Atomics
Atomics,cavedave
cavedave,Atomics
DaPM,cavedave
cavedave,DaPM
joncash,cavedave
JeebusWept,cavedave
cavedave,JeebusWept
cavedave,DaPM
DaPM,cavedave
cavedave,DaPM
DaPM,cavedave
cavedave,DaPM
DaPM,cavedave
cyborg_selkie,cavedave
cavedave,LucasMembrane
