source,sink
SarahC,cavedave
cavedave,SarahC
SarahC,cavedave
cavedave,hollimer
superjerk,cavedave
cavedave,flamingspinach_
flamingspinach_,cavedave
cavedave,prince_nerd
cavedave,palsword
cavedave,rmc
rmc,cavedave
cavedave,fbahr
cavedave,Sailer
cavedave,kittykatkillkill
cavedave,senanc
cavedave,LordBufo
LordBufo,cavedave
cavedave,LordBufo
LordBufo,cavedave
Sailer,cavedave
kittykatkillkill,cavedave
cavedave,Resident_Geek
cavedave,rross
rross,cavedave
cavedave,rross
doctechnical,cavedave
cavedave,doctechnical
doctechnical,cavedave
VerticalEvent,cavedave
cavedave,VerticalEvent
cavedave,doctechnical
sausagefeet,cavedave
osushkov,cavedave
JL235,cavedave
baudehlo,cavedave
cavedave,sausagefeet
cavedave,osushkov
cavedave,JL235
cavedave,baudehlo
cavedave,ketralnis
