source,sink
ropers,cavedave
cavedave,ropers
sn00ter,cavedave
cavedave,sn00ter
JakeyG,cavedave
smellycoat,cavedave
Rookeh,cavedave
Choo41,cavedave
ciaran036,cavedave
Ivashkin,cavedave
absw,cavedave
cavedave,absw
cavedave,PaTrickster
cavedave,mooglor
mooglor,cavedave
cavedave,mooglor
mooglor,cavedave
cavedave,mooglor
mooglor,cavedave
cavedave,temujin64
dermballs,cavedave
cavedave,allaboutthebernankes
dusk99,cavedave
cavedave,rross
cavedave,yesmanapple
Rory_The_Faggot,cavedave
captainLAGER,cavedave
Megatron_McLargeHuge,cavedave
root45,cavedave
cavedave,Rory_The_Faggot
cavedave,root45
Rory_The_Faggot,cavedave
cavedave,yacoob
yacoob,cavedave
cavedave,yacoob
RabidRaccoon,cavedave
Aardshark,cavedave
testrail,cavedave
cavedave,pseudosciencepeddler
cavedave,Stoodius
cavedave,midnight_jester
midnight_jester,cavedave
cavedave,midnight_jester
midnight_jester,cavedave
cavedave,bobsleigh
cavedave,azth
cavedave,gonsalu
cavedave,alanpost
alanpost,cavedave
sirphilip,cavedave
cavedave,alanpost
Mozzananasom,cavedave
cavedave,SLDeviant
cavedave,edward2020
cavedave,fullcirno
cavedave,Sex_E_Searcher
Spazsquatch,cavedave
b0dhi,cavedave
Sex_E_Searcher,cavedave
cavedave,Sex_E_Searcher
mjskay,cavedave
cavedave,mjskay
cavedave,New_wildgoose
DoorsofPerceptron,cavedave
cavedave,DoorsofPerceptron
DoorsofPerceptron,cavedave
cavedave,tef
tef,cavedave
pclogos,cavedave
cavedave,pclogos
cavedave,jeeesus
jeeesus,cavedave
cavedave,jeeesus
jeeesus,cavedave
DaGolfinRapper,cavedave
cavedave,DaGolfinRapper
DaGolfinRapper,cavedave
cavedave,bunburya
cavedave,grauenwolf
grauenwolf,cavedave
cavedave,grauenwolf
cavedave,Dev__
Dev__,cavedave
genpfault,cavedave
cavedave,genpfault
cavedave,ImHalfAwake
ImHalfAwake,cavedave
cavedave,ImHalfAwake
ImHalfAwake,cavedave
NithSahor,cavedave
cavedave,MOE37x3
MOE37x3,cavedave
LWRellim,cavedave
cavedave,LWRellim
