source,sink
irokie,cavedave
dermballs,cavedave
cavedave,dermballs
tarzan156,cavedave
cavedave,tarzan156
Linlea,cavedave
rnz,cavedave
cavedave,christianjb
vonkwink,cavedave
cavedave,vonkwink
cavedave,CD_reflected_rainbow
kingmanic,cavedave
ZBoson,cavedave
CD_reflected_rainbow,cavedave
tarzan156,cavedave
vonkwink,cavedave
ImHalfAwake,cavedave
cavedave,tarzan156
cavedave,beansworth
beansworth,cavedave
cavedave,ethics
cavedave,Lighting
fineprinted,cavedave
cavedave,Quintote
Thwart,cavedave
cavedave,vamediah
vamediah,cavedave
cavedave,vamediah
cavedave,katbah
vamediah,cavedave
kimb00,cavedave
cavedave,kimb00
cavedave,testingapril
cavedave,carnevoodoo
cavedave,darthluke
darthluke,cavedave
propaglandist,cavedave
cavedave,Ciceros_Assassin
cavedave,drunkentune
drunkentune,cavedave
cavedave,drunkentune
drunkentune,cavedave
cavedave,drunkentune
SLDeviant,cavedave
cavedave,SLDeviant
SLDeviant,cavedave
cavedave,blackkettle
cavedave,willis77
willis77,cavedave
cavedave,willis77
pclogos,cavedave
cavedave,SoggyBarSoap
SoggyBarSoap,cavedave
cavedave,flynnski
cavedave,pavel_lishin
cavedave,czernebog
Bjartr,cavedave
Bjartr,cavedave
cavedave,Bjartr
cavedave,Bjartr
Bjartr,cavedave
cavedave,Bjartr
cavedave,Dev__
CaisLaochach,cavedave
cavedave,CaisLaochach
ImHalfAwake,cavedave
cavedave,ImHalfAwake
ImHalfAwake,cavedave
fbahr,cavedave
cavedave,dearsomething
dearsomething,cavedave
GregorMendel,cavedave
AnythingApplied,cavedave
CaisLaochach,cavedave
priegog,cavedave
cavedave,CaisLaochach
cavedave,pclogos
cavedave,ialsolovebees
cavedave,aidanfindlater
cavedave,AnythingApplied
CaisLaochach,cavedave
yul_brynner,cavedave
ialsolovebees,cavedave
cavedave,Dara17
cavedave,Strangering
Strangering,cavedave
cavedave,pinchyfingers
cavedave,BakersDozen
BakersDozen,cavedave
cavedave,BakersDozen
BakersDozen,cavedave
cavedave,BakersDozen
BakersDozen,cavedave
cavedave,AmbitionOfPhilipJFry
middkidd,cavedave
cavedave,middkidd
cavedave,WarPhalange
cavedave,Symbolicact
middkidd,cavedave
AmbitionOfPhilipJFry,cavedave
migueltronix,cavedave
cavedave,shodanx
mfalcon,cavedave
cavedave,mfalcon
mfalcon,cavedave
cavedave,mfalcon
Symbolicact,cavedave
cavedave,xoites
cavedave,Jigsus
Jigsus,cavedave
cavedave,Jigsus
xoites,cavedave
Jigsus,cavedave
cavedave,Jigsus
Jigsus,cavedave
cavedave,iamflatline
portmanteau,cavedave
cavedave,portmanteau
iamflatline,cavedave
cavedave,calp
cavedave,Nick4753
Nick4753,cavedave
cavedave,Nick4753
