source,sink
cavedave,Terrierpike
cavedave,brahlolxoqt
Jazztoken,cavedave
cavedave,Jazztoken
Jazztoken,cavedave
matrix_master,cavedave
cavedave,matrix_master
matrix_master,cavedave
cavedave,Minitell
Minitell,cavedave
SeamusFitz67b,cavedave
cavedave,SeamusFitz67b
SeamusFitz67b,cavedave
cavedave,ClashOfTheAsh
ClashOfTheAsh,cavedave
cavedave,ClashOfTheAsh
ClashOfTheAsh,cavedave
cavedave,tumda
cavedave,unsureguy2015
unsureguy2015,cavedave
cavedave,unsureguy2015
unsureguy2015,cavedave
cavedave,unsureguy2015
cryptopascal,cavedave
cavedave,zonination
cavedave,LagLover
LagLover,cavedave
cavedave,LoveWaffle99
cavedave,-PM_ME_A_SECRET-
cavedave,LagLover
cavedave,Spartyon
LoveWaffle99,cavedave
Spartyon,cavedave
cavedave,Spartyon
colihondro,cavedave
cavedave,colihondro
GlassDarkly,cavedave
cavedave,Dr_PaulProteus
liquidpig,cavedave
cavedave,TheresNoTimeForLight
cavedave,liquidpig
TheresNoTimeForLight,cavedave
shindigg15,cavedave
Docdante,cavedave
cavedave,nidnus
ploki122,cavedave
cavedave,dirtcreature
cavedave,minimaxir
cavedave,Paulphoenix4
Cogswobble,cavedave
TheKingOfMemeCreme,cavedave
TheKingOfMemeCreme,cavedave
cavedave,TheKingOfMemeCreme
TheKingOfMemeCreme,cavedave
cavedave,Cogswobble
noksookao,cavedave
cavedave,TheKingOfMemeCreme
cavedave,bv2020
cavedave,patsguy12
cavedave,Kohato
cavedave,sadop222
mattymck,cavedave
cavedave,ofsinope
cavedave,Tony_Chu
cavedave,mattymck
patsguy12,cavedave
teaqualizer,cavedave
stuffandotherstuff,cavedave
cavedave,wdarea51
mattymck,cavedave
cavedave,wdarea51
cavedave,stuffandotherstuff
cavedave,stuffandotherstuff
cavedave,vexonator
cavedave,Oznog99
cavedave,99PrblemsFupaAintOne
cavedave,lilhousewife
99PrblemsFupaAintOne,cavedave
King_Spike,cavedave
cavedave,King_Spike
cavedave,webbed_feets
cavedave,MarshManOriginal
cavedave,zibabawe
cavedave,PettyThrwAwy_mrkter
cavedave,jdinger29
cavedave,650manny
cavedave,King_Spike
cavedave,99PrblemsFupaAintOne
cavedave,whitehat1300
cavedave,Cogswobble
cavedave,jdoyle87
jdinger29,cavedave
cavedave,Todrick
Nimbacinus,cavedave
bigblackhotdog,cavedave
cavedave,bigblackhotdog
cavedave,CDfm
CDfm,cavedave
cavedave,CDfm
CDfm,cavedave
cavedave,msstark
cavedave,capilot
cavedave,giantspeck
cavedave,DoubleTechnical
cavedave,CptHosh
cavedave,Buck-Nasty
capilot,cavedave
Coffee2theorems,cavedave
Ithm,cavedave
tumda,cavedave
BraveSirRobin,cavedave
millionsofcats,cavedave
cavedave,millionsofcats
florinandrei,cavedave
cavedave,florinandrei
florinandrei,cavedave
rnicoll,cavedave
textrapper,cavedave
cavedave,textrapper
