source,sink
cavedave,keanehoody
F2fanic_The_Great,cavedave
cavedave,Hindumaliman
cavedave,near_and_far
cavedave,grond
cavedave,thedeclineirl
cavedave,zniszczona
cavedave,ravs1973
quatch,cavedave
cavedave,quatch
Offish,cavedave
cavedave,Offish
jmmcd,cavedave
scantics,cavedave
OverlordXenu,cavedave
cavedave,scantics
cavedave,vertr
apezor,cavedave
cavedave,apezor
hesperidia,cavedave
ZackVixACD,cavedave
apezor,cavedave
cavedave,zerocode20
rockets4kids,cavedave
cavedave,rockets4kids
rockets4kids,cavedave
cavedave,rockets4kids
rockets4kids,cavedave
zerocode20,cavedave
cavedave,WildCheese
cavedave,DilatedSphincter
cavedave,zerocode20
AquaticRes,cavedave
cavedave,SearchAtlantis
_Navi_,cavedave
cavedave,_Navi_
SearchAtlantis,cavedave
ferfecksakes,cavedave
cavedave,gwern
gwern,cavedave
rhiever,cavedave
cavedave,rhiever
rhiever,cavedave
greg_barton,cavedave
