source,sink
cavedave,Bolt_Company
cavedave,Damian_Corless
cavedave,lulu1315
cavedave,CDfm
CDfm,cavedave
cavedave,DebtOn
M_Gardiner,cavedave
CDfm,cavedave
cavedave,Laputa86
Damian_Corless,cavedave
CDfm,cavedave
Tech46,cavedave
cavedave,scientific_prodigy12
cavedave,Roxelle247
cavedave,CDfm
findwyer,cavedave
cavedave,sprucetrap87
Roxelle247,cavedave
WaaaLuiigi,cavedave
ZeeSenpai,cavedave
CDfm,cavedave
cavedave,TiochfaidhArGhra
TiochfaidhArGhra,cavedave
cavedave,TiochfaidhArGhra
TiochfaidhArGhra,cavedave
cavedave,Ironstien
cavedave,oldestswingerintown
oldestswingerintown,cavedave
doughishere,cavedave
cavedave,True_Go_Blue
True_Go_Blue,cavedave
cavedave,True_Go_Blue
cavedave,FIERY_BUTTHOLE
Nesaru,cavedave
ReinH,cavedave
cavedave,LockStockAndBarrell
KosmikZA,cavedave
Cheeseand0nions,cavedave
cavedave,Cheeseand0nions
smallblacksun,cavedave
cavedave,smallblacksun
cavedave,iandcorey
smallblacksun,cavedave
cavedave,smallblacksun
iandcorey,cavedave
SeamusHeaneysGhost,cavedave
08TangoDown08,cavedave
cavedave,08TangoDown08
08TangoDown08,cavedave
EIREANNSIAN,cavedave
cavedave,MrMojoRisinx
MrMojoRisinx,cavedave
cavedave,JudithvHolofernes
JudithvHolofernes,cavedave
cavedave,Free_State_Bastard
Free_State_Bastard,cavedave
moogintroll,cavedave
aidrocsid,cavedave
cavedave,aidrocsid
aidrocsid,cavedave
