source,sink
autowikibot,cavedave
Spoonshape,cavedave
cavedave,Spoonshape
Spoonshape,cavedave
cavedave,Spoonshape
cavedave,Jurryaany
harrytrum4n,cavedave
Staxxy,cavedave
Martialis1,cavedave
cavedave,harrytrum4n
cavedave,igouy
harrytrum4n,cavedave
cavedave,harrytrum4n
cavedave,CanuckinDublin
sweetafton,cavedave
cavedave,sweetafton
cavedave,Sambospudz
cavedave,DoremusJessup
cavedave,ramsesniblick3rd
ramsesniblick3rd,cavedave
cavedave,sixwings
sixwings,cavedave
cavedave,sixwings
squareOfTwo,cavedave
zuodun,cavedave
cavedave,sixwings
sixwings,cavedave
cavedave,sixwings
sixwings,cavedave
holomanga,cavedave
cavedave,jambarama
cavedave,greg_barton
cavedave,holomanga
cavedave,skytomorrownow
greg_barton,cavedave
jambarama,cavedave
cavedave,jambarama
jambarama,cavedave
cavedave,debiatan
marshsmellow,cavedave
czi,cavedave
cavedave,czi
cavedave,peon47
peon47,cavedave
cavedave,Spoonshape
cavedave,234dragoman
cavedave,berf
berf,cavedave
cavedave,necrotica
cavedave,Managore
cavedave,EETrainee
cavedave,monkeyfudge
cavedave,NoBeardMarch
ooroo3,cavedave
cavedave,ooroo3
cavedave,LWRellim
ooroo3,cavedave
LWRellim,cavedave
cavedave,ooroo3
cavedave,zuzahin
autowikibot,cavedave
CDfm,cavedave
Disgruntled_Old_Trot,cavedave
misplaced_my_pants,cavedave
zuzahin,cavedave
funderbolt,cavedave
twinbee,cavedave
cavedave,twinbee
cavedave,wintron
zenobase,cavedave
cavedave,zenobase
autowikibot,cavedave
cavedave,Bob_goes_up
Bob_goes_up,cavedave
PeterK2003,cavedave
cavedave,PeterK2003
cavedave,rrawasi
CDfm,cavedave
rrawasi,cavedave
cavedave,fuck_your_theory2
loprian,cavedave
taocpfa,cavedave
cavedave,CaisLaochach
CaisLaochach,cavedave
purifol,cavedave
cavedave,purifol
AnUS-27,cavedave
cavedave,AnUS-27
cavedave,windwrightmage
rightfuture,cavedave
rightfuture,cavedave
cavedave,realoldfatguy
fleshrott,cavedave
Fat_Head_Carl,cavedave
ds_forgood,cavedave
Tadhg,cavedave
cavedave,Tadhg
tperrigo,cavedave
cavedave,tperrigo
tperrigo,cavedave
cavedave,tperrigo
tperrigo,cavedave
cavedave,tperrigo
tperrigo,cavedave
cavedave,superflipcup
timetoskedaddle,cavedave
superflipcup,cavedave
FallingIdiot,cavedave
cavedave,FallingIdiot
uglybunny,cavedave
Dementati,cavedave
Dementati,cavedave
cavedave,DartzIRL
cavedave,deverout
skulgnome,cavedave
cavedave,fleshrott
cavedave,GazVW
cavedave,daveireland
cavedave,shortbaldman
cavedave,bobjohnsonmilw
bobjohnsonmilw,cavedave
SoSoFishy,cavedave
cavedave,SoSoFishy
autowikibot,cavedave
cavedave,RevolutionaryCommie
SoSoFishy,cavedave
cavedave,ackbars_trapped
CDfm,cavedave
cavedave,CDfm
islander21,cavedave
CDfm,cavedave
cavedave,br0_r0gan
