source,sink
checksinthemail,cavedave
cavedave,checksinthemail
cavedave,Whisper
hiffy,cavedave
cavedave,hiffy
cavedave,jmmcd
cavedave,starkinter
cavedave,Xophmeister
cavedave,mstoehr
cavedave,jeff0
cavedave,mbrowne
neuromonkey,cavedave
eviljames,cavedave
schizobullet,cavedave
jeff0,cavedave
Whisper,cavedave
Whisper,cavedave
cavedave,Whisper
cavedave,jeff0
cavedave,wildeye
cavedave,Iznik
sickofthisshit,cavedave
cavedave,Whisper
cavedave,heptadecagram
Eiii333,cavedave
cavedave,Gro-Tsen
Gro-Tsen,cavedave
cavedave,exeter
cavedave,randomb0y
for_no_good_reason,cavedave
cavedave,kolm
randomb0y,cavedave
cavedave,sputz
cavedave,scott1369
zingbat,cavedave
cavedave,RetroRock
RetroRock,cavedave
alphabeat,cavedave
cavedave,acidflask
m1ss1ontomars2k4,cavedave
a1k0n,cavedave
romwell,cavedave
cavedave,romwell
cavedave,godhammre
ayrnieu,cavedave
cavedave,typon
cavedave,hongnanhai
cavedave,nbloomf
pinxox,cavedave
cavedave,alexs
alexs,cavedave
cavedave,alexs
cavedave,treerex
uncreative_name,cavedave
cavedave,greenrd
greenrd,cavedave
cavedave,greenrd
cavedave,nexus2xl
cavedave,dmfdmf
cavedave,veritaze
anoncoward101,cavedave
