source,sink
booman_gains,cavedave
booman_gains,cavedave
booman_gains,cavedave
eamonn33,cavedave
im_fond_of_a_pint,cavedave
cavedave,im_fond_of_a_pint
greasy_minge,cavedave
cavedave,greasy_minge
DassinJoe,cavedave
cavedave,an-t-ol
cavedave,DassinJoe
yaosio,cavedave
cavedave,MechaCoffeeBean
MechaCoffeeBean,cavedave
cavedave,MechaCoffeeBean
Yerwun,cavedave
MechaCoffeeBean,cavedave
cavedave,Yerwun
Yerwun,cavedave
DryShiteDubln,cavedave
cavedave,DryShiteDubln
DryShiteDubln,cavedave
cavedave,DryShiteDubln
DryShiteDubln,cavedave
cavedave,petermal67
petermal67,cavedave
cavedave,petermal67
petermal67,cavedave
cavedave,petermal67
cavedave,heap42
heap42,cavedave
triloknight,cavedave
cavedave,thelastpizzaslice
CapaneusPrime,cavedave
scrappyD00,cavedave
chocotaco1981,cavedave
theonlyonedancing,cavedave
aodhmacsuibhne,cavedave
liontamerhat,cavedave
cavedave,4chan4life
cavedave,TheHamitron
cavedave,Frogmarsh
CDfm,cavedave
cavedave,CDfm
CDfm,cavedave
dwolson,cavedave
cavedave,dwolson
dwolson,cavedave
Gahagan,cavedave
cavedave,Gahagan
cavedave,dwolson
Gahagan,cavedave
cavedave,vznvzn
cavedave,doniem
redzerhedzer,cavedave
cavedave,a254052656
grundo1561,cavedave
