source,sink
cavedave,TheLeftFoot-of-Bobby
cjfynjy,cavedave
cavedave,im_someone
im_someone,cavedave
It_Is1-24PM,cavedave
cavedave,It_Is1-24PM
It_Is1-24PM,cavedave
cavedave,It_Is1-24PM
It_Is1-24PM,cavedave
cavedave,It_Is1-24PM
It_Is1-24PM,cavedave
cavedave,It_Is1-24PM
Chairmanman,cavedave
fixed_that_for_me,cavedave
boostman,cavedave
jeebidy,cavedave
cavedave,fixed_that_for_me
Zooph,cavedave
cavedave,NotARobotSpider
cavedave,Wave_Existence
cavedave,sherekhantwait
Wave_Existence,cavedave
cavedave,kyuubixchidori
nybx4life,cavedave
cavedave,Niall_Faraiste
99proba1,cavedave
FenianOG,cavedave
louiseber,cavedave
cavedave,louiseber
cavedave,sartres-shart
sartres-shart,cavedave
cavedave,sartres-shart
CaisLaochach,cavedave
cavedave,CaisLaochach
sartres-shart,cavedave
cavedave,sartres-shart
CaisLaochach,cavedave
sartres-shart,cavedave
cavedave,sartres-shart
sartres-shart,cavedave
cavedave,CDfm
cavedave,CDfm
CDfm,cavedave
cavedave,CaseMon3y
cavedave,ah_go_on_ya_will
ah_go_on_ya_will,cavedave
cavedave,yayforhavingpotatoes
cavedave,CDfm
MAVERICK910,cavedave
RankInsubordination,cavedave
FyllingenOy,cavedave
Atomskie,cavedave
cavedave,donovan_rossa
donovan_rossa,cavedave
cavedave,donovan_rossa
donovan_rossa,cavedave
TeutorixAleria,cavedave
cavedave,TeutorixAleria
TeutorixAleria,cavedave
cavedave,jonjoe6000
cavedave,Adderkleet
stunt_penguin,cavedave
bawbawbaw1,cavedave
cavedave,InfernalWedgie
cavedave,CaisLaochach
CaisLaochach,cavedave
cavedave,CaisLaochach
CaisLaochach,cavedave
cavedave,CaisLaochach
cavedave,gwern
ChuanFaFist,cavedave
InfernalWedgie,cavedave
cavedave,Faha_P
cavedave,Bristol_scale
Cyc68,cavedave
cavedave,CaisLaochach
cavedave,interfail
cavedave,klausbatb
klausbatb,cavedave
LtLabcoat,cavedave
razzer1987,cavedave
cavedave,InitiumNovum
qrck13,cavedave
mhantain,cavedave
cavedave,mhantain
cavedave,qrck13
qrck13,cavedave
qrck13,cavedave
cavedave,qrck13
qrck13,cavedave
cavedave,qrck13
qrck13,cavedave
