source,sink
cavedave,International_KB
cavedave,DhulKarnain
International_KB,cavedave
cavedave,Emperor_Neuro
Emperor_Neuro,cavedave
autowikibot,cavedave
iliasasdf,cavedave
OccamsBlade013,cavedave
cavedave,OccamsBlade013
skgoa,cavedave
cavedave,marquis_of_chaos
marquis_of_chaos,cavedave
gingerkid1234,cavedave
cavedave,gingerkid1234
cavedave,Nosher
CDfm,cavedave
cavedave,CDfm
robspeaks,cavedave
cavedave,robspeaks
robspeaks,cavedave
CDfm,cavedave
cavedave,TenRobots
Squelcher121,cavedave
cavedave,c-fox
cavedave,btowngar
c-fox,cavedave
cavedave,grodgeandgo
CDfm,cavedave
cavedave,CDfm
CDfm,cavedave
cavedave,CDfm
CDfm,cavedave
mullindoll,cavedave
cavedave,mullindoll
mullindoll,cavedave
dermballs,cavedave
bobarob,cavedave
cavedave,cionn
cavedave,Eoiny
cavedave,CaisLaochach
cavedave,Grogie
Grogie,cavedave
gadiandi3,cavedave
cavedave,gadiandi3
mm2222,cavedave
cavedave,mm2222
contentBat,cavedave
thedboy,cavedave
cavedave,kosmotron
kosmotron,cavedave
ihavenowilly,cavedave
cavedave,ihavenowilly
ihavenowilly,cavedave
cavedave,ihavenowilly
ihavenowilly,cavedave
cavedave,ihavenowilly
Rose_Anne_White,cavedave
Bar50cal,cavedave
MuhammadIsMyMuscle,cavedave
cavedave,sonofol313
aoife_reilly,cavedave
Unlinkedhorizonzero,cavedave
juicewilson,cavedave
Ican-read,cavedave
Anti_Craic,cavedave
cavedave,TheHouyhnhnm
cavedave,cocopopsreddit
cavedave,spermicidal_rampage
TheHouyhnhnm,cavedave
cavedave,TheHouyhnhnm
cocopopsreddit,cavedave
CDfm,cavedave
cavedave,Amadn1995
Amadn1995,cavedave
VinzShandor,cavedave
robspeaks,cavedave
cavedave,robspeaks
cavedave,robspeaks
SerLaron,cavedave
CDfm,cavedave
cavedave,CDfm
CDfm,cavedave
cruiscinlan,cavedave
Bayoris,cavedave
cavedave,Bayoris
killartoaster,cavedave
CDfm,cavedave
cavedave,CDfm
CDfm,cavedave
cavedave,CDfm
CDfm,cavedave
speelingfail,cavedave
cavedave,TashanValiant
rmlrn,cavedave
TashanValiant,cavedave
cavedave,TashanValiant
TashanValiant,cavedave
cavedave,TashanValiant
farsass,cavedave
TashanValiant,cavedave
cavedave,TashanValiant
boxstabber,cavedave
name_was_taken,cavedave
erdocsg,cavedave
ormerods,cavedave
Goobyalus,cavedave
cavedave,Goobyalus
amillionnames,cavedave
mljoe,cavedave
oneAngrySonOfaBitch,cavedave
cavedave,oneAngrySonOfaBitch
cavedave,mljoe
Zidanet,cavedave
cavedave,Zidanet
oneAngrySonOfaBitch,cavedave
laerteis,cavedave
cavedave,laerteis
cavedave,oneAngrySonOfaBitch
Madmaxcomptweezy,cavedave
cavedave,Madmaxcomptweezy
cavedave,petermal67
WHEEEEEEEEEW,cavedave
petermal67,cavedave
kepeca,cavedave
cavedave,kepeca
LoyalToTheGroupOf17,cavedave
cavedave,LoyalToTheGroupOf17
Valfias,cavedave
